Age,TypeofContact,CityTier,DurationOfPitch,Occupation,Gender,NumberOfPersonVisiting,NumberOfFollowups,ProductPitched,PreferredPropertyStar,MaritalStatus,NumberOfTrips,Passport,PitchSatisfactionScore,OwnCar,NumberOfChildrenVisiting,Designation,MonthlyIncome,ProdTaken,predicted_label,prediction_probability,true_label,correct_prediction
31.0,Self Enquiry,1,17.0,Salaried,Male,2,3.0,Basic,3.0,Divorced,4.0,1,3,1,1.0,Executive,17356.0,0,1,0.7274929,0,False
38.0,Self Enquiry,1,18.0,Small Business,Female,4,6.0,Deluxe,4.0,Divorced,7.0,0,4,1,1.0,Manager,23455.0,1,0,0.42363334,1,False
28.0,Self Enquiry,1,13.0,Salaried,Male,3,5.0,Basic,3.0,Divorced,3.0,0,2,1,2.0,Executive,21217.0,0,0,0.047577545,0,True
37.0,Self Enquiry,1,20.0,Salaried,Female,3,3.0,Basic,5.0,Married,2.0,0,4,1,0.0,Executive,18034.0,0,0,0.1723894,0,True
46.0,Self Enquiry,3,27.0,Salaried,Female,3,4.0,Deluxe,3.0,Unmarried,2.0,0,1,1,1.0,Manager,23528.0,0,0,0.022864843,0,True
28.0,Self Enquiry,1,14.0,Salaried,Female,2,4.0,Basic,4.0,Single,2.0,0,4,0,1.0,Executive,17154.0,1,1,0.9113486,1,True
41.0,Company Invited,1,9.0,Small Business,Female,3,2.0,Deluxe,4.0,Divorced,3.0,0,3,0,2.0,Manager,22922.0,0,0,5.666265e-06,0,True
45.0,Self Enquiry,3,8.0,Salaried,Male,3,6.0,Deluxe,4.0,Single,8.0,0,3,0,2.0,Manager,21040.0,1,1,0.9728229,1,True
39.0,Self Enquiry,1,9.0,Small Business,Female,3,5.0,Standard,3.0,Married,5.0,1,5,1,2.0,Senior Manager,26434.0,0,0,0.1056956,0,True
24.0,Self Enquiry,1,13.0,Salaried,Male,4,2.0,Basic,5.0,Married,3.0,1,3,0,1.0,Executive,20279.0,1,1,0.89961994,1,True
48.0,Self Enquiry,3,21.0,Small Business,Male,3,4.0,Deluxe,5.0,Unmarried,4.0,0,2,0,2.0,Manager,23638.0,0,1,0.6491782,0,False
37.0,Company Invited,3,15.0,Small Business,Male,3,3.0,Standard,4.0,Married,2.0,0,1,1,2.0,Senior Manager,23834.0,0,0,0.0035708686,0,True
38.0,Self Enquiry,1,9.0,Free Lancer,Male,4,5.0,Basic,3.0,Single,8.0,1,3,0,1.0,Executive,20768.0,1,1,0.9415542,1,True
31.0,Company Invited,3,11.0,Small Business,Female,2,3.0,Basic,4.0,Married,2.0,0,3,0,0.0,Executive,17789.0,0,0,0.03289089,0,True
33.0,Company Invited,3,6.0,Salaried,Female,2,1.0,Deluxe,5.0,Married,3.0,0,3,0,1.0,Manager,20376.0,0,0,0.0023145739,0,True
43.0,Company Invited,1,36.0,Salaried,Female,4,4.0,Deluxe,3.0,Married,4.0,0,3,1,2.0,Manager,23234.0,0,0,0.016464833,0,True
38.0,Self Enquiry,3,6.0,Salaried,Female,2,4.0,Deluxe,3.0,Unmarried,5.0,0,1,0,1.0,Manager,23686.0,0,0,0.007967775,0,True
48.0,Self Enquiry,1,21.0,Small Business,Female,3,3.0,Standard,3.0,Married,2.0,0,3,0,0.0,Senior Manager,33265.0,1,0,0.0024529693,1,False
44.0,Company Invited,1,23.0,Salaried,Male,3,5.0,Basic,3.0,Single,3.0,0,4,1,0.0,Executive,17290.0,0,0,0.12867345,0,True
47.0,Self Enquiry,1,25.0,Small Business,Female,3,4.0,Deluxe,3.0,Married,4.0,0,5,0,1.0,Manager,23488.0,0,0,0.017102364,0,True
52.0,Self Enquiry,1,16.0,Salaried,Male,4,4.0,Basic,3.0,Married,5.0,0,3,1,1.0,Executive,20753.0,0,0,0.009472295,0,True
60.0,Self Enquiry,3,22.0,Small Business,Male,2,3.0,Deluxe,5.0,Single,1.0,0,4,1,0.0,Manager,20405.0,0,0,0.23503745,0,True
49.0,Self Enquiry,1,13.0,Salaried,Male,2,4.0,Standard,3.0,Unmarried,1.0,0,2,1,1.0,Senior Manager,25965.0,0,0,0.034553822,0,True
30.0,Company Invited,1,15.0,Small Business,Male,3,3.0,Deluxe,5.0,Married,2.0,0,1,1,1.0,Manager,18072.0,0,0,0.0011283448,0,True
47.0,Self Enquiry,1,7.0,Small Business,Male,4,4.0,Standard,5.0,Married,2.0,0,1,0,3.0,Senior Manager,28074.0,0,0,0.0017193618,0,True
34.0,Self Enquiry,3,27.0,Salaried,Male,3,1.0,Deluxe,3.0,Single,2.0,0,3,0,0.0,Manager,20337.0,0,0,0.11067804,0,True
43.0,Company Invited,1,33.0,Small Business,Female,3,4.0,Standard,5.0,Married,5.0,1,3,0,1.0,Senior Manager,31869.0,0,0,0.0033925418,0,True
36.0,Company Invited,1,24.0,Small Business,Female,3,3.0,Basic,3.0,Single,2.0,0,3,1,2.0,Executive,17153.0,0,0,0.046596475,0,True
54.0,Self Enquiry,1,13.0,Salaried,Male,3,4.0,Deluxe,3.0,Single,4.0,0,5,1,1.0,Manager,21128.0,0,0,0.029067103,0,True
43.0,Self Enquiry,1,36.0,Salaried,Male,4,4.0,Deluxe,4.0,Divorced,3.0,0,3,1,2.0,Manager,23112.0,0,0,0.02945958,0,True
34.0,Self Enquiry,1,15.0,Salaried,Male,4,4.0,Deluxe,3.0,Unmarried,4.0,1,3,0,3.0,Manager,25066.0,0,0,0.03758715,0,True
37.0,Company Invited,1,10.0,Large Business,Male,3,4.0,Basic,4.0,Divorced,3.0,0,3,1,2.0,Executive,22370.0,0,0,0.12079692,0,True
33.0,Self Enquiry,1,6.0,Salaried,Male,3,4.0,Basic,5.0,Single,4.0,1,4,1,1.0,Executive,17799.0,0,1,0.919069,0,False
35.0,Self Enquiry,1,15.0,Small Business,Female,4,4.0,Deluxe,3.0,Unmarried,5.0,0,4,0,2.0,Manager,24820.0,0,0,0.0056429924,0,True
32.0,Company Invited,1,30.0,Salaried,Male,3,3.0,Deluxe,3.0,Divorced,2.0,0,4,1,0.0,Manager,20309.0,0,0,0.011475462,0,True
38.0,Self Enquiry,1,7.0,Salaried,Female,4,4.0,Deluxe,4.0,Married,8.0,0,1,1,3.0,Manager,25125.0,0,0,0.0012932275,0,True
44.0,Company Invited,1,34.0,Salaried,Female,3,4.0,Standard,5.0,Divorced,2.0,0,4,0,1.0,Senior Manager,29498.0,0,0,0.026239049,0,True
47.0,Self Enquiry,1,8.0,Small Business,Female,2,3.0,Super Deluxe,3.0,Divorced,4.0,0,5,1,0.0,AVP,32169.0,0,0,2.1466615e-08,0,True
56.0,Self Enquiry,1,13.0,Salaried,Male,2,5.0,Standard,3.0,Unmarried,5.0,0,1,0,0.0,Senior Manager,22260.0,0,0,0.01871128,0,True
44.0,Self Enquiry,1,6.0,Small Business,Male,2,3.0,Basic,3.0,Single,7.0,1,4,0,1.0,Executive,17436.0,0,0,0.28290367,0,True
31.0,Self Enquiry,1,15.0,Salaried,Female,4,2.0,Standard,5.0,Divorced,2.0,1,2,0,3.0,Senior Manager,30094.0,0,0,6.708475e-05,0,True
40.0,Self Enquiry,1,15.0,Salaried,Male,2,3.0,Basic,5.0,Single,4.0,0,1,1,1.0,Executive,17018.0,1,1,0.83674145,1,True
28.0,Self Enquiry,1,14.0,Small Business,Female,3,5.0,Deluxe,5.0,Unmarried,2.0,0,3,1,1.0,Manager,25489.0,0,0,0.08158193,0,True
31.0,Self Enquiry,1,9.0,Salaried,Male,4,4.0,Basic,4.0,Single,3.0,0,3,0,1.0,Executive,30594.0,1,1,0.7579074,1,True
36.0,Self Enquiry,1,16.0,Small Business,Male,3,4.0,Deluxe,3.0,Unmarried,3.0,0,4,0,2.0,Manager,23776.0,0,0,0.028855875,0,True
53.0,Self Enquiry,1,10.0,Small Business,Male,3,5.0,Standard,3.0,Married,4.0,1,1,1,1.0,Senior Manager,26647.0,0,0,0.0065554935,0,True
45.0,Self Enquiry,1,10.0,Salaried,Male,3,4.0,Basic,5.0,Divorced,6.0,0,5,1,2.0,Executive,21040.0,1,1,0.5059883,1,True
32.0,Self Enquiry,3,13.0,Salaried,Male,3,4.0,Deluxe,3.0,Divorced,2.0,0,3,1,2.0,Manager,20484.0,0,0,0.017929329,0,True
45.0,Self Enquiry,1,8.0,Salaried,Female,2,4.0,Deluxe,3.0,Married,2.0,0,4,1,1.0,Manager,20770.0,0,0,0.0017368445,0,True
38.0,Self Enquiry,2,6.0,Salaried,Male,2,1.0,Basic,3.0,Divorced,2.0,0,4,1,0.0,Executive,17844.0,0,0,0.0020668902,0,True
55.0,Self Enquiry,1,26.0,Large Business,Male,2,3.0,Deluxe,3.0,Married,4.0,1,1,0,0.0,Manager,20415.0,0,0,0.0023890715,0,True
35.0,Company Invited,1,9.0,Salaried,Male,2,4.0,Basic,3.0,Divorced,2.0,0,2,1,1.0,Executive,16281.0,0,0,0.016298298,0,True
27.0,Self Enquiry,3,16.0,Small Business,Female,3,4.0,Deluxe,3.0,Divorced,2.0,1,3,1,2.0,Manager,20769.0,0,0,0.45528004,0,True
30.0,Company Invited,1,21.0,Salaried,Female,3,4.0,Standard,3.0,Unmarried,2.0,1,5,1,1.0,Senior Manager,26231.0,1,1,0.9328414,1,True
59.0,Company Invited,2,8.0,Salaried,Female,2,4.0,King,3.0,Divorced,1.0,0,2,1,1.0,VP,33844.0,0,0,5.6573294e-06,0,True
35.0,Self Enquiry,1,9.0,Small Business,Female,3,5.0,Basic,5.0,Unmarried,3.0,0,2,1,2.0,Executive,23059.0,0,0,0.2437897,0,True
29.0,Self Enquiry,1,26.0,Small Business,Male,4,5.0,Basic,5.0,Divorced,3.0,0,3,1,3.0,Executive,21874.0,0,0,0.2914473,0,True
41.0,Self Enquiry,1,7.0,Salaried,Male,3,4.0,Basic,3.0,Married,2.0,0,1,0,1.0,Executive,21084.0,0,0,0.0039958674,0,True
29.0,Company Invited,1,7.0,Small Business,Male,3,5.0,Basic,4.0,Married,3.0,0,4,1,1.0,Executive,21274.0,1,1,0.9096712,1,True
46.0,Self Enquiry,3,8.0,Large Business,Female,3,5.0,Super Deluxe,4.0,Married,4.0,1,5,1,0.0,AVP,31872.0,0,0,0.0012227806,0,True
37.0,Self Enquiry,1,6.0,Salaried,Female,2,3.0,Basic,3.0,Single,2.0,0,1,1,0.0,Executive,17115.0,0,0,0.012461236,0,True
28.0,Self Enquiry,1,24.0,Salaried,Female,3,4.0,Basic,3.0,Single,3.0,1,5,1,1.0,Executive,21072.0,1,1,0.91237473,1,True
25.0,Self Enquiry,1,9.0,Salaried,Male,2,3.0,Basic,5.0,Married,5.0,0,5,1,0.0,Executive,16118.0,1,1,0.6625911,1,True
21.0,Company Invited,1,13.0,Salaried,Female,4,5.0,Basic,3.0,Unmarried,3.0,1,1,0,1.0,Executive,21604.0,1,1,0.9375341,1,True
37.0,Self Enquiry,1,6.0,Large Business,Female,2,3.0,Standard,3.0,Unmarried,5.0,0,5,1,1.0,Senior Manager,22491.0,0,0,0.0015583026,0,True
35.0,Company Invited,3,11.0,Small Business,Female,4,4.0,Deluxe,3.0,Married,2.0,0,1,0,1.0,Manager,25216.0,0,0,6.0999896e-06,0,True
45.0,Self Enquiry,1,7.0,Small Business,Male,3,4.0,Basic,3.0,Single,8.0,1,4,0,2.0,Executive,21114.0,0,0,0.4283926,0,True
38.0,Self Enquiry,3,15.0,Small Business,Male,3,4.0,Basic,4.0,Married,1.0,0,4,0,2.0,Executive,17899.0,0,0,0.078821816,0,True
34.0,Self Enquiry,2,9.0,Salaried,Male,3,4.0,Basic,3.0,Divorced,3.0,0,2,0,1.0,Executive,22278.0,0,0,0.008397535,0,True
30.0,Self Enquiry,1,7.0,Large Business,Male,3,4.0,Basic,3.0,Single,2.0,0,2,0,1.0,Executive,20736.0,1,1,0.88217187,1,True
40.0,Company Invited,1,29.0,Small Business,Female,3,4.0,Standard,5.0,Single,3.0,1,5,1,1.0,Senior Manager,29558.0,0,0,0.43293574,0,True
61.0,Self Enquiry,3,23.0,Small Business,Male,3,4.0,Deluxe,5.0,Unmarried,2.0,0,4,1,2.0,Manager,24083.0,0,0,0.14393333,0,True
37.0,Company Invited,1,18.0,Salaried,Male,4,5.0,Deluxe,4.0,Unmarried,3.0,0,4,1,2.0,Manager,25177.0,0,0,0.04324392,0,True
31.0,Self Enquiry,1,31.0,Salaried,Male,4,4.0,Basic,3.0,Married,3.0,0,2,0,2.0,Executive,21371.0,0,0,0.016212268,0,True
36.0,Self Enquiry,1,6.0,Salaried,Female,2,3.0,Deluxe,4.0,Married,1.0,0,5,1,1.0,Manager,20228.0,0,0,0.003980465,0,True
36.0,Self Enquiry,3,9.0,Salaried,Male,2,4.0,Standard,3.0,Married,2.0,1,1,1,0.0,Senior Manager,25325.0,1,1,0.9554436,1,True
38.0,Self Enquiry,2,13.0,Salaried,Male,4,4.0,Basic,5.0,Married,6.0,1,1,0,3.0,Executive,20751.0,1,1,0.95530564,1,True
34.0,Self Enquiry,3,16.0,Small Business,Female,4,4.0,Deluxe,5.0,Unmarried,2.0,1,3,0,1.0,Manager,26902.0,1,1,0.98201656,1,True
38.0,Self Enquiry,1,17.0,Salaried,Female,3,4.0,Basic,5.0,Married,2.0,1,3,1,2.0,Executive,21460.0,0,1,0.72597325,0,False
21.0,Company Invited,3,15.0,Small Business,Male,2,3.0,Basic,3.0,Single,2.0,0,4,0,0.0,Executive,17610.0,0,1,0.8125132,0,False
50.0,Self Enquiry,1,12.0,Large Business,Male,4,4.0,Deluxe,3.0,Divorced,4.0,0,3,0,1.0,Manager,25329.0,0,0,0.23633152,0,True
41.0,Self Enquiry,3,23.0,Small Business,Male,4,4.0,Standard,3.0,Married,4.0,0,5,0,2.0,Senior Manager,22222.0,1,0,0.16554092,1,False
37.0,Self Enquiry,1,8.0,Free Lancer,Male,3,4.0,Basic,3.0,Single,7.0,1,3,0,0.0,Executive,17090.0,1,1,0.8820855,1,True
24.0,Self Enquiry,1,15.0,Small Business,Male,4,5.0,Basic,3.0,Unmarried,3.0,1,4,1,3.0,Executive,22667.0,1,1,0.93681985,1,True
41.0,Self Enquiry,1,15.0,Salaried,Male,3,3.0,Basic,5.0,Married,3.0,0,1,0,0.0,Executive,17238.0,0,0,0.08616324,0,True
59.0,Self Enquiry,1,24.0,Small Business,Male,3,3.0,Standard,3.0,Unmarried,7.0,0,3,1,1.0,Senior Manager,25512.0,0,0,0.05784762,0,True
37.0,Self Enquiry,1,14.0,Salaried,Male,4,4.0,Basic,3.0,Unmarried,4.0,0,3,0,3.0,Executive,23356.0,0,0,0.014273906,0,True
41.0,Company Invited,1,11.0,Salaried,Male,3,4.0,Basic,5.0,Married,7.0,0,3,1,0.0,Executive,17107.0,1,0,0.25046515,1,False
42.0,Self Enquiry,1,8.0,Salaried,Male,3,4.0,Deluxe,3.0,Unmarried,4.0,0,2,0,1.0,Manager,21781.0,0,0,0.007418349,0,True
26.0,Self Enquiry,3,11.0,Salaried,Female,4,5.0,Deluxe,3.0,Unmarried,3.0,1,1,0,3.0,Manager,23165.0,0,0,0.18017381,0,True
44.0,Self Enquiry,3,9.0,Small Business,Male,4,4.0,Deluxe,3.0,Married,3.0,1,3,0,1.0,Manager,26525.0,0,0,0.028039752,0,True
37.0,Self Enquiry,1,9.0,Small Business,Male,4,4.0,Basic,3.0,Single,6.0,0,5,1,2.0,Executive,21197.0,0,0,0.11383439,0,True
29.0,Company Invited,1,13.0,Salaried,Male,3,5.0,Basic,3.0,Married,3.0,1,4,1,1.0,Executive,21381.0,0,1,0.83621,0,False
40.0,Self Enquiry,3,10.0,Small Business,Male,3,4.0,Standard,3.0,Divorced,1.0,0,2,1,0.0,Senior Manager,25855.0,0,0,0.08053692,0,True
29.0,Self Enquiry,3,16.0,Small Business,Male,2,3.0,Basic,4.0,Married,2.0,0,2,0,1.0,Executive,17297.0,0,0,0.096372664,0,True
48.0,Self Enquiry,1,16.0,Salaried,Female,4,4.0,Basic,3.0,Single,6.0,0,3,1,1.0,Executive,20783.0,0,0,0.023823759,0,True
50.0,Self Enquiry,3,6.0,Small Business,Female,3,3.0,King,3.0,Married,4.0,0,1,1,0.0,VP,34517.0,0,0,1.4243061e-07,0,True
32.0,Company Invited,1,7.0,Salaried,Female,4,4.0,Deluxe,5.0,Married,3.0,0,5,1,1.0,Manager,22826.0,0,0,0.004144583,0,True
34.0,Company Invited,3,14.0,Small Business,Male,3,4.0,Deluxe,5.0,Divorced,2.0,0,3,0,1.0,Manager,23051.0,0,0,0.00847066,0,True
39.0,Company Invited,3,17.0,Large Business,Female,3,4.0,Deluxe,3.0,Unmarried,3.0,1,3,1,1.0,Manager,24344.0,0,0,0.09924434,0,True
23.0,Self Enquiry,1,6.0,Salaried,Male,2,3.0,Basic,3.0,Divorced,2.0,0,4,0,1.0,Executive,16223.0,0,0,0.015282485,0,True
24.0,Self Enquiry,1,23.0,Salaried,Female,3,3.0,Basic,4.0,Divorced,2.0,0,2,0,1.0,Executive,17210.0,1,1,0.61598074,1,True
42.0,Self Enquiry,1,6.0,Salaried,Female,2,4.0,Deluxe,3.0,Divorced,1.0,1,3,0,1.0,Manager,21062.0,0,0,0.0020143883,0,True
34.0,Self Enquiry,1,8.0,Salaried,Male,3,4.0,Basic,3.0,Married,4.0,0,5,1,0.0,Executive,17768.0,0,0,0.013042315,0,True
33.0,Self Enquiry,1,9.0,Salaried,Male,4,4.0,Basic,4.0,Single,3.0,0,3,1,2.0,Executive,20071.0,1,1,0.522591,1,True
45.0,Self Enquiry,1,6.0,Salaried,Male,3,1.0,King,3.0,Married,1.0,0,4,1,1.0,VP,34202.0,0,0,8.439752e-06,0,True
43.0,Self Enquiry,1,16.0,Salaried,Male,4,5.0,King,3.0,Single,2.0,0,1,1,2.0,VP,38291.0,0,0,0.0033071467,0,True
54.0,Self Enquiry,3,9.0,Small Business,Female,2,3.0,Deluxe,5.0,Married,3.0,0,4,1,0.0,Manager,20940.0,0,0,0.01483073,0,True
35.0,Self Enquiry,3,6.0,Small Business,Male,3,3.0,Standard,4.0,Divorced,2.0,0,4,1,2.0,Senior Manager,22295.0,0,0,0.019185204,0,True
40.0,Self Enquiry,3,8.0,Salaried,Female,3,3.0,King,3.0,Divorced,1.0,0,3,0,0.0,VP,33041.0,0,0,4.293953e-06,0,True
28.0,Self Enquiry,3,9.0,Small Business,Female,3,3.0,Basic,4.0,Married,2.0,0,1,1,0.0,Executive,17856.0,0,0,0.009641058,0,True
34.0,Self Enquiry,1,6.0,Salaried,Male,2,3.0,Basic,3.0,Married,2.0,0,3,1,1.0,Executive,17691.0,0,0,0.013519614,0,True
53.0,Self Enquiry,3,30.0,Salaried,Male,3,3.0,Standard,5.0,Unmarried,7.0,1,3,1,2.0,Senior Manager,25448.0,1,0,0.15871432,1,False
23.0,Self Enquiry,1,32.0,Salaried,Male,2,3.0,Basic,3.0,Married,2.0,0,1,0,1.0,Executive,17904.0,0,0,0.07861195,0,True
51.0,Self Enquiry,1,17.0,Large Business,Male,4,5.0,Standard,3.0,Single,8.0,0,5,1,2.0,Senior Manager,29174.0,0,0,0.15750208,0,True
41.0,Self Enquiry,1,25.0,Salaried,Male,2,3.0,Deluxe,5.0,Married,3.0,0,1,0,0.0,Manager,18072.0,0,0,0.118998006,0,True
39.0,Self Enquiry,2,8.0,Salaried,Female,2,4.0,Deluxe,3.0,Married,1.0,0,3,1,0.0,Manager,20204.0,0,0,0.0033344084,0,True
47.0,Self Enquiry,1,8.0,Small Business,Female,3,3.0,Deluxe,3.0,Married,6.0,0,1,0,0.0,Manager,20070.0,0,0,1.2463482e-05,0,True
30.0,Self Enquiry,1,34.0,Small Business,Female,4,4.0,Deluxe,3.0,Divorced,6.0,0,2,1,1.0,Manager,23013.0,0,0,0.00830652,0,True
55.0,Company Invited,1,8.0,Salaried,Female,3,4.0,Standard,3.0,Married,2.0,0,5,0,2.0,Senior Manager,29180.0,0,0,0.007864389,0,True
38.0,Self Enquiry,3,9.0,Salaried,Male,2,3.0,Deluxe,3.0,Unmarried,1.0,1,3,1,1.0,Manager,21861.0,0,0,0.32861334,0,True
43.0,Self Enquiry,3,11.0,Small Business,Male,3,4.0,Deluxe,5.0,Unmarried,2.0,0,5,1,1.0,Manager,23833.0,0,0,0.1692848,0,True
27.0,Company Invited,2,28.0,Salaried,Female,2,4.0,Basic,4.0,Married,2.0,0,1,1,0.0,Executive,17863.0,1,1,0.8660077,1,True
33.0,Self Enquiry,3,17.0,Small Business,Male,3,4.0,Deluxe,3.0,Unmarried,3.0,0,4,1,2.0,Manager,24074.0,0,0,0.054089896,0,True
41.0,Company Invited,1,33.0,Small Business,Female,4,5.0,Deluxe,3.0,Married,5.0,1,1,0,2.0,Manager,23100.0,0,0,0.00017268295,0,True
60.0,Company Invited,1,21.0,Salaried,Female,3,4.0,Standard,3.0,Single,2.0,1,5,1,1.0,Senior Manager,29190.0,1,1,0.97932225,1,True
27.0,Self Enquiry,1,31.0,Large Business,Male,4,6.0,Basic,3.0,Single,3.0,1,3,0,2.0,Executive,21018.0,1,1,0.99538225,1,True
33.0,Company Invited,3,15.0,Small Business,Female,3,4.0,Standard,3.0,Unmarried,3.0,0,4,1,2.0,Senior Manager,27676.0,0,0,0.085903704,0,True
40.0,Company Invited,3,30.0,Salaried,Female,3,1.0,Super Deluxe,4.0,Unmarried,5.0,1,3,1,0.0,AVP,28194.0,1,1,0.9899857,1,True
26.0,Company Invited,1,9.0,Large Business,Male,3,3.0,Basic,5.0,Single,1.0,0,3,0,2.0,Executive,18102.0,1,1,0.8071496,1,True
42.0,Self Enquiry,1,15.0,Salaried,Male,3,4.0,King,3.0,Single,1.0,0,1,1,1.0,VP,34613.0,0,0,0.0027168316,0,True
25.0,Company Invited,1,11.0,Salaried,Male,3,5.0,Basic,3.0,Married,2.0,0,3,0,2.0,Executive,21840.0,0,0,0.028082376,0,True
33.0,Self Enquiry,3,15.0,Small Business,Female,3,3.0,Deluxe,5.0,Unmarried,1.0,1,3,0,0.0,Manager,23224.0,1,1,0.976771,1,True
38.0,Self Enquiry,1,26.0,Salaried,Male,3,4.0,Deluxe,3.0,Married,5.0,0,1,0,1.0,Manager,24446.0,0,0,0.007228815,0,True
55.0,Self Enquiry,2,26.0,Small Business,Male,3,4.0,Standard,4.0,Married,4.0,0,3,1,2.0,Senior Manager,29403.0,0,0,0.15849617,0,True
24.0,Company Invited,3,16.0,Small Business,Male,3,4.0,Basic,5.0,Married,3.0,0,5,1,1.0,Executive,20468.0,1,1,0.99451256,1,True
34.0,Self Enquiry,1,11.0,Small Business,Female,2,4.0,Standard,5.0,Unmarried,3.0,0,2,0,0.0,Senior Manager,26631.0,0,0,0.005292309,0,True
29.0,Company Invited,2,7.0,Salaried,Male,3,4.0,Basic,3.0,Married,3.0,0,4,0,2.0,Executive,21384.0,0,0,0.013754955,0,True
41.0,Self Enquiry,1,15.0,Salaried,Female,4,4.0,Deluxe,5.0,Married,4.0,1,1,0,1.0,Manager,25194.0,0,0,0.0006083597,0,True
32.0,Company Invited,1,19.0,Salaried,Female,3,4.0,Basic,4.0,Divorced,2.0,0,5,0,0.0,Executive,17743.0,0,0,0.09012228,0,True
45.0,Self Enquiry,3,35.0,Small Business,Female,3,2.0,Super Deluxe,3.0,Married,5.0,1,1,1,1.0,AVP,31998.0,0,0,6.8304216e-05,0,True
35.0,Self Enquiry,3,21.0,Large Business,Female,3,4.0,Basic,3.0,Married,3.0,1,5,1,1.0,Executive,21257.0,0,1,0.7283398,0,False
40.0,Company Invited,1,29.0,Small Business,Female,3,4.0,Standard,5.0,Single,3.0,1,5,1,2.0,Senior Manager,29558.0,0,0,0.38288403,0,True
51.0,Self Enquiry,1,13.0,Small Business,Male,2,4.0,Deluxe,3.0,Divorced,3.0,0,3,1,1.0,Manager,21132.0,0,0,0.15862238,0,True
39.0,Self Enquiry,1,6.0,Small Business,Female,3,3.0,Basic,3.0,Married,1.0,0,3,1,0.0,Executive,17232.0,0,0,0.0010026571,0,True
19.0,Self Enquiry,3,28.0,Small Business,Male,2,3.0,Basic,3.0,Single,2.0,1,2,0,1.0,Executive,16675.0,1,1,0.9975146,1,True
39.0,Company Invited,3,17.0,Large Business,Female,3,4.0,Deluxe,3.0,Unmarried,3.0,1,3,0,2.0,Manager,24344.0,0,0,0.06869196,0,True
37.0,Self Enquiry,1,14.0,Salaried,Male,4,4.0,Basic,3.0,Unmarried,4.0,0,3,1,3.0,Executive,23356.0,0,0,0.08852623,0,True
42.0,Self Enquiry,3,18.0,Small Business,Male,3,3.0,Deluxe,3.0,Married,4.0,1,1,0,0.0,Manager,20087.0,0,0,0.14694221,0,True
30.0,Self Enquiry,3,17.0,Salaried,Male,3,4.0,Basic,3.0,Unmarried,3.0,0,4,0,1.0,Executive,21320.0,0,0,0.33066154,0,True
44.0,Company Invited,1,35.0,Small Business,Female,4,2.0,Basic,3.0,Unmarried,6.0,0,3,0,3.0,Executive,23417.0,0,0,0.0017510072,0,True
45.0,Self Enquiry,1,34.0,Large Business,Female,2,4.0,Super Deluxe,4.0,Single,2.0,0,3,1,0.0,AVP,31704.0,0,0,2.2475997e-05,0,True
36.0,Self Enquiry,1,32.0,Large Business,Male,4,5.0,Standard,4.0,Married,5.0,0,3,1,2.0,Senior Manager,29581.0,0,0,0.01903762,0,True
36.0,Self Enquiry,1,29.0,Salaried,Male,3,6.0,Basic,3.0,Unmarried,2.0,0,4,1,1.0,Executive,22908.0,0,0,0.12182969,0,True
33.0,Self Enquiry,1,10.0,Small Business,Female,4,4.0,Deluxe,5.0,Married,3.0,0,1,1,1.0,Manager,25403.0,0,0,0.00021604144,0,True
39.0,Self Enquiry,1,17.0,Small Business,Female,3,6.0,Standard,3.0,Married,5.0,0,1,1,2.0,Senior Manager,31884.0,0,0,0.001886798,0,True
44.0,Company Invited,1,16.0,Small Business,Male,4,4.0,Deluxe,3.0,Married,5.0,1,3,1,3.0,Manager,24357.0,0,0,0.042244,0,True
36.0,Company Invited,1,24.0,Salaried,Male,3,3.0,Deluxe,3.0,Unmarried,3.0,0,3,0,1.0,Manager,22779.0,0,0,0.008439909,0,True
20.0,Self Enquiry,1,16.0,Salaried,Male,3,4.0,Basic,5.0,Single,3.0,0,3,0,2.0,Executive,21230.0,0,1,0.6687871,0,False
46.0,Self Enquiry,1,14.0,Small Business,Female,3,4.0,Basic,3.0,Married,6.0,1,3,0,2.0,Executive,23155.0,0,0,0.01867336,0,True
55.0,Self Enquiry,1,14.0,Small Business,Female,2,3.0,Super Deluxe,3.0,Married,3.0,1,3,1,1.0,AVP,29756.0,0,0,8.358469e-08,0,True
35.0,Company Invited,1,33.0,Large Business,Female,4,5.0,Basic,3.0,Married,3.0,0,1,1,1.0,Executive,20707.0,0,0,0.05013277,0,True
32.0,Self Enquiry,1,15.0,Salaried,Female,4,4.0,Deluxe,3.0,Unmarried,3.0,0,5,0,2.0,Manager,23102.0,0,0,0.013993544,0,True
41.0,Company Invited,3,16.0,Salaried,Male,2,3.0,Deluxe,3.0,Single,1.0,0,2,0,1.0,Manager,21230.0,0,0,0.12750204,0,True
38.0,Self Enquiry,3,13.0,Small Business,Male,4,4.0,Deluxe,3.0,Divorced,6.0,0,3,0,1.0,Manager,25180.0,0,0,0.0037434443,0,True
35.0,Company Invited,3,30.0,Small Business,Male,4,4.0,Deluxe,3.0,Unmarried,2.0,0,5,0,2.0,Manager,23246.0,0,0,0.100129694,0,True
37.0,Self Enquiry,1,13.0,Salaried,Male,3,4.0,Basic,3.0,Married,2.0,0,5,1,2.0,Executive,21888.0,0,0,0.012034804,0,True
25.0,Self Enquiry,1,13.0,Small Business,Male,3,4.0,Basic,3.0,Married,2.0,0,1,0,2.0,Executive,17889.0,0,0,0.002341283,0,True
32.0,Self Enquiry,3,14.0,Large Business,Female,3,4.0,Deluxe,4.0,Divorced,2.0,1,2,1,0.0,Manager,20228.0,0,0,0.01366916,0,True
36.0,Self Enquiry,1,30.0,Small Business,Male,4,6.0,Basic,3.0,Married,2.0,0,1,1,1.0,Executive,21383.0,0,0,0.05977401,0,True
24.0,Company Invited,2,16.0,Small Business,Male,2,3.0,Basic,3.0,Married,1.0,0,4,1,1.0,Executive,17145.0,0,1,0.736061,0,False
26.0,Self Enquiry,3,26.0,Small Business,Male,3,5.0,Basic,4.0,Divorced,3.0,1,2,0,1.0,Executive,21091.0,1,1,0.9986206,1,True
49.0,Self Enquiry,1,26.0,Small Business,Female,3,3.0,Deluxe,5.0,Divorced,2.0,0,2,1,2.0,Manager,21567.0,0,0,0.012063004,0,True
47.0,Self Enquiry,1,10.0,Salaried,Female,3,4.0,Standard,4.0,Married,1.0,1,4,1,2.0,Senior Manager,25333.0,0,0,0.10943008,0,True
41.0,Company Invited,1,16.0,Salaried,Male,3,4.0,Super Deluxe,5.0,Married,5.0,0,1,1,0.0,AVP,32181.0,0,0,1.0153734e-05,0,True
25.0,Company Invited,1,8.0,Salaried,Male,3,1.0,Deluxe,3.0,Married,2.0,0,1,0,1.0,Manager,20206.0,0,0,0.00010916152,0,True
34.0,Company Invited,1,22.0,Salaried,Female,3,4.0,Basic,3.0,Single,2.0,0,5,1,2.0,Executive,17553.0,0,0,0.29910955,0,True
40.0,Self Enquiry,1,6.0,Salaried,Male,2,3.0,Basic,4.0,Divorced,4.0,0,1,1,1.0,Executive,17387.0,0,0,0.0143037,0,True
22.0,Self Enquiry,1,25.0,Small Business,Male,3,3.0,Basic,3.0,Divorced,2.0,0,2,0,1.0,Executive,17323.0,0,0,0.0038954257,0,True
31.0,Self Enquiry,1,17.0,Small Business,Male,3,3.0,Deluxe,5.0,Divorced,2.0,1,2,0,2.0,Manager,21833.0,0,0,0.010611198,0,True
36.0,Self Enquiry,1,15.0,Salaried,Male,3,2.0,Basic,3.0,Married,3.0,0,5,1,2.0,Executive,20947.0,0,0,0.0035999527,0,True
38.0,Self Enquiry,1,8.0,Small Business,Male,3,3.0,Basic,3.0,Married,7.0,1,4,0,2.0,Executive,18057.0,0,0,0.12617485,0,True
45.0,Self Enquiry,1,17.0,Salaried,Male,3,4.0,Deluxe,3.0,Married,4.0,1,3,0,2.0,Manager,25143.0,0,0,0.006817812,0,True
37.0,Self Enquiry,1,10.0,Salaried,Male,4,2.0,Deluxe,5.0,Married,8.0,0,1,1,3.0,Manager,25520.0,0,0,0.01944174,0,True
25.0,Self Enquiry,3,11.0,Small Business,Male,2,4.0,Deluxe,3.0,Single,2.0,1,3,1,0.0,Manager,20744.0,1,1,0.97084564,1,True
32.0,Company Invited,3,8.0,Salaried,Female,3,3.0,Basic,5.0,Married,2.0,0,3,1,0.0,Executive,17827.0,0,0,0.055916913,0,True
27.0,Self Enquiry,1,12.0,Small Business,Female,3,4.0,Basic,3.0,Married,1.0,0,2,1,1.0,Executive,17187.0,0,0,0.0096559925,0,True
42.0,Self Enquiry,3,11.0,Small Business,Male,2,3.0,King,3.0,Divorced,7.0,0,4,0,1.0,VP,33303.0,0,0,2.8333041e-05,0,True
44.0,Self Enquiry,1,34.0,Salaried,Male,2,3.0,Super Deluxe,5.0,Divorced,4.0,0,1,1,0.0,AVP,31328.0,0,0,3.5230564e-06,0,True
39.0,Company Invited,1,36.0,Salaried,Female,3,4.0,Deluxe,3.0,Single,3.0,0,3,1,1.0,Manager,21084.0,0,0,0.00483746,0,True
35.0,Self Enquiry,1,6.0,Small Business,Male,2,4.0,Basic,3.0,Married,7.0,0,1,1,1.0,Executive,17258.0,0,0,0.0033950743,0,True
48.0,Company Invited,1,23.0,Small Business,Male,4,2.0,Deluxe,3.0,Married,3.0,1,2,0,1.0,Manager,23745.0,0,0,0.0017952786,0,True
37.0,Self Enquiry,3,9.0,Salaried,Male,4,4.0,Basic,3.0,Unmarried,5.0,1,3,0,1.0,Executive,21322.0,0,1,0.75626445,0,False
28.0,Self Enquiry,1,15.0,Small Business,Male,3,3.0,Basic,3.0,Married,2.0,0,1,1,0.0,Executive,17070.0,0,0,0.006165003,0,True
41.0,Self Enquiry,1,9.0,Small Business,Female,4,4.0,Basic,3.0,Married,4.0,0,1,1,2.0,Executive,20679.0,0,0,0.0001884575,0,True
29.0,Self Enquiry,1,21.0,Salaried,Female,3,5.0,Basic,3.0,Married,1.0,1,5,1,1.0,Executive,17168.0,0,1,0.66926575,0,False
37.0,Company Invited,1,15.0,Small Business,Male,2,3.0,Basic,3.0,Married,2.0,1,1,0,1.0,Executive,17326.0,0,0,0.022536598,0,True
31.0,Self Enquiry,1,13.0,Small Business,Female,2,3.0,Standard,3.0,Unmarried,2.0,1,4,1,1.0,Senior Manager,22143.0,0,0,0.12511294,0,True
27.0,Self Enquiry,1,23.0,Small Business,Male,3,4.0,Basic,4.0,Married,4.0,1,1,1,1.0,Executive,21051.0,1,1,0.9957636,1,True
50.0,Self Enquiry,1,15.0,Salaried,Female,3,4.0,Standard,4.0,Married,6.0,0,4,0,2.0,Senior Manager,26081.0,0,0,0.011711349,0,True
50.0,Company Invited,3,6.0,Salaried,Female,3,3.0,Deluxe,3.0,Married,1.0,0,1,0,1.0,Manager,21347.0,0,0,0.00022433487,0,True
35.0,Company Invited,1,7.0,Salaried,Male,4,4.0,Basic,5.0,Married,7.0,0,1,1,3.0,Executive,21674.0,0,0,0.1329716,0,True
37.0,Self Enquiry,1,9.0,Salaried,Female,4,4.0,Basic,3.0,Married,6.0,0,5,1,1.0,Executive,21221.0,0,0,0.0034555737,0,True
31.0,Self Enquiry,3,11.0,Small Business,Female,4,5.0,Deluxe,4.0,Married,3.0,1,3,1,1.0,Manager,23887.0,0,0,0.033375505,0,True
34.0,Self Enquiry,1,16.0,Small Business,Male,2,3.0,Deluxe,5.0,Single,2.0,0,4,0,0.0,Manager,21125.0,1,1,0.6921305,1,True
39.0,Self Enquiry,1,16.0,Salaried,Male,4,4.0,Basic,3.0,Married,4.0,0,1,1,2.0,Executive,23449.0,0,0,0.009771277,0,True
37.0,Self Enquiry,1,9.0,Salaried,Male,2,3.0,Standard,3.0,Married,2.0,0,1,1,0.0,Senior Manager,24434.0,0,0,0.0012924565,0,True
37.0,Company Invited,1,25.0,Salaried,Male,3,2.0,Basic,3.0,Married,6.0,0,5,1,2.0,Executive,22366.0,0,0,0.031956233,0,True
34.0,Self Enquiry,1,13.0,Salaried,Female,2,3.0,Standard,4.0,Unmarried,1.0,0,3,1,0.0,Senior Manager,26994.0,0,0,0.0031381792,0,True
32.0,Self Enquiry,1,18.0,Small Business,Male,4,4.0,Deluxe,5.0,Divorced,3.0,1,2,0,3.0,Manager,25511.0,0,0,0.007241466,0,True
48.0,Company Invited,1,28.0,Small Business,Female,2,3.0,Super Deluxe,3.0,Married,4.0,0,5,0,0.0,AVP,32174.0,0,0,2.3581313e-06,0,True
51.0,Self Enquiry,1,6.0,Salaried,Male,3,3.0,Basic,3.0,Divorced,2.0,0,4,1,0.0,Executive,17723.0,0,0,0.012147717,0,True
22.0,Self Enquiry,1,13.0,Salaried,Male,3,3.0,Basic,4.0,Single,2.0,1,3,1,0.0,Executive,17472.0,1,1,0.89280576,1,True
28.0,Company Invited,1,17.0,Salaried,Male,3,4.0,Standard,5.0,Married,3.0,0,3,1,1.0,Senior Manager,27471.0,0,0,0.022251515,0,True
41.0,Self Enquiry,1,31.0,Large Business,Male,4,4.0,Deluxe,3.0,Married,3.0,0,3,1,2.0,Manager,21997.0,0,0,0.05419081,0,True
24.0,Self Enquiry,1,6.0,Small Business,Male,3,3.0,Basic,3.0,Married,3.0,1,3,0,2.0,Executive,17293.0,1,1,0.8661697,1,True
29.0,Self Enquiry,3,12.0,Small Business,Male,3,4.0,Deluxe,5.0,Unmarried,2.0,0,1,1,1.0,Manager,27141.0,0,0,0.097747445,0,True
43.0,Company Invited,1,16.0,Salaried,Female,2,4.0,Deluxe,3.0,Married,2.0,0,3,1,0.0,Manager,20257.0,0,0,0.0002016901,0,True
42.0,Company Invited,1,8.0,Salaried,Male,2,3.0,Standard,3.0,Married,3.0,1,3,1,0.0,Senior Manager,25124.0,0,0,0.028809413,0,True
25.0,Self Enquiry,3,32.0,Small Business,Female,2,3.0,Deluxe,3.0,Single,2.0,0,4,0,0.0,Manager,21180.0,0,0,0.4787104,0,True
23.0,Self Enquiry,3,8.0,Large Business,Male,3,3.0,Basic,5.0,Married,4.0,0,3,1,1.0,Executive,17322.0,0,1,0.7049225,0,False
38.0,Company Invited,1,14.0,Small Business,Female,2,4.0,Deluxe,4.0,Married,2.0,1,1,1,0.0,Manager,17133.0,0,0,5.6117868e-05,0,True
35.0,Company Invited,3,17.0,Salaried,Male,3,4.0,Deluxe,3.0,Married,3.0,1,1,1,2.0,Manager,22679.0,0,0,0.04457311,0,True
32.0,Self Enquiry,3,20.0,Small Business,Male,3,4.0,Deluxe,5.0,Married,4.0,0,2,0,1.0,Manager,22911.0,1,1,0.6782225,1,True
38.0,Self Enquiry,1,7.0,Salaried,Female,3,4.0,Basic,3.0,Single,3.0,0,2,1,2.0,Executive,20793.0,0,0,0.020589685,0,True
60.0,Self Enquiry,1,13.0,Salaried,Female,2,3.0,King,5.0,Married,6.0,0,5,1,0.0,VP,34566.0,0,0,0.00011206953,0,True
29.0,Company Invited,1,13.0,Salaried,Male,3,5.0,Basic,3.0,Married,3.0,1,4,1,2.0,Executive,21381.0,0,1,0.8644947,0,False
39.0,Self Enquiry,1,8.0,Salaried,Female,3,3.0,Basic,5.0,Married,2.0,1,1,1,0.0,Executive,32123.0,1,0,0.06818936,1,False
37.0,Self Enquiry,1,15.0,Large Business,Female,3,4.0,Standard,3.0,Married,3.0,0,4,1,1.0,Senior Manager,28774.0,0,0,0.00610922,0,True
32.0,Self Enquiry,1,14.0,Small Business,Female,3,4.0,Deluxe,5.0,Married,3.0,0,1,1,1.0,Manager,22984.0,0,0,0.00044596457,0,True
39.0,Company Invited,1,17.0,Small Business,Male,4,4.0,Basic,3.0,Married,2.0,0,5,0,1.0,Executive,21362.0,0,0,0.04372216,0,True
45.0,Self Enquiry,1,11.0,Small Business,Male,3,4.0,Deluxe,4.0,Unmarried,2.0,0,1,1,2.0,Manager,24611.0,0,0,0.0024224552,0,True
47.0,Self Enquiry,3,17.0,Small Business,Female,4,5.0,Standard,3.0,Married,4.0,1,1,0,1.0,Senior Manager,27749.0,0,0,0.0024510196,0,True
56.0,Self Enquiry,1,13.0,Large Business,Male,3,3.0,Basic,3.0,Married,1.0,0,4,1,2.0,Executive,17339.0,1,1,0.86738914,1,True
34.0,Self Enquiry,1,14.0,Small Business,Female,3,3.0,Deluxe,3.0,Single,4.0,0,4,1,1.0,Manager,21142.0,0,0,0.031317566,0,True
42.0,Self Enquiry,1,16.0,Salaried,Male,4,4.0,Basic,5.0,Divorced,4.0,0,2,0,3.0,Executive,20916.0,0,0,0.0523228,0,True
29.0,Self Enquiry,1,9.0,Small Business,Male,3,6.0,Basic,3.0,Married,7.0,1,3,1,2.0,Executive,22142.0,1,1,0.9974437,1,True
36.0,Company Invited,1,9.0,Small Business,Male,4,5.0,Basic,3.0,Unmarried,2.0,1,3,1,1.0,Executive,23608.0,0,1,0.90484583,0,False
55.0,Self Enquiry,3,10.0,Small Business,Female,3,4.0,Deluxe,5.0,Divorced,4.0,0,4,1,2.0,Manager,24618.0,0,0,0.015214205,0,True
38.0,Company Invited,3,16.0,Small Business,Male,4,4.0,Standard,4.0,Married,3.0,0,2,1,1.0,Senior Manager,27512.0,0,0,0.01998509,0,True
35.0,Company Invited,1,17.0,Small Business,Male,3,4.0,Standard,5.0,Married,3.0,1,5,1,2.0,Senior Manager,24884.0,0,0,0.27186313,0,True
49.0,Company Invited,1,7.0,Small Business,Male,3,2.0,Super Deluxe,3.0,Single,4.0,0,2,0,1.0,AVP,35563.0,0,0,3.2505315e-07,0,True
35.0,Self Enquiry,1,13.0,Salaried,Female,3,5.0,Deluxe,4.0,Married,8.0,0,3,1,1.0,Manager,23183.0,0,0,0.009351177,0,True
60.0,Self Enquiry,1,10.0,Salaried,Male,4,5.0,Basic,3.0,Married,5.0,0,3,0,1.0,Executive,20855.0,0,0,0.008089624,0,True
34.0,Company Invited,3,17.0,Small Business,Male,3,5.0,Deluxe,3.0,Unmarried,5.0,0,3,1,2.0,Manager,23360.0,0,0,0.12895915,0,True
44.0,Company Invited,3,22.0,Salaried,Male,3,5.0,Deluxe,3.0,Married,5.0,0,5,1,1.0,Manager,25482.0,0,0,0.008819981,0,True
30.0,Self Enquiry,1,24.0,Salaried,Female,3,3.0,Basic,3.0,Single,2.0,0,1,1,2.0,Executive,17632.0,0,0,0.16652094,0,True
30.0,Company Invited,1,8.0,Small Business,Female,2,3.0,Basic,3.0,Single,1.0,0,4,1,0.0,Executive,17564.0,0,0,0.06456647,0,True
37.0,Company Invited,1,17.0,Salaried,Male,2,3.0,Standard,3.0,Married,2.0,1,3,0,1.0,Senior Manager,27185.0,0,0,0.022742469,0,True
54.0,Self Enquiry,1,6.0,Small Business,Female,2,3.0,Super Deluxe,3.0,Single,7.0,0,4,1,1.0,AVP,32328.0,0,0,1.8211744e-06,0,True
43.0,Self Enquiry,3,15.0,Small Business,Male,3,4.0,Deluxe,4.0,Divorced,2.0,0,3,0,2.0,Manager,25503.0,0,0,0.012675261,0,True
34.0,Self Enquiry,1,13.0,Small Business,Male,2,3.0,Basic,3.0,Single,2.0,0,1,0,1.0,Executive,17972.0,0,0,0.0075627337,0,True
52.0,Self Enquiry,1,10.0,Small Business,Female,4,4.0,Super Deluxe,4.0,Single,5.0,0,5,0,2.0,AVP,32412.0,0,0,7.603283e-05,0,True
34.0,Company Invited,1,7.0,Salaried,Female,3,2.0,Deluxe,4.0,Married,3.0,1,3,1,1.0,Manager,24166.0,0,0,0.0009740624,0,True
28.0,Self Enquiry,3,9.0,Salaried,Male,4,4.0,Deluxe,3.0,Unmarried,3.0,1,4,0,2.0,Manager,23156.0,0,0,0.39772987,0,True
35.0,Self Enquiry,3,8.0,Small Business,Female,3,3.0,Basic,3.0,Married,2.0,0,1,1,2.0,Executive,17014.0,0,0,0.00033565343,0,True
32.0,Self Enquiry,1,8.0,Large Business,Male,2,4.0,Deluxe,5.0,Single,5.0,0,4,0,1.0,Manager,17176.0,0,0,0.33312118,0,True
45.0,Company Invited,1,24.0,Salaried,Male,4,6.0,Basic,3.0,Single,4.0,0,4,1,1.0,Executive,20968.0,0,0,0.21662405,0,True
34.0,Self Enquiry,1,6.0,Salaried,Female,3,1.0,Basic,3.0,Single,3.0,0,1,1,1.0,Executive,18280.0,0,0,0.0024493437,0,True
46.0,Self Enquiry,3,9.0,Small Business,Male,2,3.0,Super Deluxe,3.0,Married,4.0,0,1,1,0.0,AVP,32465.0,0,0,3.1951535e-07,0,True
47.0,Self Enquiry,3,22.0,Small Business,Male,3,6.0,Deluxe,3.0,Married,8.0,1,1,0,2.0,Manager,22101.0,1,1,0.98011136,1,True
37.0,Self Enquiry,1,17.0,Salaried,Male,3,4.0,Standard,5.0,Married,2.0,1,5,1,2.0,Senior Manager,26999.0,0,0,0.089461416,0,True
26.0,Self Enquiry,1,9.0,Salaried,Male,3,4.0,Basic,3.0,Married,8.0,1,5,0,1.0,Executive,22655.0,0,0,0.43373588,0,True
60.0,Self Enquiry,1,25.0,Small Business,Male,4,4.0,Standard,3.0,Single,8.0,0,3,1,2.0,Senior Manager,29190.0,0,0,0.33829793,0,True
52.0,Self Enquiry,1,9.0,Small Business,Male,2,4.0,Standard,3.0,Divorced,3.0,1,2,0,0.0,Senior Manager,22969.0,0,0,0.017650926,0,True
30.0,Self Enquiry,1,14.0,Large Business,Female,3,4.0,Basic,3.0,Married,5.0,1,4,1,2.0,Executive,22017.0,1,1,0.9296615,1,True
33.0,Self Enquiry,3,11.0,Small Business,Male,3,6.0,Standard,3.0,Married,3.0,0,1,1,1.0,Senior Manager,29078.0,1,1,0.96475315,1,True
44.0,Company Invited,1,6.0,Small Business,Male,2,3.0,Basic,4.0,Married,2.0,1,3,1,1.0,Executive,17342.0,1,1,0.8150639,1,True
57.0,Self Enquiry,1,14.0,Salaried,Male,3,6.0,Standard,3.0,Unmarried,6.0,0,1,0,1.0,Senior Manager,25938.0,0,0,0.051483538,0,True
42.0,Self Enquiry,3,7.0,Salaried,Female,4,4.0,Deluxe,3.0,Unmarried,2.0,1,4,0,3.0,Manager,24671.0,1,1,0.931754,1,True
53.0,Company Invited,3,8.0,Small Business,Female,2,4.0,Standard,4.0,Divorced,3.0,0,2,0,1.0,Senior Manager,22525.0,0,0,0.003352755,0,True
18.0,Company Invited,3,9.0,Small Business,Female,3,3.0,Basic,3.0,Single,2.0,1,5,0,1.0,Executive,16569.0,1,1,0.9965445,1,True
22.0,Self Enquiry,3,29.0,Large Business,Male,3,4.0,Basic,3.0,Unmarried,3.0,0,1,0,1.0,Executive,22125.0,0,0,0.3923645,0,True
39.0,Self Enquiry,1,16.0,Small Business,Male,3,3.0,Super Deluxe,5.0,Married,2.0,1,3,1,2.0,AVP,32068.0,0,0,1.4689715e-05,0,True
33.0,Company Invited,1,9.0,Salaried,Female,2,3.0,Basic,3.0,Married,2.0,1,1,1,1.0,Executive,17909.0,0,0,0.009809519,0,True
27.0,Self Enquiry,3,15.0,Large Business,Male,3,5.0,Deluxe,5.0,Unmarried,8.0,0,3,0,1.0,Manager,24004.0,1,1,0.99125415,1,True
35.0,Self Enquiry,3,10.0,Salaried,Male,3,6.0,Deluxe,5.0,Unmarried,5.0,0,5,1,2.0,Manager,23437.0,0,0,0.16221035,0,True
51.0,Self Enquiry,1,8.0,Small Business,Male,2,5.0,Deluxe,4.0,Married,6.0,0,1,0,1.0,Manager,20482.0,0,0,0.014569393,0,True
42.0,Company Invited,3,11.0,Small Business,Male,3,4.0,Deluxe,4.0,Unmarried,3.0,0,3,1,1.0,Manager,28033.0,1,1,0.8098,1,True
40.0,Self Enquiry,1,12.0,Salaried,Female,3,3.0,Super Deluxe,3.0,Unmarried,1.0,0,5,1,2.0,AVP,28237.0,0,0,3.0535934e-06,0,True
36.0,Company Invited,3,6.0,Small Business,Female,2,3.0,Deluxe,3.0,Unmarried,5.0,0,1,1,1.0,Manager,21653.0,0,0,0.00011635469,0,True
33.0,Self Enquiry,3,13.0,Small Business,Male,3,4.0,Deluxe,3.0,Unmarried,3.0,0,5,1,2.0,Manager,23688.0,0,0,0.045052536,0,True
25.0,Company Invited,1,14.0,Salaried,Female,3,4.0,Basic,3.0,Married,3.0,1,4,0,1.0,Executive,21564.0,1,1,0.9709463,1,True
18.0,Self Enquiry,3,16.0,Small Business,Female,3,4.0,Basic,3.0,Single,2.0,0,2,1,2.0,Executive,16200.0,0,0,0.25732502,0,True
51.0,Self Enquiry,1,31.0,Salaried,Male,4,4.0,Super Deluxe,3.0,Married,5.0,1,4,1,3.0,AVP,32651.0,0,0,0.0011859054,0,True
49.0,Self Enquiry,1,11.0,Salaried,Male,4,5.0,Standard,3.0,Single,2.0,0,5,1,1.0,Senior Manager,29677.0,0,1,0.61373895,0,False
34.0,Company Invited,1,22.0,Salaried,Female,3,4.0,Basic,3.0,Single,2.0,0,5,1,1.0,Executive,17553.0,0,0,0.16432627,0,True
59.0,Self Enquiry,1,30.0,Salaried,Male,3,4.0,Basic,3.0,Married,3.0,0,3,1,2.0,Executive,21050.0,0,0,0.020562038,0,True
30.0,Self Enquiry,3,10.0,Small Business,Female,4,4.0,Deluxe,3.0,Divorced,3.0,0,2,0,1.0,Manager,24239.0,0,0,0.00014123984,0,True
56.0,Self Enquiry,1,11.0,Salaried,Male,2,4.0,Deluxe,3.0,Divorced,2.0,1,4,0,1.0,Manager,22713.0,0,0,0.104218096,0,True
40.0,Company Invited,3,11.0,Salaried,Male,2,4.0,Standard,5.0,Divorced,6.0,1,5,0,1.0,Senior Manager,25475.0,0,0,0.11916365,0,True
32.0,Self Enquiry,1,11.0,Salaried,Female,3,4.0,Deluxe,4.0,Married,4.0,0,3,1,0.0,Manager,20878.0,0,0,0.012880917,0,True
30.0,Self Enquiry,3,17.0,Small Business,Female,3,5.0,Deluxe,4.0,Married,3.0,1,5,1,1.0,Manager,26946.0,0,0,0.121714614,0,True
29.0,Self Enquiry,1,6.0,Salaried,Female,2,4.0,Basic,5.0,Divorced,2.0,1,2,0,0.0,Executive,17319.0,1,1,0.83250624,1,True
19.0,Company Invited,1,15.0,Small Business,Male,4,4.0,Basic,3.0,Single,3.0,0,5,0,1.0,Executive,20582.0,1,1,0.8685549,1,True
38.0,Self Enquiry,3,16.0,Small Business,Male,3,4.0,Standard,3.0,Married,1.0,1,3,1,1.0,Senior Manager,23740.0,0,1,0.85749626,0,False
28.0,Company Invited,3,6.0,Large Business,Male,3,3.0,Basic,3.0,Divorced,4.0,0,3,1,0.0,Executive,17909.0,1,1,0.53682363,1,True
36.0,Self Enquiry,3,9.0,Small Business,Female,4,4.0,Basic,3.0,Divorced,3.0,0,2,1,1.0,Executive,20692.0,0,0,0.0009001996,0,True
38.0,Self Enquiry,3,13.0,Small Business,Male,4,4.0,Deluxe,3.0,Married,6.0,0,3,1,1.0,Manager,25180.0,0,0,0.031628508,0,True
44.0,Company Invited,1,9.0,Salaried,Male,4,4.0,Basic,3.0,Married,8.0,1,3,0,1.0,Executive,28909.0,1,1,0.8048603,1,True
54.0,Self Enquiry,1,15.0,Salaried,Female,3,3.0,Deluxe,3.0,Married,4.0,0,5,0,1.0,Manager,17897.0,0,0,0.0028533298,0,True
45.0,Company Invited,1,9.0,Small Business,Male,3,4.0,Standard,3.0,Single,7.0,1,1,0,2.0,Senior Manager,28887.0,0,0,0.0051665734,0,True
35.0,Self Enquiry,1,14.0,Salaried,Male,2,1.0,Basic,3.0,Married,2.0,0,5,1,1.0,Executive,17269.0,0,0,0.0026049323,0,True
37.0,Self Enquiry,1,9.0,Small Business,Male,4,4.0,Basic,3.0,Single,6.0,0,5,1,1.0,Executive,21197.0,0,0,0.15653582,0,True
45.0,Self Enquiry,3,7.0,Salaried,Male,3,4.0,Deluxe,5.0,Married,2.0,0,4,1,2.0,Manager,33061.0,1,0,0.009564647,1,False
34.0,Company Invited,1,8.0,Salaried,Male,2,4.0,Deluxe,3.0,Married,2.0,0,4,0,1.0,Manager,24547.0,0,0,0.0014117642,0,True
35.0,Self Enquiry,3,13.0,Salaried,Female,2,3.0,Deluxe,3.0,Married,2.0,1,4,1,1.0,Manager,20204.0,0,0,0.09463617,0,True
28.0,Company Invited,3,15.0,Salaried,Male,3,4.0,Standard,3.0,Unmarried,3.0,0,1,1,1.0,Senior Manager,27404.0,0,0,0.037324566,0,True
29.0,Self Enquiry,1,9.0,Small Business,Male,3,6.0,Basic,3.0,Divorced,7.0,1,3,1,1.0,Executive,22142.0,1,1,0.9964688,1,True
23.0,Self Enquiry,1,12.0,Salaried,Male,3,1.0,Basic,5.0,Divorced,2.0,1,3,1,2.0,Executive,16601.0,1,1,0.93107533,1,True
34.0,Self Enquiry,1,22.0,Small Business,Female,4,4.0,Deluxe,3.0,Married,2.0,1,1,1,2.0,Manager,23556.0,0,0,0.00067130907,0,True
50.0,Self Enquiry,1,15.0,Salaried,Male,3,3.0,Basic,3.0,Divorced,5.0,0,5,1,0.0,Executive,17380.0,0,0,0.0040450566,0,True
45.0,Self Enquiry,2,30.0,Small Business,Male,2,3.0,Basic,4.0,Single,2.0,0,4,0,1.0,Executive,17177.0,0,0,0.40907398,0,True
30.0,Company Invited,3,18.0,Salaried,Male,3,4.0,Basic,5.0,Divorced,2.0,0,5,1,0.0,Executive,17033.0,1,1,0.60050905,1,True
30.0,Self Enquiry,1,15.0,Salaried,Female,3,6.0,Deluxe,5.0,Married,5.0,0,1,0,1.0,Manager,28393.0,0,0,0.00044234376,0,True
46.0,Self Enquiry,1,27.0,Small Business,Male,4,6.0,Standard,5.0,Married,4.0,1,3,0,1.0,Senior Manager,29529.0,0,0,0.055457085,0,True
28.0,Self Enquiry,1,18.0,Salaried,Female,3,3.0,Basic,3.0,Married,2.0,1,4,1,1.0,Executive,17515.0,1,1,0.6584257,1,True
57.0,Self Enquiry,3,18.0,Small Business,Female,3,5.0,Deluxe,5.0,Married,6.0,0,5,0,2.0,Manager,24058.0,0,0,0.017028006,0,True
46.0,Self Enquiry,1,13.0,Small Business,Male,3,3.0,Standard,3.0,Married,7.0,0,1,1,1.0,Senior Manager,25845.0,0,0,0.029492604,0,True
24.0,Self Enquiry,1,17.0,Small Business,Male,4,3.0,Basic,3.0,Unmarried,3.0,0,2,1,2.0,Executive,22183.0,0,0,0.011337737,0,True
35.0,Company Invited,1,10.0,Salaried,Male,3,5.0,Basic,3.0,Divorced,5.0,0,2,1,1.0,Executive,21657.0,0,0,0.022968223,0,True
53.0,Self Enquiry,1,15.0,Small Business,Male,3,5.0,Deluxe,4.0,Divorced,4.0,0,2,1,2.0,Manager,23619.0,1,0,0.34059408,1,False
45.0,Self Enquiry,1,11.0,Small Business,Female,2,5.0,Deluxe,5.0,Single,2.0,1,3,1,0.0,Manager,20769.0,0,0,0.13359517,0,True
50.0,Self Enquiry,1,23.0,Salaried,Female,2,4.0,Standard,5.0,Married,6.0,0,3,1,0.0,Senior Manager,28269.0,0,0,0.0050173174,0,True
36.0,Self Enquiry,1,8.0,Salaried,Female,3,3.0,Basic,3.0,Married,5.0,0,5,1,0.0,Executive,17543.0,0,0,0.0022222798,0,True
54.0,Company Invited,1,6.0,Salaried,Female,2,3.0,Standard,3.0,Married,1.0,0,5,1,1.0,Senior Manager,25502.0,0,0,0.014992578,0,True
23.0,Self Enquiry,1,18.0,Small Business,Female,3,4.0,Basic,4.0,Married,3.0,0,1,1,2.0,Executive,20922.0,0,0,0.055222042,0,True
42.0,Self Enquiry,1,30.0,Small Business,Male,2,3.0,Standard,5.0,Married,2.0,1,1,1,0.0,Senior Manager,22406.0,0,0,0.10134134,0,True
34.0,Self Enquiry,1,15.0,Salaried,Male,2,3.0,Standard,3.0,Married,1.0,0,5,1,1.0,Senior Manager,23500.0,0,0,0.012788146,0,True
28.0,Self Enquiry,3,18.0,Small Business,Female,4,2.0,Basic,3.0,Divorced,2.0,0,3,1,2.0,Executive,21212.0,0,0,0.00048213938,0,True
37.0,Self Enquiry,1,16.0,Small Business,Male,3,5.0,Deluxe,4.0,Married,4.0,1,4,1,1.0,Manager,27525.0,0,0,0.27771664,0,True
33.0,Company Invited,1,9.0,Salaried,Female,3,4.0,Deluxe,3.0,Unmarried,6.0,1,5,1,2.0,Manager,23676.0,0,0,0.13260943,0,True
32.0,Self Enquiry,3,20.0,Small Business,Male,4,5.0,Deluxe,5.0,Married,7.0,1,1,1,1.0,Manager,20980.0,1,1,0.9960322,1,True
32.0,Self Enquiry,3,20.0,Small Business,Male,3,4.0,Deluxe,5.0,Married,4.0,0,1,0,2.0,Manager,22911.0,1,0,0.17512663,1,False
33.0,Company Invited,1,7.0,Salaried,Female,4,5.0,Basic,4.0,Divorced,8.0,0,3,1,1.0,Executive,21010.0,0,0,0.08236769,0,True
55.0,Self Enquiry,1,26.0,Large Business,Male,2,3.0,Deluxe,3.0,Divorced,4.0,1,2,1,1.0,Manager,20415.0,0,0,0.00512437,0,True
32.0,Self Enquiry,2,29.0,Salaried,Male,3,6.0,Basic,3.0,Married,3.0,0,1,0,2.0,Executive,28530.0,1,1,0.86614305,1,True
41.0,Self Enquiry,1,11.0,Salaried,Male,2,1.0,Deluxe,4.0,Unmarried,4.0,0,5,1,0.0,Manager,21870.0,0,0,0.0038414672,0,True
38.0,Self Enquiry,1,15.0,Salaried,Female,3,3.0,Basic,3.0,Single,2.0,0,1,1,2.0,Executive,17288.0,0,0,0.02135041,0,True
52.0,Company Invited,1,31.0,Small Business,Female,2,4.0,Super Deluxe,3.0,Divorced,4.0,0,5,0,1.0,AVP,28826.0,0,0,4.4747403e-06,0,True
59.0,Self Enquiry,3,17.0,Small Business,Male,3,4.0,Super Deluxe,3.0,Single,2.0,0,3,0,2.0,AVP,32550.0,0,0,0.0011182523,0,True
46.0,Self Enquiry,1,14.0,Salaried,Male,3,4.0,Standard,5.0,Married,4.0,0,3,1,2.0,Senior Manager,28402.0,0,0,0.012360733,0,True
36.0,Self Enquiry,3,23.0,Small Business,Male,4,4.0,Standard,4.0,Married,2.0,0,1,1,2.0,Senior Manager,26698.0,0,0,0.011362809,0,True
46.0,Self Enquiry,3,15.0,Small Business,Male,2,3.0,Standard,3.0,Married,5.0,0,3,0,1.0,Senior Manager,25096.0,1,1,0.7333765,1,True
33.0,Self Enquiry,1,27.0,Small Business,Male,3,1.0,Basic,4.0,Married,2.0,0,1,1,1.0,Executive,17028.0,0,0,0.008799116,0,True
44.0,Company Invited,1,17.0,Salaried,Female,3,4.0,Basic,3.0,Single,2.0,0,5,0,2.0,Executive,21133.0,0,0,0.102624625,0,True
28.0,Self Enquiry,1,35.0,Salaried,Male,3,5.0,Deluxe,4.0,Divorced,2.0,0,1,1,2.0,Manager,21549.0,0,0,0.0027794435,0,True
31.0,Self Enquiry,3,13.0,Salaried,Male,2,4.0,Basic,3.0,Divorced,4.0,0,4,1,1.0,Executive,17329.0,0,0,0.07043354,0,True
48.0,Company Invited,1,10.0,Small Business,Male,2,4.0,Super Deluxe,3.0,Married,3.0,0,5,1,1.0,AVP,30202.0,0,0,3.9738086e-05,0,True
36.0,Self Enquiry,3,8.0,Small Business,Male,3,4.0,Standard,3.0,Married,2.0,0,1,1,1.0,Senior Manager,22596.0,0,0,0.0524469,0,True
28.0,Company Invited,1,15.0,Salaried,Male,3,6.0,Basic,3.0,Divorced,3.0,0,2,1,2.0,Executive,23299.0,0,0,0.031239105,0,True
26.0,Self Enquiry,3,12.0,Small Business,Male,3,5.0,Deluxe,3.0,Unmarried,3.0,1,3,0,2.0,Manager,24422.0,1,1,0.98091686,1,True
60.0,Self Enquiry,1,9.0,Salaried,Female,4,5.0,Super Deluxe,3.0,Single,5.0,1,5,1,1.0,AVP,32404.0,0,0,0.0054465695,0,True
40.0,Self Enquiry,1,25.0,Small Business,Male,2,3.0,Deluxe,3.0,Divorced,1.0,1,2,1,1.0,Manager,17741.0,0,0,0.045979857,0,True
36.0,Self Enquiry,3,8.0,Small Business,Male,3,4.0,Standard,3.0,Divorced,2.0,0,2,1,0.0,Senior Manager,22596.0,0,0,0.109904505,0,True
43.0,Self Enquiry,1,18.0,Salaried,Male,2,4.0,Super Deluxe,4.0,Married,2.0,0,3,0,1.0,AVP,29336.0,0,0,2.4897065e-06,0,True
23.0,Self Enquiry,1,9.0,Large Business,Male,4,4.0,Basic,3.0,Married,2.0,0,5,1,1.0,Executive,21201.0,0,0,0.17212948,0,True
46.0,Self Enquiry,1,8.0,Salaried,Male,2,3.0,Super Deluxe,3.0,Divorced,7.0,0,5,0,0.0,AVP,32861.0,0,0,1.3386755e-06,0,True
19.0,Company Invited,1,16.0,Small Business,Female,3,4.0,Basic,4.0,Single,2.0,1,5,1,1.0,Executive,16859.0,1,1,0.9937146,1,True
29.0,Company Invited,1,8.0,Salaried,Male,2,3.0,Deluxe,3.0,Married,2.0,0,3,0,0.0,Manager,23853.0,0,0,0.0012343297,0,True
40.0,Self Enquiry,3,6.0,Small Business,Male,2,5.0,Deluxe,3.0,Married,3.0,1,3,1,0.0,Manager,22457.0,0,0,0.3144617,0,True
45.0,Self Enquiry,1,22.0,Small Business,Female,4,4.0,Standard,3.0,Divorced,3.0,0,3,0,2.0,Senior Manager,26656.0,1,1,0.96344316,1,True
53.0,Self Enquiry,1,18.0,Salaried,Female,3,4.0,Deluxe,3.0,Married,2.0,0,1,1,1.0,Manager,21827.0,0,0,0.010394011,0,True
40.0,Self Enquiry,1,13.0,Salaried,Male,3,3.0,Basic,5.0,Single,4.0,1,3,0,1.0,Executive,17166.0,1,1,0.89590216,1,True
43.0,Self Enquiry,1,24.0,Salaried,Female,3,2.0,Deluxe,5.0,Unmarried,5.0,1,1,1,2.0,Manager,25223.0,0,0,0.012640042,0,True
37.0,Self Enquiry,1,19.0,Small Business,Female,3,5.0,Standard,3.0,Unmarried,2.0,0,1,1,1.0,Senior Manager,27536.0,0,0,0.003671822,0,True
32.0,Company Invited,1,22.0,Small Business,Male,4,4.0,Basic,3.0,Married,3.0,0,4,1,1.0,Executive,21288.0,1,1,0.8275788,1,True
33.0,Self Enquiry,1,7.0,Salaried,Male,4,4.0,Basic,5.0,Unmarried,3.0,0,2,0,3.0,Executive,21634.0,0,0,0.20492454,0,True
40.0,Self Enquiry,1,31.0,Salaried,Male,3,4.0,Deluxe,3.0,Unmarried,2.0,0,4,1,1.0,Manager,22786.0,0,0,0.0063719493,0,True
30.0,Self Enquiry,1,15.0,Small Business,Male,4,5.0,Deluxe,3.0,Divorced,3.0,1,3,0,1.0,Manager,23734.0,0,0,0.12305184,0,True
26.0,Self Enquiry,3,16.0,Salaried,Male,4,5.0,Basic,5.0,Divorced,5.0,0,1,1,1.0,Executive,23078.0,1,1,0.87934077,1,True
37.0,Self Enquiry,1,13.0,Small Business,Male,1,3.0,Standard,3.0,Single,5.0,0,1,0,0.0,Senior Manager,28664.0,0,0,0.012514063,0,True
48.0,Self Enquiry,3,8.0,Small Business,Male,2,1.0,Deluxe,4.0,Married,4.0,0,3,0,1.0,Manager,23120.0,0,0,0.0010195159,0,True
59.0,Company Invited,1,7.0,Salaried,Male,3,6.0,Deluxe,3.0,Married,4.0,1,1,1,2.0,Manager,24338.0,0,0,0.0081452485,0,True
22.0,Company Invited,1,9.0,Salaried,Male,2,4.0,Basic,3.0,Married,1.0,1,3,0,1.0,Executive,17853.0,1,1,0.90632546,1,True
32.0,Self Enquiry,3,8.0,Small Business,Male,2,4.0,Deluxe,4.0,Unmarried,1.0,1,1,1,0.0,Manager,24907.0,1,1,0.8689247,1,True
37.0,Self Enquiry,3,9.0,Salaried,Female,3,4.0,Deluxe,3.0,Unmarried,5.0,0,4,1,2.0,Manager,23180.0,0,0,0.01291399,0,True
32.0,Company Invited,3,11.0,Salaried,Male,2,3.0,Deluxe,4.0,Divorced,2.0,0,3,1,1.0,Manager,21524.0,0,0,0.01218804,0,True
23.0,Self Enquiry,1,26.0,Salaried,Male,3,3.0,Deluxe,3.0,Single,1.0,0,4,1,2.0,Manager,17272.0,0,0,0.043940004,0,True
44.0,Self Enquiry,1,10.0,Salaried,Male,3,1.0,King,5.0,Married,2.0,0,5,1,2.0,VP,34190.0,0,0,0.00027017144,0,True
34.0,Company Invited,3,25.0,Small Business,Male,3,2.0,Deluxe,3.0,Single,1.0,1,2,1,2.0,Manager,20304.0,1,1,0.5312085,1,True
31.0,Self Enquiry,1,9.0,Salaried,Male,5,5.0,Deluxe,3.0,Married,3.0,0,4,1,2.0,Manager,22830.0,0,0,0.24417976,0,True
48.0,Company Invited,1,21.0,Large Business,Male,4,4.0,Deluxe,4.0,Married,2.0,0,3,0,3.0,Manager,24145.0,0,0,0.10908195,0,True
38.0,Company Invited,1,8.0,Salaried,Female,3,1.0,Deluxe,5.0,Single,7.0,1,2,1,2.0,Manager,20980.0,0,0,0.06130437,0,True
27.0,Self Enquiry,1,32.0,Salaried,Male,3,6.0,Basic,3.0,Single,3.0,0,1,0,1.0,Executive,20971.0,1,1,0.756301,1,True
43.0,Self Enquiry,3,21.0,Small Business,Female,4,5.0,Deluxe,3.0,Unmarried,2.0,0,3,1,1.0,Manager,24922.0,0,0,0.09594319,0,True
26.0,Self Enquiry,3,35.0,Salaried,Male,3,5.0,Deluxe,3.0,Married,4.0,0,4,1,2.0,Manager,27317.0,0,0,0.00615194,0,True
36.0,Self Enquiry,2,15.0,Large Business,Male,4,4.0,Basic,3.0,Unmarried,3.0,0,5,0,2.0,Executive,23001.0,0,0,0.17679958,0,True
40.0,Company Invited,1,6.0,Salaried,Male,3,4.0,Super Deluxe,4.0,Married,2.0,0,1,1,1.0,AVP,28503.0,0,0,5.662986e-08,0,True
31.0,Self Enquiry,1,15.0,Salaried,Male,2,3.0,Standard,4.0,Married,2.0,0,3,0,0.0,Senior Manager,25648.0,0,0,0.006064556,0,True
44.0,Company Invited,1,16.0,Small Business,Male,4,4.0,Deluxe,3.0,Married,5.0,1,3,1,1.0,Manager,24357.0,0,0,0.072337784,0,True
45.0,Self Enquiry,1,26.0,Small Business,Male,3,3.0,Super Deluxe,3.0,Married,1.0,1,3,1,1.0,AVP,28496.0,0,0,2.5466625e-05,0,True
18.0,Company Invited,1,11.0,Salaried,Male,3,3.0,Basic,3.0,Single,2.0,0,1,0,1.0,Executive,16051.0,0,0,0.049748644,0,True
49.0,Self Enquiry,1,13.0,Salaried,Male,4,5.0,Deluxe,3.0,Unmarried,4.0,0,1,0,3.0,Manager,22918.0,0,0,0.030479452,0,True
35.0,Self Enquiry,1,22.0,Small Business,Male,2,2.0,Basic,4.0,Divorced,1.0,0,3,1,1.0,Executive,17426.0,0,0,0.017195266,0,True
36.0,Self Enquiry,1,28.0,Salaried,Female,3,4.0,Deluxe,3.0,Divorced,3.0,1,3,0,2.0,Manager,22692.0,0,0,0.03981697,0,True
39.0,Company Invited,3,9.0,Salaried,Male,3,5.0,Deluxe,3.0,Divorced,5.0,0,5,1,2.0,Manager,23927.0,0,0,0.014192092,0,True
53.0,Self Enquiry,3,8.0,Salaried,Female,3,4.0,Super Deluxe,3.0,Divorced,3.0,0,3,1,0.0,AVP,30427.0,0,0,3.6491303e-06,0,True
25.0,Self Enquiry,3,10.0,Salaried,Female,3,4.0,Deluxe,3.0,Divorced,2.0,0,4,1,1.0,Manager,23677.0,0,0,0.009115123,0,True
27.0,Self Enquiry,1,8.0,Salaried,Female,2,3.0,Basic,5.0,Married,2.0,0,3,1,1.0,Executive,17341.0,0,1,0.6384966,0,False
29.0,Self Enquiry,3,12.0,Small Business,Male,4,4.0,Deluxe,3.0,Unmarried,3.0,0,3,1,1.0,Manager,23586.0,0,0,0.026769957,0,True
24.0,Company Invited,1,15.0,Salaried,Male,2,4.0,Basic,4.0,Married,2.0,0,5,1,0.0,Executive,17694.0,0,0,0.49401197,0,True
28.0,Self Enquiry,1,18.0,Salaried,Female,3,3.0,Basic,3.0,Divorced,2.0,1,4,1,0.0,Executive,17515.0,1,1,0.7659475,1,True
30.0,Self Enquiry,1,22.0,Salaried,Female,4,6.0,Basic,3.0,Married,2.0,1,5,1,2.0,Executive,20846.0,0,1,0.6553355,0,False
25.0,Self Enquiry,2,8.0,Salaried,Female,2,3.0,Basic,4.0,Married,5.0,0,4,0,0.0,Executive,17187.0,0,0,0.10373855,0,True
57.0,Self Enquiry,1,30.0,Salaried,Male,2,2.0,Standard,3.0,Married,4.0,1,4,1,1.0,Senior Manager,24439.0,0,0,0.009911156,0,True
53.0,Company Invited,3,127.0,Salaried,Male,3,4.0,Basic,3.0,Married,4.0,0,1,1,2.0,Executive,22160.0,0,0,0.00046711124,0,True
36.0,Self Enquiry,2,14.0,Salaried,Male,3,4.0,Basic,5.0,Married,1.0,0,1,0,1.0,Executive,17342.0,0,1,0.642057,0,False
27.0,Company Invited,1,8.0,Small Business,Male,2,3.0,Basic,3.0,Single,3.0,0,3,0,1.0,Executive,17580.0,0,0,0.05988623,0,True
36.0,Company Invited,1,7.0,Small Business,Male,4,4.0,Basic,5.0,Divorced,6.0,0,2,0,2.0,Executive,20872.0,0,0,0.0022180157,0,True
36.0,Self Enquiry,3,9.0,Small Business,Female,4,4.0,Basic,3.0,Married,3.0,0,1,1,3.0,Executive,20692.0,0,0,0.00046280015,0,True
32.0,Self Enquiry,1,9.0,Salaried,Male,3,4.0,Basic,3.0,Married,2.0,1,4,1,2.0,Executive,21373.0,0,0,0.27200857,0,True
28.0,Company Invited,1,22.0,Small Business,Male,2,3.0,Basic,3.0,Single,2.0,0,3,0,0.0,Executive,17144.0,0,0,0.35788518,0,True
48.0,Company Invited,3,11.0,Small Business,Male,3,4.0,Deluxe,3.0,Unmarried,5.0,0,4,0,2.0,Manager,21654.0,0,0,0.055745907,0,True
35.0,Self Enquiry,3,9.0,Salaried,Male,3,4.0,Deluxe,3.0,Unmarried,3.0,0,5,0,1.0,Manager,24952.0,0,0,0.025035167,0,True
34.0,Self Enquiry,3,10.0,Salaried,Male,3,3.0,Standard,3.0,Married,3.0,1,4,0,2.0,Senior Manager,24713.0,0,0,0.032465167,0,True
60.0,Self Enquiry,3,10.0,Salaried,Female,3,5.0,Deluxe,3.0,Unmarried,7.0,0,3,0,1.0,Manager,23849.0,0,0,0.014380944,0,True
30.0,Self Enquiry,1,9.0,Salaried,Male,4,4.0,Basic,4.0,Married,2.0,0,4,1,1.0,Executive,21381.0,0,0,0.069411926,0,True
32.0,Self Enquiry,1,35.0,Salaried,Female,2,4.0,Basic,4.0,Single,2.0,0,3,1,0.0,Executive,17837.0,0,0,0.25495705,0,True
32.0,Self Enquiry,3,14.0,Small Business,Male,2,1.0,Deluxe,3.0,Divorced,2.0,0,5,0,0.0,Manager,21209.0,0,0,0.0007115393,0,True
30.0,Self Enquiry,3,11.0,Salaried,Female,2,3.0,Standard,3.0,Married,3.0,0,4,1,1.0,Senior Manager,24419.0,0,0,0.035863157,0,True
39.0,Company Invited,1,9.0,Salaried,Female,4,2.0,Deluxe,5.0,Unmarried,8.0,1,1,0,1.0,Manager,24658.0,0,0,0.0011816723,0,True
33.0,Self Enquiry,1,20.0,Small Business,Male,2,3.0,Basic,3.0,Married,6.0,1,1,1,1.0,Executive,17436.0,1,1,0.99172753,1,True
29.0,Self Enquiry,1,16.0,Salaried,Female,3,4.0,Basic,5.0,Single,7.0,1,5,1,0.0,Executive,17404.0,1,1,0.9852363,1,True
27.0,Self Enquiry,3,36.0,Small Business,Male,3,4.0,Deluxe,3.0,Married,7.0,0,5,1,1.0,Manager,22984.0,0,0,0.07218025,0,True
29.0,Self Enquiry,1,8.0,Large Business,Male,4,5.0,Basic,5.0,Single,8.0,0,3,1,2.0,Executive,20758.0,1,1,0.9900302,1,True
39.0,Self Enquiry,2,8.0,Salaried,Female,2,4.0,Deluxe,3.0,Divorced,1.0,0,3,0,0.0,Manager,20204.0,0,0,0.0061017824,0,True
38.0,Company Invited,1,16.0,Small Business,Male,3,4.0,Basic,3.0,Divorced,3.0,1,2,0,1.0,Executive,21004.0,0,0,0.4278138,0,True
60.0,Self Enquiry,1,10.0,Small Business,Female,3,2.0,Basic,5.0,Married,6.0,1,1,0,2.0,Executive,21348.0,0,0,0.00038048602,0,True
23.0,Self Enquiry,1,12.0,Salaried,Male,3,2.0,Basic,4.0,Married,3.0,1,4,1,1.0,Executive,21006.0,0,1,0.5878199,0,False
26.0,Self Enquiry,3,10.0,Salaried,Male,4,4.0,Deluxe,5.0,Divorced,3.0,1,4,1,1.0,Manager,22872.0,0,0,0.48000056,0,True
29.0,Self Enquiry,3,29.0,Salaried,Female,2,4.0,Standard,5.0,Divorced,2.0,0,3,0,0.0,Senior Manager,22336.0,1,1,0.9732616,1,True
30.0,Company Invited,3,9.0,Salaried,Male,3,4.0,Deluxe,3.0,Unmarried,3.0,0,2,0,1.0,Manager,23232.0,0,0,0.040860567,0,True
27.0,Self Enquiry,1,6.0,Salaried,Female,3,3.0,Standard,5.0,Divorced,2.0,0,4,1,2.0,Senior Manager,22412.0,0,0,0.015796393,0,True
36.0,Self Enquiry,3,7.0,Small Business,Male,4,4.0,Standard,4.0,Divorced,3.0,0,4,1,3.0,Senior Manager,25973.0,0,0,0.02991541,0,True
29.0,Self Enquiry,1,9.0,Small Business,Male,3,4.0,Basic,3.0,Unmarried,8.0,0,3,1,2.0,Executive,23060.0,1,0,0.049734455,1,False
36.0,Self Enquiry,1,7.0,Salaried,Female,4,6.0,Basic,3.0,Married,3.0,0,3,0,2.0,Executive,21655.0,0,0,0.010316664,0,True
41.0,Self Enquiry,3,29.0,Small Business,Male,4,5.0,Deluxe,3.0,Divorced,4.0,1,3,1,2.0,Manager,25058.0,1,1,0.9350417,1,True
34.0,Self Enquiry,1,11.0,Small Business,Female,3,5.0,Basic,4.0,Divorced,8.0,0,4,0,1.0,Executive,21300.0,0,0,0.01951811,0,True
33.0,Company Invited,1,36.0,Small Business,Female,4,4.0,Basic,3.0,Unmarried,2.0,0,3,1,3.0,Executive,22703.0,0,0,0.2475019,0,True
56.0,Self Enquiry,3,7.0,Salaried,Male,4,4.0,Standard,3.0,Divorced,5.0,0,2,0,2.0,Senior Manager,28917.0,0,0,0.04769487,0,True
55.0,Company Invited,3,8.0,Salaried,Female,2,4.0,Basic,3.0,Single,1.0,0,5,0,0.0,Executive,28577.0,1,1,0.98524463,1,True
37.0,Company Invited,3,22.0,Small Business,Male,3,6.0,Deluxe,3.0,Married,3.0,0,1,1,1.0,Manager,24084.0,0,0,0.013392836,0,True
58.0,Self Enquiry,1,8.0,Salaried,Male,2,3.0,King,4.0,Single,1.0,1,3,1,0.0,VP,34246.0,1,1,0.9148596,1,True
30.0,Self Enquiry,3,11.0,Small Business,Female,1,4.0,Deluxe,3.0,Married,2.0,0,1,1,0.0,Manager,21118.0,0,0,0.0021879147,0,True
29.0,Company Invited,1,31.0,Large Business,Male,4,5.0,Standard,5.0,Unmarried,3.0,0,1,1,2.0,Senior Manager,27400.0,1,0,0.005814256,1,False
45.0,Self Enquiry,2,30.0,Small Business,Male,2,3.0,Basic,4.0,Single,2.0,0,4,0,0.0,Executive,17177.0,0,0,0.42712617,0,True
41.0,Self Enquiry,3,29.0,Salaried,Male,3,3.0,Standard,3.0,Unmarried,4.0,1,3,0,2.0,Senior Manager,22082.0,0,0,0.116891794,0,True
22.0,Self Enquiry,1,11.0,Salaried,Male,2,1.0,Basic,4.0,Married,2.0,1,4,1,0.0,Executive,17328.0,0,1,0.55153674,0,False
30.0,Company Invited,1,31.0,Salaried,Male,4,5.0,Basic,3.0,Single,3.0,1,3,1,3.0,Executive,21117.0,1,1,0.97935927,1,True
38.0,Self Enquiry,2,13.0,Salaried,Male,4,4.0,Basic,5.0,Married,6.0,1,2,1,1.0,Executive,20751.0,1,1,0.9350793,1,True
56.0,Self Enquiry,1,27.0,Large Business,Male,3,4.0,Deluxe,3.0,Married,5.0,1,1,0,1.0,Manager,24093.0,0,0,0.0029115798,0,True
54.0,Self Enquiry,3,14.0,Small Business,Female,4,5.0,Standard,3.0,Divorced,2.0,1,2,0,1.0,Senior Manager,29612.0,0,0,0.014904306,0,True
33.0,Self Enquiry,1,15.0,Small Business,Female,4,2.0,Deluxe,3.0,Divorced,7.0,0,3,1,3.0,Manager,23853.0,0,0,0.0007173059,0,True
26.0,Self Enquiry,2,31.0,Salaried,Female,3,3.0,Basic,3.0,Married,2.0,0,4,1,1.0,Executive,17942.0,0,0,0.10492352,0,True
36.0,Self Enquiry,1,18.0,Small Business,Female,2,4.0,Standard,3.0,Unmarried,1.0,0,2,1,0.0,Senior Manager,23858.0,0,0,0.006402994,0,True
27.0,Self Enquiry,1,9.0,Small Business,Male,3,5.0,Basic,3.0,Unmarried,2.0,0,3,0,1.0,Executive,22582.0,0,0,0.11928161,0,True
33.0,Company Invited,1,6.0,Salaried,Female,3,3.0,Standard,3.0,Unmarried,2.0,1,1,1,0.0,Senior Manager,28458.0,0,0,0.00022594634,0,True
47.0,Self Enquiry,3,8.0,Salaried,Female,3,4.0,Basic,3.0,Single,2.0,1,2,1,0.0,Executive,18294.0,0,1,0.837582,0,False
40.0,Self Enquiry,1,8.0,Small Business,Male,2,3.0,King,3.0,Married,1.0,0,5,1,0.0,VP,34436.0,0,0,0.00023236668,0,True
58.0,Self Enquiry,1,29.0,Small Business,Female,3,3.0,Standard,3.0,Married,2.0,0,3,1,0.0,Senior Manager,25312.0,1,1,0.9492029,1,True
54.0,Company Invited,2,32.0,Salaried,Female,1,1.0,Super Deluxe,3.0,Single,3.0,1,3,1,0.0,AVP,32328.0,0,0,0.043859836,0,True
38.0,Self Enquiry,1,12.0,Small Business,Male,4,4.0,Deluxe,3.0,Married,2.0,0,3,1,3.0,Manager,25025.0,0,0,0.022817053,0,True
59.0,Self Enquiry,1,28.0,Small Business,Female,4,4.0,Deluxe,4.0,Married,6.0,0,3,1,2.0,Manager,28686.0,1,1,0.9651832,1,True
49.0,Company Invited,1,24.0,Salaried,Male,3,3.0,Deluxe,3.0,Married,2.0,1,1,0,0.0,Manager,21804.0,0,0,0.009023999,0,True
36.0,Self Enquiry,1,12.0,Salaried,Female,2,2.0,Deluxe,3.0,Divorced,4.0,0,2,0,0.0,Manager,18038.0,0,0,0.00031689001,0,True
45.0,Self Enquiry,2,10.0,Salaried,Female,2,5.0,Standard,3.0,Married,5.0,0,1,1,1.0,Senior Manager,24756.0,0,0,0.02255418,0,True
31.0,Self Enquiry,1,25.0,Salaried,Female,4,4.0,Basic,3.0,Unmarried,3.0,0,1,1,3.0,Executive,21310.0,0,0,0.074601874,0,True
34.0,Self Enquiry,1,16.0,Salaried,Male,2,3.0,Basic,4.0,Married,2.0,0,2,1,0.0,Executive,17008.0,0,0,0.21848252,0,True
33.0,Self Enquiry,1,7.0,Salaried,Male,4,5.0,Basic,3.0,Unmarried,2.0,1,5,0,3.0,Executive,22408.0,1,1,0.79106367,1,True
41.0,Self Enquiry,1,34.0,Salaried,Female,2,4.0,Super Deluxe,4.0,Married,1.0,0,5,1,1.0,AVP,28570.0,0,0,9.2160015e-05,0,True
37.0,Self Enquiry,1,21.0,Salaried,Male,4,4.0,Deluxe,3.0,Married,2.0,1,5,1,1.0,Manager,25264.0,0,0,0.06526296,0,True
47.0,Self Enquiry,1,20.0,Salaried,Male,3,4.0,Deluxe,4.0,Unmarried,8.0,0,4,1,1.0,Manager,24240.0,0,0,0.007266396,0,True
19.0,Self Enquiry,1,15.0,Salaried,Male,2,3.0,Basic,5.0,Single,2.0,0,3,0,1.0,Executive,17552.0,0,1,0.70103645,0,False
49.0,Self Enquiry,3,9.0,Small Business,Male,3,3.0,Deluxe,4.0,Divorced,5.0,0,3,1,1.0,Manager,26798.0,0,0,0.032810636,0,True
46.0,Company Invited,1,7.0,Salaried,Male,4,5.0,Standard,3.0,Married,5.0,0,1,1,3.0,Senior Manager,29426.0,0,0,0.02150059,0,True
32.0,Self Enquiry,1,8.0,Small Business,Female,3,1.0,Deluxe,3.0,Single,1.0,0,3,0,0.0,Manager,20055.0,0,0,0.0001558594,0,True
36.0,Company Invited,1,9.0,Salaried,Female,4,4.0,Deluxe,5.0,Married,4.0,0,4,1,3.0,Manager,23771.0,0,0,0.01141154,0,True
38.0,Self Enquiry,1,7.0,Large Business,Female,3,4.0,Standard,3.0,Unmarried,6.0,0,5,1,2.0,Senior Manager,26169.0,0,0,0.003686152,0,True
30.0,Self Enquiry,1,36.0,Salaried,Male,4,6.0,Deluxe,3.0,Married,2.0,0,5,1,3.0,Manager,25062.0,0,0,0.009725012,0,True
50.0,Self Enquiry,1,32.0,Salaried,Female,3,4.0,Basic,5.0,Married,3.0,0,3,0,1.0,Executive,21889.0,0,0,0.066230185,0,True
30.0,Company Invited,1,9.0,Salaried,Male,2,3.0,Basic,3.0,Married,5.0,0,3,1,0.0,Executive,17097.0,0,0,0.039555404,0,True
34.0,Self Enquiry,1,8.0,Salaried,Male,2,4.0,Deluxe,5.0,Married,7.0,0,4,0,1.0,Manager,20957.0,0,0,0.043272767,0,True
36.0,Company Invited,3,14.0,Salaried,Male,3,4.0,Standard,5.0,Unmarried,2.0,0,1,0,0.0,Senior Manager,22587.0,0,0,0.052395247,0,True
28.0,Self Enquiry,1,15.0,Small Business,Female,3,3.0,Basic,3.0,Married,6.0,0,3,1,1.0,Executive,17377.0,0,0,0.0067209913,0,True
41.0,Company Invited,2,10.0,Salaried,Male,2,5.0,Deluxe,4.0,Married,7.0,0,5,0,1.0,Manager,21430.0,0,0,0.0144410245,0,True
34.0,Company Invited,1,7.0,Salaried,Female,3,2.0,Deluxe,4.0,Divorced,3.0,1,3,0,2.0,Manager,24166.0,0,0,0.00030748616,0,True
31.0,Self Enquiry,3,13.0,Small Business,Male,3,3.0,Deluxe,3.0,Married,5.0,0,2,0,0.0,Manager,22547.0,0,0,0.0111566605,0,True
31.0,Company Invited,1,7.0,Salaried,Male,3,5.0,Standard,3.0,Unmarried,3.0,0,5,1,2.0,Senior Manager,27152.0,0,0,0.15205677,0,True
38.0,Self Enquiry,1,16.0,Small Business,Female,3,3.0,Deluxe,3.0,Divorced,4.0,0,3,1,2.0,Manager,24824.0,0,0,0.0014783498,0,True
26.0,Self Enquiry,1,26.0,Small Business,Male,4,4.0,Basic,3.0,Divorced,5.0,0,5,1,3.0,Executive,22347.0,0,0,0.07542781,0,True
28.0,Self Enquiry,1,6.0,Large Business,Male,2,3.0,Basic,5.0,Single,3.0,0,4,0,0.0,Executive,17080.0,0,1,0.85995364,0,False
48.0,Self Enquiry,3,13.0,Small Business,Male,3,3.0,Deluxe,5.0,Married,5.0,0,4,1,1.0,Manager,20486.0,0,0,0.024396487,0,True
33.0,Self Enquiry,1,8.0,Salaried,Female,2,3.0,Basic,5.0,Married,1.0,0,3,1,1.0,Executive,17707.0,1,0,0.49904484,1,False
38.0,Self Enquiry,1,23.0,Salaried,Female,3,4.0,Standard,3.0,Divorced,1.0,0,2,0,2.0,Senior Manager,23823.0,0,0,0.076122455,0,True
26.0,Self Enquiry,3,14.0,Large Business,Male,2,4.0,Deluxe,5.0,Single,7.0,0,3,0,0.0,Manager,20326.0,1,1,0.9996213,1,True
36.0,Self Enquiry,1,14.0,Salaried,Male,4,5.0,Basic,3.0,Married,3.0,0,3,1,1.0,Executive,21368.0,0,0,0.051191755,0,True
40.0,Self Enquiry,3,16.0,Small Business,Male,3,4.0,Standard,4.0,Married,3.0,0,4,1,1.0,Senior Manager,24705.0,0,0,0.21165091,0,True
53.0,Company Invited,1,35.0,Small Business,Female,3,2.0,Super Deluxe,3.0,Divorced,4.0,1,4,0,1.0,AVP,31925.0,0,0,2.0378375e-05,0,True
36.0,Self Enquiry,3,11.0,Large Business,Male,3,4.0,Standard,5.0,Unmarried,2.0,1,4,1,2.0,Senior Manager,28260.0,1,0,0.17391746,1,False
32.0,Self Enquiry,2,25.0,Salaried,Male,3,2.0,Basic,5.0,Married,2.0,0,1,1,1.0,Executive,21634.0,1,1,0.8990851,1,True
33.0,Self Enquiry,1,8.0,Salaried,Male,2,3.0,Basic,3.0,Single,1.0,0,3,1,0.0,Executive,17500.0,0,0,0.1835237,0,True
19.0,Self Enquiry,1,9.0,Small Business,Female,3,3.0,Basic,4.0,Single,2.0,0,3,1,2.0,Executive,16483.0,0,0,0.0876502,0,True
33.0,Self Enquiry,1,12.0,Salaried,Female,4,5.0,Deluxe,4.0,Married,5.0,0,3,1,1.0,Manager,24556.0,0,0,0.029363163,0,True
42.0,Company Invited,3,32.0,Small Business,Female,3,3.0,Super Deluxe,4.0,Married,6.0,0,3,1,1.0,AVP,28525.0,0,0,0.00024916625,0,True
39.0,Self Enquiry,1,32.0,Salaried,Female,3,5.0,Standard,4.0,Divorced,5.0,0,3,1,1.0,Senior Manager,30739.0,0,0,0.01021586,0,True
26.0,Self Enquiry,1,8.0,Small Business,Male,2,1.0,Deluxe,3.0,Divorced,2.0,0,3,1,1.0,Manager,20472.0,0,0,5.702803e-05,0,True
37.0,Company Invited,1,25.0,Small Business,Female,4,4.0,Basic,3.0,Single,3.0,0,3,1,3.0,Executive,20831.0,0,0,0.055624172,0,True
33.0,Company Invited,3,28.0,Small Business,Male,3,3.0,Deluxe,4.0,Married,1.0,0,1,0,0.0,Manager,21146.0,0,0,0.00826362,0,True
44.0,Self Enquiry,1,15.0,Salaried,Female,4,4.0,Deluxe,3.0,Married,6.0,1,1,1,1.0,Manager,23200.0,0,0,0.0005074465,0,True
41.0,Self Enquiry,1,9.0,Small Business,Female,3,5.0,Basic,3.0,Single,2.0,1,3,0,1.0,Executive,21020.0,0,1,0.7402749,0,False
33.0,Self Enquiry,1,12.0,Salaried,Male,4,3.0,Basic,4.0,Married,2.0,1,2,1,1.0,Executive,21976.0,0,1,0.6106173,0,False
46.0,Self Enquiry,3,8.0,Small Business,Female,2,3.0,King,5.0,Single,4.0,0,1,1,1.0,VP,33947.0,0,0,0.00022129607,0,True
41.0,Self Enquiry,3,17.0,Large Business,Female,3,5.0,Deluxe,4.0,Married,2.0,0,5,1,2.0,Manager,25530.0,0,0,0.01086085,0,True
21.0,Self Enquiry,1,10.0,Salaried,Male,3,5.0,Basic,3.0,Unmarried,3.0,0,3,0,2.0,Executive,21711.0,0,0,0.23036288,0,True
29.0,Self Enquiry,3,33.0,Small Business,Female,2,3.0,Standard,3.0,Married,2.0,0,3,0,0.0,Senior Manager,22639.0,1,1,0.96115154,1,True
25.0,Self Enquiry,3,34.0,Salaried,Male,2,4.0,Deluxe,3.0,Married,3.0,0,4,1,1.0,Manager,23639.0,0,0,0.00876266,0,True
29.0,Self Enquiry,3,20.0,Small Business,Female,3,4.0,Deluxe,3.0,Unmarried,5.0,1,5,1,2.0,Manager,28532.0,1,1,0.9299397,1,True
29.0,Self Enquiry,1,29.0,Salaried,Male,2,1.0,Basic,3.0,Divorced,2.0,0,2,1,1.0,Executive,17700.0,0,0,0.017539037,0,True
29.0,Self Enquiry,3,16.0,Small Business,Male,2,3.0,Basic,4.0,Married,2.0,0,1,1,0.0,Executive,17297.0,0,0,0.23360865,0,True
37.0,Self Enquiry,1,25.0,Salaried,Male,3,3.0,Basic,4.0,Divorced,5.0,0,4,1,1.0,Executive,18022.0,0,0,0.07040367,0,True
31.0,Self Enquiry,3,9.0,Large Business,Male,4,4.0,Basic,4.0,Divorced,3.0,0,3,1,3.0,Executive,21154.0,0,0,0.09986247,0,True
33.0,Self Enquiry,1,11.0,Salaried,Male,2,4.0,Standard,3.0,Married,5.0,0,3,1,1.0,Senior Manager,22119.0,0,0,0.09012088,0,True
24.0,Self Enquiry,1,29.0,Small Business,Male,2,2.0,Basic,3.0,Divorced,2.0,1,4,0,1.0,Executive,17725.0,0,1,0.6878201,0,False
30.0,Self Enquiry,1,22.0,Salaried,Female,3,5.0,Deluxe,3.0,Unmarried,2.0,1,3,0,1.0,Manager,22871.0,0,0,0.12689395,0,True
28.0,Company Invited,3,7.0,Small Business,Male,4,4.0,Deluxe,4.0,Married,2.0,1,1,0,2.0,Manager,25027.0,0,0,0.0002019568,0,True
43.0,Self Enquiry,1,20.0,Small Business,Male,4,2.0,Deluxe,5.0,Married,7.0,0,4,1,1.0,Manager,24216.0,0,0,0.15811302,0,True
30.0,Self Enquiry,1,15.0,Small Business,Male,4,5.0,Deluxe,3.0,Married,3.0,1,3,1,2.0,Manager,23734.0,0,0,0.15332182,0,True
34.0,Self Enquiry,1,7.0,Salaried,Female,3,5.0,Deluxe,3.0,Unmarried,2.0,0,4,0,1.0,Manager,25627.0,0,0,0.0031538066,0,True
46.0,Self Enquiry,1,36.0,Large Business,Male,3,4.0,Standard,3.0,Divorced,6.0,1,5,1,1.0,Senior Manager,28058.0,0,0,0.12988025,0,True
33.0,Self Enquiry,1,21.0,Small Business,Male,2,3.0,Standard,3.0,Married,1.0,1,5,1,0.0,Senior Manager,28610.0,1,1,0.9325837,1,True
21.0,Company Invited,1,16.0,Salaried,Female,2,4.0,Basic,3.0,Single,2.0,0,4,1,0.0,Executive,17625.0,1,1,0.87023014,1,True
25.0,Company Invited,1,16.0,Small Business,Male,3,4.0,Basic,5.0,Unmarried,4.0,1,3,0,2.0,Executive,21850.0,1,1,0.9822571,1,True
30.0,Company Invited,3,9.0,Salaried,Male,4,4.0,Deluxe,3.0,Married,3.0,0,1,1,2.0,Manager,23327.0,0,0,0.009922926,0,True
33.0,Self Enquiry,3,22.0,Small Business,Female,3,3.0,Deluxe,5.0,Single,6.0,0,3,1,0.0,Manager,20324.0,1,1,0.898389,1,True
44.0,Company Invited,1,23.0,Salaried,Male,3,5.0,Basic,3.0,Single,3.0,0,4,1,1.0,Executive,17290.0,0,0,0.1318654,0,True
36.0,Self Enquiry,2,33.0,Salaried,Female,3,4.0,Standard,3.0,Unmarried,3.0,1,1,1,1.0,Senior Manager,27515.0,0,0,0.09495914,0,True
23.0,Company Invited,1,23.0,Small Business,Male,4,2.0,Basic,3.0,Married,3.0,1,3,0,3.0,Executive,21613.0,0,1,0.61709195,0,False
52.0,Self Enquiry,1,13.0,Salaried,Male,3,4.0,King,3.0,Single,2.0,0,5,1,2.0,VP,38215.0,0,0,0.0066164564,0,True
32.0,Company Invited,1,10.0,Small Business,Male,4,4.0,Standard,3.0,Married,2.0,0,4,1,3.0,Senior Manager,32353.0,0,0,0.023776475,0,True
26.0,Self Enquiry,1,7.0,Salaried,Female,4,4.0,Deluxe,3.0,Married,2.0,0,3,1,2.0,Manager,23576.0,0,0,0.00822004,0,True
54.0,Self Enquiry,1,13.0,Salaried,Male,3,4.0,Deluxe,3.0,Single,4.0,0,5,1,2.0,Manager,21128.0,0,0,0.032932688,0,True
28.0,Self Enquiry,1,12.0,Salaried,Female,3,4.0,Basic,4.0,Single,3.0,1,3,0,2.0,Executive,21156.0,0,1,0.8263473,0,False
20.0,Self Enquiry,1,16.0,Small Business,Male,2,3.0,Basic,3.0,Single,2.0,1,5,1,1.0,Executive,16009.0,1,1,0.9500736,1,True
48.0,Self Enquiry,3,9.0,Salaried,Female,4,5.0,Basic,3.0,Unmarried,3.0,1,1,0,1.0,Executive,21972.0,0,1,0.93974614,0,False
32.0,Self Enquiry,1,31.0,Small Business,Female,4,5.0,Deluxe,5.0,Unmarried,3.0,0,5,0,3.0,Manager,25490.0,0,0,0.41275415,0,True
32.0,Company Invited,1,36.0,Small Business,Male,4,5.0,Basic,4.0,Unmarried,2.0,0,3,1,3.0,Executive,22157.0,1,1,0.833808,1,True
35.0,Self Enquiry,1,8.0,Salaried,Male,2,4.0,Standard,4.0,Married,3.0,0,4,1,0.0,Senior Manager,25274.0,0,0,0.021568388,0,True
52.0,Company Invited,1,15.0,Salaried,Male,3,6.0,Standard,3.0,Single,4.0,0,2,0,2.0,Senior Manager,29328.0,1,1,0.9758874,1,True
33.0,Self Enquiry,1,16.0,Small Business,Female,3,4.0,Basic,5.0,Unmarried,2.0,0,4,1,1.0,Executive,22878.0,1,1,0.5873154,1,True
22.0,Self Enquiry,3,19.0,Salaried,Female,3,3.0,Basic,4.0,Unmarried,3.0,0,5,0,2.0,Executive,21394.0,1,1,0.8636993,1,True
39.0,Company Invited,1,6.0,Salaried,Male,2,3.0,King,3.0,Married,2.0,1,3,0,1.0,VP,34197.0,0,0,0.00025178742,0,True
43.0,Company Invited,2,9.0,Small Business,Male,4,2.0,Deluxe,5.0,Married,2.0,0,1,1,2.0,Manager,24950.0,0,0,0.00013240967,0,True
33.0,Self Enquiry,2,9.0,Salaried,Male,2,3.0,Basic,4.0,Married,4.0,1,5,0,1.0,Executive,17277.0,0,1,0.54074997,0,False
43.0,Self Enquiry,3,11.0,Small Business,Male,3,4.0,Deluxe,5.0,Unmarried,2.0,0,5,1,2.0,Manager,23833.0,0,0,0.14029014,0,True
43.0,Self Enquiry,3,15.0,Small Business,Female,2,5.0,Deluxe,3.0,Single,1.0,0,1,0,0.0,Manager,20346.0,1,0,0.40032193,1,False
24.0,Self Enquiry,2,28.0,Salaried,Male,2,5.0,Basic,3.0,Married,2.0,0,1,0,1.0,Executive,16555.0,1,1,0.9079783,1,True
36.0,Company Invited,1,7.0,Small Business,Male,4,4.0,Basic,5.0,Married,6.0,0,1,0,2.0,Executive,20872.0,0,0,0.0016360322,0,True
29.0,Self Enquiry,1,19.0,Salaried,Female,4,4.0,Basic,3.0,Divorced,3.0,1,4,1,1.0,Executive,21193.0,1,1,0.86684555,1,True
37.0,Self Enquiry,1,19.0,Salaried,Female,4,4.0,Deluxe,3.0,Married,2.0,1,1,0,3.0,Manager,23341.0,0,0,0.00055202004,0,True
41.0,Self Enquiry,3,26.0,Small Business,Female,3,3.0,Basic,4.0,Single,2.0,1,4,0,2.0,Executive,18140.0,1,1,0.9697871,1,True
42.0,Self Enquiry,1,12.0,Salaried,Male,3,2.0,Deluxe,4.0,Unmarried,5.0,0,5,1,1.0,Manager,25548.0,0,0,0.008503381,0,True
32.0,Self Enquiry,3,14.0,Salaried,Male,3,5.0,Basic,3.0,Divorced,5.0,0,4,1,2.0,Executive,21007.0,0,0,0.12485906,0,True
60.0,Self Enquiry,2,13.0,Small Business,Male,3,4.0,Basic,3.0,Married,2.0,0,4,0,1.0,Executive,20945.0,0,0,0.012485323,0,True
31.0,Self Enquiry,1,10.0,Large Business,Female,3,4.0,Basic,5.0,Unmarried,7.0,1,4,0,1.0,Executive,21335.0,1,1,0.9464866,1,True
45.0,Self Enquiry,1,14.0,Small Business,Female,3,5.0,Standard,3.0,Divorced,5.0,0,4,1,1.0,Senior Manager,28926.0,0,0,0.093506776,0,True
42.0,Self Enquiry,1,19.0,Salaried,Male,3,4.0,Basic,3.0,Divorced,5.0,1,3,1,1.0,Executive,23444.0,0,1,0.5769445,0,False
31.0,Company Invited,1,11.0,Large Business,Male,3,4.0,Basic,3.0,Single,20.0,1,4,1,2.0,Executive,20963.0,1,1,0.9999995,1,True
38.0,Self Enquiry,1,29.0,Salaried,Male,2,3.0,Deluxe,3.0,Married,1.0,0,3,0,0.0,Manager,20745.0,0,0,0.03705716,0,True
18.0,Company Invited,1,6.0,Salaried,Female,3,3.0,Basic,3.0,Single,2.0,0,5,1,1.0,Executive,16611.0,0,1,0.6256816,0,False
36.0,Company Invited,3,14.0,Large Business,Male,2,3.0,Deluxe,3.0,Married,5.0,0,3,1,0.0,Manager,20079.0,0,0,0.31025934,0,True
39.0,Company Invited,1,5.0,Small Business,Male,2,4.0,King,3.0,Divorced,2.0,0,5,1,1.0,VP,34272.0,0,0,0.00019431557,0,True
42.0,Self Enquiry,1,8.0,Small Business,Male,2,3.0,Super Deluxe,5.0,Married,1.0,0,3,1,0.0,AVP,32665.0,0,0,1.9597188e-07,0,True
32.0,Self Enquiry,3,25.0,Salaried,Male,3,5.0,Standard,3.0,Married,4.0,0,3,1,2.0,Senior Manager,24610.0,0,0,0.31217098,0,True
46.0,Company Invited,1,24.0,Small Business,Female,2,3.0,Standard,3.0,Married,6.0,0,3,0,1.0,Senior Manager,25527.0,0,0,0.004880192,0,True
28.0,Company Invited,3,27.0,Salaried,Female,3,4.0,Deluxe,3.0,Single,3.0,0,1,1,2.0,Manager,28659.0,0,0,0.007879196,0,True
51.0,Self Enquiry,1,6.0,Salaried,Male,3,3.0,Basic,3.0,Married,2.0,0,4,1,0.0,Executive,17723.0,0,0,0.008926155,0,True
25.0,Self Enquiry,1,24.0,Salaried,Male,4,5.0,Basic,4.0,Divorced,3.0,0,3,1,2.0,Executive,20805.0,0,0,0.23423995,0,True
47.0,Company Invited,3,10.0,Small Business,Male,3,3.0,Deluxe,3.0,Single,4.0,0,4,0,2.0,Manager,17976.0,0,0,0.013588481,0,True
26.0,Self Enquiry,3,17.0,Salaried,Male,3,4.0,Deluxe,3.0,Unmarried,2.0,0,1,1,1.0,Manager,23628.0,0,0,0.015369468,0,True
52.0,Self Enquiry,1,15.0,Salaried,Male,3,5.0,Standard,4.0,Divorced,7.0,0,3,1,2.0,Senior Manager,31168.0,0,0,0.015230703,0,True
39.0,Self Enquiry,1,9.0,Small Business,Male,3,4.0,Deluxe,4.0,Married,6.0,0,4,0,1.0,Manager,23533.0,1,0,0.35377863,1,False
27.0,Self Enquiry,3,30.0,Small Business,Female,3,5.0,Deluxe,3.0,Divorced,2.0,1,2,1,1.0,Manager,22835.0,0,1,0.98106915,0,False
35.0,Self Enquiry,1,15.0,Salaried,Female,3,4.0,Deluxe,5.0,Married,5.0,0,5,1,2.0,Manager,23799.0,0,0,0.024335228,0,True
38.0,Self Enquiry,3,6.0,Salaried,Female,2,4.0,Deluxe,3.0,Unmarried,5.0,0,2,1,1.0,Manager,23686.0,0,0,0.011171479,0,True
50.0,Self Enquiry,3,18.0,Small Business,Female,4,4.0,Deluxe,3.0,Unmarried,5.0,0,4,0,2.0,Manager,23185.0,0,0,0.016690798,0,True
42.0,Self Enquiry,3,10.0,Salaried,Male,3,5.0,Deluxe,4.0,Married,4.0,0,3,0,2.0,Manager,27616.0,0,0,0.06081596,0,True
53.0,Self Enquiry,1,30.0,Small Business,Male,2,1.0,Standard,3.0,Married,4.0,0,3,0,1.0,Senior Manager,22005.0,0,0,0.24873707,0,True
33.0,Company Invited,3,16.0,Small Business,Male,3,6.0,Deluxe,3.0,Married,2.0,0,2,0,2.0,Manager,23346.0,0,0,0.016812582,0,True
30.0,Self Enquiry,1,9.0,Salaried,Male,4,4.0,Basic,4.0,Divorced,2.0,0,4,0,1.0,Executive,21381.0,0,0,0.038651023,0,True
44.0,Self Enquiry,1,9.0,Salaried,Male,2,3.0,King,3.0,Married,5.0,1,1,0,1.0,VP,34513.0,0,0,8.098708e-05,0,True
27.0,Self Enquiry,3,17.0,Small Business,Female,3,1.0,Basic,3.0,Divorced,1.0,0,3,1,1.0,Executive,17534.0,0,0,0.0004984836,0,True
27.0,Company Invited,3,14.0,Salaried,Male,2,3.0,Standard,3.0,Unmarried,2.0,0,2,1,0.0,Senior Manager,23726.0,0,0,0.047477167,0,True
24.0,Self Enquiry,1,27.0,Salaried,Male,4,4.0,Deluxe,3.0,Single,2.0,0,4,1,3.0,Manager,20950.0,0,0,0.034805723,0,True
42.0,Company Invited,2,8.0,Small Business,Male,3,1.0,Deluxe,5.0,Divorced,1.0,0,2,0,2.0,Manager,21272.0,0,0,1.4403163e-05,0,True
28.0,Self Enquiry,1,21.0,Salaried,Male,3,4.0,Basic,5.0,Married,3.0,1,4,1,1.0,Executive,20913.0,0,1,0.5907116,0,False
21.0,Company Invited,3,16.0,Small Business,Female,3,4.0,Basic,3.0,Single,3.0,1,4,0,1.0,Executive,21001.0,1,1,0.99819404,1,True
43.0,Self Enquiry,1,36.0,Salaried,Male,4,4.0,Deluxe,4.0,Married,3.0,0,3,1,1.0,Manager,23112.0,0,0,0.123653986,0,True
30.0,Self Enquiry,3,35.0,Large Business,Male,2,3.0,Standard,4.0,Married,4.0,0,4,0,1.0,Senior Manager,24250.0,0,0,0.3774429,0,True
23.0,Self Enquiry,1,18.0,Salaried,Male,3,3.0,Basic,3.0,Single,2.0,0,5,1,0.0,Executive,17647.0,0,0,0.3479009,0,True
37.0,Company Invited,3,10.0,Small Business,Male,2,3.0,Basic,3.0,Married,5.0,0,4,1,0.0,Executive,17793.0,0,0,0.09954851,0,True
31.0,Self Enquiry,3,13.0,Large Business,Male,3,2.0,Deluxe,3.0,Divorced,5.0,0,2,1,0.0,Manager,21929.0,0,0,0.12289464,0,True
31.0,Company Invited,3,32.0,Large Business,Female,3,4.0,Deluxe,3.0,Married,2.0,1,3,1,2.0,Manager,23414.0,0,0,0.016376318,0,True
23.0,Self Enquiry,1,15.0,Salaried,Male,4,6.0,Basic,5.0,Divorced,3.0,0,2,1,1.0,Executive,21129.0,0,0,0.3744131,0,True
41.0,Self Enquiry,3,9.0,Small Business,Female,4,4.0,Deluxe,4.0,Married,5.0,0,3,1,2.0,Manager,24355.0,0,0,0.0075162426,0,True
28.0,Self Enquiry,1,12.0,Large Business,Male,3,5.0,Standard,3.0,Married,3.0,1,3,0,1.0,Senior Manager,31486.0,0,0,0.002555743,0,True
54.0,Self Enquiry,3,15.0,Small Business,Male,4,4.0,Super Deluxe,3.0,Married,7.0,0,3,1,1.0,AVP,30514.0,0,0,9.665624e-05,0,True
33.0,Company Invited,1,17.0,Salaried,Male,3,4.0,Basic,3.0,Married,8.0,0,1,0,1.0,Executive,22111.0,0,0,0.009995348,0,True
55.0,Self Enquiry,3,8.0,Small Business,Male,2,3.0,Deluxe,3.0,Single,5.0,0,1,1,0.0,Manager,20160.0,1,1,0.7700977,1,True
38.0,Company Invited,1,12.0,Salaried,Male,3,4.0,Deluxe,3.0,Married,3.0,0,4,1,1.0,Manager,20321.0,0,0,0.024250302,0,True
30.0,Self Enquiry,1,14.0,Salaried,Male,3,4.0,Deluxe,3.0,Married,3.0,1,3,0,1.0,Manager,25301.0,0,0,0.008798874,0,True
25.0,Company Invited,1,11.0,Salaried,Male,3,5.0,Basic,3.0,Divorced,2.0,0,3,0,1.0,Executive,21840.0,0,0,0.025861736,0,True
26.0,Self Enquiry,1,30.0,Large Business,Male,3,5.0,Basic,3.0,Single,2.0,1,3,0,1.0,Executive,17340.0,1,1,0.9926812,1,True
48.0,Company Invited,3,11.0,Small Business,Male,4,4.0,Deluxe,3.0,Unmarried,5.0,0,4,0,3.0,Manager,21654.0,0,0,0.018409526,0,True
31.0,Self Enquiry,1,6.0,Small Business,Male,2,3.0,Basic,4.0,Single,2.0,0,3,1,0.0,Executive,17501.0,0,0,0.24913694,0,True
18.0,Company Invited,3,11.0,Small Business,Male,3,3.0,Basic,4.0,Single,2.0,1,4,1,2.0,Executive,16878.0,1,1,0.99581015,1,True
29.0,Self Enquiry,3,26.0,Small Business,Male,2,3.0,Deluxe,3.0,Married,3.0,0,2,1,1.0,Manager,21931.0,0,0,0.03956696,0,True
54.0,Self Enquiry,1,30.0,Salaried,Female,4,4.0,Super Deluxe,3.0,Single,8.0,0,5,1,2.0,AVP,32953.0,0,0,0.0020649505,0,True
31.0,Company Invited,1,11.0,Small Business,Male,3,3.0,Deluxe,5.0,Unmarried,1.0,0,1,0,2.0,Manager,24936.0,0,0,0.00031950284,0,True
34.0,Company Invited,1,6.0,Salaried,Male,3,3.0,Basic,5.0,Married,6.0,0,1,1,2.0,Executive,17996.0,0,0,0.09479239,0,True
37.0,Company Invited,1,16.0,Small Business,Male,3,3.0,Standard,3.0,Married,7.0,0,3,0,2.0,Senior Manager,25048.0,1,1,0.81037796,1,True
42.0,Self Enquiry,3,13.0,Salaried,Female,4,4.0,Standard,3.0,Single,5.0,1,2,0,2.0,Senior Manager,32269.0,0,0,0.03703509,0,True
40.0,Self Enquiry,3,31.0,Small Business,Female,3,5.0,Super Deluxe,3.0,Married,2.0,0,1,1,2.0,AVP,30709.0,0,0,1.2417605e-06,0,True
34.0,Self Enquiry,3,6.0,Small Business,Male,3,1.0,Deluxe,3.0,Married,1.0,0,5,0,1.0,Manager,24725.0,0,0,3.9907383e-05,0,True
56.0,Self Enquiry,1,6.0,Salaried,Female,2,3.0,Basic,5.0,Divorced,3.0,0,5,1,1.0,Executive,17066.0,0,0,0.027193038,0,True
46.0,Company Invited,1,30.0,Salaried,Male,3,4.0,Deluxe,5.0,Divorced,3.0,1,2,1,1.0,Manager,22311.0,0,0,0.050849304,0,True
22.0,Company Invited,1,32.0,Salaried,Female,2,4.0,Basic,3.0,Married,2.0,1,3,0,0.0,Executive,17814.0,0,1,0.99103737,0,False
29.0,Self Enquiry,1,31.0,Small Business,Male,3,4.0,Basic,4.0,Married,3.0,1,1,0,1.0,Executive,21086.0,1,1,0.9918994,1,True
31.0,Self Enquiry,3,13.0,Salaried,Male,2,4.0,Standard,3.0,Married,1.0,0,3,1,0.0,Senior Manager,26557.0,0,0,0.1277534,0,True
40.0,Self Enquiry,3,12.0,Large Business,Male,3,4.0,Deluxe,3.0,Married,5.0,0,1,0,1.0,Manager,20764.0,1,1,0.961647,1,True
51.0,Company Invited,3,8.0,Small Business,Male,2,3.0,Standard,4.0,Divorced,3.0,0,4,0,0.0,Senior Manager,25596.0,0,0,0.041085612,0,True
34.0,Company Invited,3,7.0,Salaried,Female,3,2.0,Deluxe,5.0,Married,4.0,0,3,0,2.0,Manager,24054.0,0,0,0.0017666391,0,True
40.0,Self Enquiry,2,10.0,Salaried,Female,3,3.0,Deluxe,4.0,Divorced,2.0,0,2,1,1.0,Manager,25067.0,0,0,0.0034824342,0,True
54.0,Company Invited,1,7.0,Salaried,Female,2,3.0,Standard,3.0,Married,1.0,0,5,0,1.0,Senior Manager,25502.0,0,0,0.0032109711,0,True
38.0,Self Enquiry,1,26.0,Salaried,Male,4,4.0,Basic,4.0,Divorced,6.0,0,4,1,2.0,Executive,21700.0,0,0,0.107575126,0,True
43.0,Company Invited,3,21.0,Salaried,Male,2,4.0,Deluxe,3.0,Married,4.0,0,5,1,0.0,Manager,21804.0,0,0,0.007378318,0,True
46.0,Company Invited,3,32.0,Salaried,Male,3,4.0,Deluxe,4.0,Unmarried,1.0,0,4,1,2.0,Manager,22991.0,0,0,0.05150833,0,True
53.0,Self Enquiry,1,13.0,Small Business,Female,2,3.0,King,3.0,Married,4.0,0,2,1,0.0,VP,33606.0,0,0,2.675314e-06,0,True
33.0,Company Invited,3,9.0,Salaried,Female,4,4.0,Basic,5.0,Married,3.0,0,3,0,2.0,Executive,21505.0,0,0,0.009695363,0,True
41.0,Self Enquiry,1,16.0,Salaried,Male,3,4.0,Basic,5.0,Single,5.0,0,1,1,2.0,Executive,20696.0,1,1,0.8602759,1,True
38.0,Self Enquiry,1,21.0,Salaried,Male,3,4.0,Standard,3.0,Married,1.0,1,5,1,2.0,Senior Manager,26510.0,0,0,0.1060351,0,True
31.0,Self Enquiry,1,35.0,Small Business,Female,4,4.0,Deluxe,3.0,Divorced,3.0,0,3,0,3.0,Manager,24453.0,0,0,0.0029616705,0,True
36.0,Company Invited,1,18.0,Small Business,Male,4,5.0,Standard,5.0,Married,4.0,1,5,1,3.0,Senior Manager,28562.0,0,0,0.25374126,0,True
30.0,Self Enquiry,1,6.0,Salaried,Male,2,4.0,Deluxe,3.0,Married,2.0,1,1,1,1.0,Manager,20126.0,0,0,0.002041598,0,True
55.0,Self Enquiry,1,6.0,Small Business,Male,2,3.0,King,5.0,Single,1.0,1,2,1,0.0,VP,34045.0,0,0,0.40558413,0,True
39.0,Self Enquiry,3,11.0,Large Business,Male,2,3.0,Deluxe,3.0,Divorced,4.0,0,2,0,1.0,Manager,17086.0,1,1,0.9503517,1,True
31.0,Self Enquiry,1,18.0,Small Business,Female,2,3.0,Deluxe,3.0,Divorced,1.0,1,4,0,1.0,Manager,20855.0,0,0,0.029804783,0,True
38.0,Self Enquiry,1,6.0,Large Business,Female,3,3.0,Standard,5.0,Divorced,2.0,0,4,1,2.0,Senior Manager,28582.0,0,0,0.00034398137,0,True
41.0,Self Enquiry,3,7.0,Small Business,Male,3,6.0,Deluxe,3.0,Married,4.0,1,3,1,1.0,Manager,26135.0,0,0,0.31906763,0,True
19.0,Company Invited,3,10.0,Small Business,Female,4,4.0,Basic,3.0,Single,3.0,1,5,0,2.0,Executive,20247.0,1,1,0.99789095,1,True
20.0,Self Enquiry,3,8.0,Small Business,Female,2,4.0,Basic,3.0,Single,2.0,0,4,0,1.0,Executive,17044.0,1,1,0.95830566,1,True
26.0,Self Enquiry,3,11.0,Small Business,Male,3,5.0,Deluxe,5.0,Married,3.0,0,3,1,2.0,Manager,22934.0,0,0,0.059950963,0,True
32.0,Self Enquiry,1,9.0,Small Business,Female,3,3.0,Deluxe,5.0,Married,2.0,0,1,1,0.0,Manager,21725.0,0,0,0.00013115346,0,True
46.0,Self Enquiry,1,8.0,Large Business,Male,2,3.0,Deluxe,3.0,Married,3.0,0,2,1,0.0,Manager,22379.0,0,0,0.0023181946,0,True
40.0,Self Enquiry,3,10.0,Small Business,Male,3,4.0,Standard,3.0,Married,1.0,0,1,1,1.0,Senior Manager,25855.0,0,0,0.025114644,0,True
36.0,Self Enquiry,3,24.0,Salaried,Male,4,4.0,Deluxe,5.0,Married,5.0,1,3,0,3.0,Manager,27644.0,0,0,0.10707081,0,True
47.0,Self Enquiry,3,16.0,Small Business,Male,4,5.0,Standard,3.0,Unmarried,3.0,0,5,1,3.0,Senior Manager,28297.0,1,1,0.6936992,1,True
49.0,Self Enquiry,1,14.0,Salaried,Female,2,3.0,Standard,4.0,Married,5.0,0,4,0,1.0,Senior Manager,22403.0,0,0,0.012433469,0,True
41.0,Self Enquiry,3,16.0,Small Business,Male,3,4.0,Deluxe,5.0,Married,2.0,0,3,1,2.0,Manager,24151.0,0,0,0.030354941,0,True
33.0,Company Invited,3,23.0,Salaried,Male,2,3.0,Super Deluxe,3.0,Single,2.0,0,3,1,1.0,AVP,32444.0,0,0,0.019258412,0,True
31.0,Company Invited,1,10.0,Small Business,Female,4,4.0,Basic,3.0,Married,3.0,0,3,1,2.0,Executive,20761.0,0,0,0.004292184,0,True
31.0,Self Enquiry,2,7.0,Salaried,Male,3,4.0,Basic,3.0,Married,2.0,0,1,0,2.0,Executive,20742.0,0,0,0.0031144572,0,True
49.0,Self Enquiry,1,24.0,Salaried,Male,2,4.0,King,3.0,Married,2.0,1,3,1,0.0,VP,34502.0,0,0,0.074164756,0,True
35.0,Company Invited,3,14.0,Small Business,Female,3,4.0,Standard,3.0,Divorced,5.0,1,5,1,2.0,Senior Manager,25377.0,0,0,0.39928314,0,True
40.0,Self Enquiry,3,9.0,Salaried,Male,3,2.0,Standard,3.0,Unmarried,2.0,0,1,0,1.0,Senior Manager,26558.0,0,0,0.0009303507,0,True
28.0,Company Invited,1,8.0,Small Business,Male,2,4.0,Basic,5.0,Single,1.0,0,4,0,0.0,Executive,17561.0,1,1,0.82481885,1,True
32.0,Self Enquiry,1,7.0,Salaried,Male,4,5.0,Basic,5.0,Married,3.0,0,4,1,2.0,Executive,20896.0,0,0,0.22285627,0,True
38.0,Self Enquiry,3,9.0,Salaried,Male,3,3.0,Standard,3.0,Married,1.0,0,2,1,1.0,Senior Manager,25609.0,0,0,0.030814257,0,True
29.0,Self Enquiry,2,12.0,Small Business,Male,2,4.0,Basic,4.0,Married,2.0,0,3,1,1.0,Executive,17804.0,0,1,0.51148355,0,False
33.0,Self Enquiry,1,6.0,Small Business,Female,3,2.0,Super Deluxe,3.0,Married,5.0,0,2,0,2.0,AVP,31184.0,0,0,2.2011766e-11,0,True
23.0,Company Invited,3,15.0,Small Business,Male,2,3.0,Basic,5.0,Married,2.0,0,5,1,0.0,Executive,16790.0,1,1,0.9916811,1,True
38.0,Company Invited,1,8.0,Salaried,Female,3,1.0,Deluxe,5.0,Single,7.0,1,1,0,0.0,Manager,20980.0,0,0,0.017677246,0,True
34.0,Self Enquiry,1,28.0,Small Business,Male,4,2.0,Basic,4.0,Married,3.0,0,1,1,2.0,Executive,20706.0,0,0,0.0088232085,0,True
32.0,Company Invited,1,10.0,Salaried,Female,3,4.0,Basic,3.0,Unmarried,3.0,0,4,1,2.0,Executive,22762.0,1,0,0.13814397,1,False
56.0,Self Enquiry,1,15.0,Small Business,Male,2,3.0,Super Deluxe,3.0,Divorced,1.0,0,4,0,0.0,AVP,26103.0,0,0,5.206393e-07,0,True
55.0,Company Invited,1,24.0,Small Business,Male,3,3.0,Deluxe,4.0,Married,4.0,1,5,1,1.0,Manager,21385.0,0,0,0.16601326,0,True
31.0,Self Enquiry,3,12.0,Small Business,Male,3,2.0,Deluxe,3.0,Married,5.0,0,5,1,2.0,Manager,20460.0,0,0,0.011138706,0,True
33.0,Self Enquiry,1,36.0,Salaried,Female,3,5.0,Basic,4.0,Unmarried,3.0,0,3,1,1.0,Executive,21515.0,0,0,0.21947579,0,True
44.0,Self Enquiry,1,8.0,Salaried,Female,3,1.0,Standard,3.0,Married,2.0,1,4,1,0.0,Senior Manager,22879.0,0,0,0.0016313161,0,True
52.0,Company Invited,3,13.0,Small Business,Female,3,3.0,Basic,3.0,Married,3.0,1,4,1,2.0,Executive,23446.0,1,1,0.95131695,1,True
38.0,Self Enquiry,1,18.0,Small Business,Female,4,4.0,Basic,3.0,Unmarried,6.0,0,3,0,2.0,Executive,22307.0,0,0,0.0032296877,0,True
37.0,Company Invited,3,17.0,Small Business,Male,3,4.0,Standard,3.0,Single,3.0,0,2,1,2.0,Senior Manager,28658.0,0,0,0.05466931,0,True
31.0,Self Enquiry,2,28.0,Salaried,Male,2,5.0,Basic,3.0,Married,2.0,0,1,0,1.0,Executive,24852.0,1,1,0.86273324,1,True
38.0,Self Enquiry,1,20.0,Small Business,Male,3,4.0,Deluxe,3.0,Married,3.0,0,1,0,1.0,Manager,22963.0,0,0,0.0034554568,0,True
39.0,Self Enquiry,1,6.0,Small Business,Female,3,3.0,Basic,3.0,Married,1.0,0,3,0,1.0,Executive,17232.0,0,0,0.00012356635,0,True
34.0,Company Invited,1,21.0,Small Business,Male,3,3.0,Super Deluxe,5.0,Married,1.0,0,4,1,2.0,AVP,32007.0,0,0,2.8588276e-05,0,True
38.0,Company Invited,1,12.0,Small Business,Female,3,5.0,Deluxe,3.0,Married,1.0,1,2,0,2.0,Manager,20329.0,0,0,0.00017697595,0,True
38.0,Self Enquiry,1,14.0,Small Business,Male,2,4.0,Standard,3.0,Single,6.0,0,1,0,1.0,Senior Manager,32342.0,0,0,0.007468515,0,True
51.0,Self Enquiry,1,14.0,Salaried,Male,2,4.0,Standard,4.0,Married,6.0,0,3,1,1.0,Senior Manager,27490.0,0,0,0.00928471,0,True
34.0,Company Invited,3,8.0,Small Business,Female,3,3.0,Basic,3.0,Married,7.0,0,5,0,0.0,Executive,17231.0,0,0,0.00052270805,0,True
25.0,Company Invited,1,16.0,Salaried,Male,3,5.0,Basic,4.0,Married,3.0,0,5,1,1.0,Executive,21372.0,0,0,0.43752408,0,True
48.0,Self Enquiry,1,10.0,Salaried,Male,3,4.0,Standard,3.0,Unmarried,1.0,0,5,1,0.0,Senior Manager,25999.0,0,0,0.06716795,0,True
41.0,Company Invited,3,9.0,Small Business,Male,4,4.0,Deluxe,4.0,Married,7.0,0,4,1,2.0,Manager,23005.0,0,0,0.044915237,0,True
27.0,Company Invited,1,12.0,Small Business,Female,3,5.0,Basic,3.0,Divorced,3.0,1,2,0,2.0,Executive,21044.0,1,0,0.24461983,1,False
33.0,Self Enquiry,3,16.0,Small Business,Male,2,1.0,Standard,3.0,Married,1.0,1,4,1,1.0,Senior Manager,23380.0,0,0,0.3891205,0,True
41.0,Self Enquiry,2,16.0,Salaried,Male,3,4.0,King,3.0,Married,4.0,0,2,1,0.0,VP,34141.0,0,0,0.00035798605,0,True
29.0,Company Invited,1,30.0,Salaried,Male,3,4.0,Basic,3.0,Single,2.0,1,3,1,2.0,Executive,17439.0,1,1,0.95830417,1,True
42.0,Self Enquiry,1,9.0,Salaried,Female,3,1.0,Deluxe,3.0,Divorced,3.0,1,5,0,0.0,Manager,20231.0,0,0,0.0049914634,0,True
26.0,Self Enquiry,1,9.0,Small Business,Male,4,2.0,Basic,5.0,Unmarried,2.0,0,2,1,3.0,Executive,22102.0,0,0,0.021735132,0,True
32.0,Self Enquiry,1,30.0,Small Business,Male,4,5.0,Deluxe,3.0,Divorced,2.0,0,3,1,2.0,Manager,24260.0,0,0,0.018000433,0,True
29.0,Self Enquiry,1,13.0,Small Business,Female,3,4.0,Basic,3.0,Married,7.0,0,5,1,1.0,Executive,17532.0,0,0,0.029593563,0,True
38.0,Company Invited,1,15.0,Salaried,Male,3,3.0,Deluxe,5.0,Married,5.0,0,3,0,2.0,Manager,21893.0,1,1,0.9444002,1,True
48.0,Self Enquiry,1,9.0,Small Business,Female,4,4.0,Deluxe,3.0,Married,7.0,0,2,0,2.0,Manager,23748.0,0,0,9.414715e-05,0,True
60.0,Self Enquiry,3,22.0,Small Business,Male,2,3.0,Deluxe,5.0,Single,1.0,0,4,1,1.0,Manager,20405.0,0,0,0.18407328,0,True
44.0,Self Enquiry,3,11.0,Small Business,Female,3,5.0,Standard,3.0,Single,5.0,0,3,1,1.0,Senior Manager,28909.0,0,0,0.2299382,0,True
32.0,Self Enquiry,1,19.0,Small Business,Female,4,4.0,Basic,3.0,Divorced,2.0,1,4,1,3.0,Executive,22607.0,0,1,0.68008405,0,False
55.0,Company Invited,1,8.0,Salaried,Male,3,3.0,Standard,4.0,Divorced,4.0,0,2,1,1.0,Senior Manager,25976.0,0,0,0.20013453,0,True
40.0,Company Invited,1,16.0,Salaried,Male,4,4.0,Deluxe,4.0,Unmarried,2.0,0,1,1,1.0,Manager,25460.0,0,0,0.011649988,0,True
35.0,Self Enquiry,3,7.0,Large Business,Male,4,5.0,Standard,3.0,Divorced,3.0,1,1,1,2.0,Senior Manager,25761.0,0,0,0.010177814,0,True
45.0,Self Enquiry,1,26.0,Small Business,Male,3,5.0,Standard,5.0,Married,3.0,1,3,0,0.0,Senior Manager,25851.0,0,0,0.12864329,0,True
50.0,Self Enquiry,1,27.0,Small Business,Female,4,4.0,Deluxe,5.0,Divorced,3.0,0,2,1,3.0,Manager,25245.0,0,0,0.034869514,0,True
37.0,Self Enquiry,1,13.0,Small Business,Male,1,3.0,Standard,3.0,Single,5.0,0,2,0,0.0,Senior Manager,28664.0,0,0,0.039539233,0,True
40.0,Self Enquiry,3,13.0,Small Business,Male,3,2.0,Standard,3.0,Married,4.0,0,4,1,2.0,Senior Manager,26915.0,0,0,0.033165596,0,True
50.0,Company Invited,3,18.0,Small Business,Female,3,3.0,Standard,3.0,Unmarried,5.0,0,5,0,0.0,Senior Manager,24208.0,0,0,0.015779097,0,True
32.0,Self Enquiry,1,14.0,Small Business,Female,3,4.0,Standard,3.0,Unmarried,3.0,1,4,1,2.0,Senior Manager,25821.0,0,0,0.16313867,0,True
29.0,Self Enquiry,3,12.0,Small Business,Male,4,4.0,Deluxe,3.0,Unmarried,3.0,0,3,0,2.0,Manager,23586.0,0,0,0.007978471,0,True
35.0,Self Enquiry,3,15.0,Large Business,Male,4,2.0,Deluxe,3.0,Married,3.0,0,1,0,3.0,Manager,25477.0,0,0,0.0018867728,0,True
44.0,Self Enquiry,1,10.0,Small Business,Male,2,3.0,Deluxe,4.0,Single,1.0,0,2,1,0.0,Manager,20933.0,0,0,0.046696436,0,True
40.0,Self Enquiry,1,21.0,Salaried,Female,3,4.0,Standard,3.0,Married,2.0,0,1,1,1.0,Senior Manager,25435.0,0,0,0.006116155,0,True
25.0,Company Invited,3,30.0,Salaried,Male,3,5.0,Basic,3.0,Single,2.0,1,1,1,1.0,Executive,16118.0,1,1,0.99910885,1,True
40.0,Company Invited,3,34.0,Salaried,Male,2,5.0,Standard,5.0,Married,4.0,0,5,0,1.0,Senior Manager,25932.0,0,0,0.058226265,0,True
25.0,Self Enquiry,1,7.0,Small Business,Male,4,4.0,Basic,3.0,Divorced,4.0,1,3,1,3.0,Executive,20971.0,1,1,0.96555877,1,True
54.0,Self Enquiry,3,13.0,Small Business,Male,3,4.0,Deluxe,3.0,Divorced,4.0,1,5,0,1.0,Manager,20984.0,0,0,0.15368289,0,True
46.0,Self Enquiry,1,8.0,Large Business,Male,2,3.0,Deluxe,3.0,Married,3.0,0,1,0,0.0,Manager,22379.0,0,0,0.0011766303,0,True
28.0,Self Enquiry,1,7.0,Salaried,Female,4,4.0,Standard,5.0,Divorced,3.0,0,4,1,3.0,Senior Manager,26090.0,0,0,0.021061484,0,True
31.0,Company Invited,3,10.0,Small Business,Female,4,4.0,Basic,3.0,Unmarried,3.0,1,5,1,2.0,Executive,23305.0,1,1,0.99499,1,True
24.0,Self Enquiry,1,17.0,Small Business,Male,4,2.0,Basic,3.0,Unmarried,3.0,0,1,0,2.0,Executive,22183.0,0,0,0.00012940707,0,True
32.0,Self Enquiry,1,30.0,Small Business,Male,4,5.0,Deluxe,3.0,Married,2.0,0,3,0,2.0,Manager,24260.0,0,0,0.088905156,0,True
34.0,Self Enquiry,1,7.0,Salaried,Female,3,5.0,Deluxe,3.0,Unmarried,2.0,0,4,1,2.0,Manager,25627.0,0,0,0.0026199298,0,True
32.0,Company Invited,1,14.0,Salaried,Female,3,5.0,Standard,3.0,Married,3.0,0,1,1,1.0,Senior Manager,27621.0,0,0,0.0004058349,0,True
32.0,Company Invited,3,9.0,Salaried,Female,3,4.0,Standard,3.0,Married,3.0,1,1,1,1.0,Senior Manager,28530.0,0,0,0.0010537987,0,True
34.0,Self Enquiry,1,15.0,Small Business,Female,2,4.0,Standard,4.0,Unmarried,2.0,0,2,1,1.0,Senior Manager,23621.0,0,0,0.0047149714,0,True
37.0,Self Enquiry,3,8.0,Small Business,Male,3,3.0,Deluxe,3.0,Married,5.0,1,3,0,2.0,Manager,24602.0,0,0,0.036746133,0,True
36.0,Company Invited,3,18.0,Small Business,Male,3,4.0,Deluxe,3.0,Married,3.0,0,5,0,1.0,Manager,23646.0,0,0,0.037679177,0,True
22.0,Company Invited,1,17.0,Salaried,Female,3,5.0,Basic,3.0,Unmarried,3.0,0,4,1,1.0,Executive,21303.0,1,1,0.6737494,1,True
36.0,Self Enquiry,1,16.0,Salaried,Female,4,5.0,Standard,3.0,Divorced,3.0,1,4,1,2.0,Senior Manager,29363.0,0,0,0.08437943,0,True
23.0,Self Enquiry,1,10.0,Small Business,Female,2,3.0,Basic,4.0,Single,2.0,0,3,1,1.0,Executive,18295.0,0,0,0.13399424,0,True
43.0,Self Enquiry,3,21.0,Small Business,Female,4,5.0,Deluxe,3.0,Unmarried,2.0,0,3,0,1.0,Manager,24922.0,0,0,0.21654354,0,True
21.0,Self Enquiry,3,28.0,Small Business,Male,3,2.0,Basic,3.0,Unmarried,3.0,0,3,0,1.0,Executive,21356.0,0,0,0.02345793,0,True
33.0,Self Enquiry,3,15.0,Small Business,Male,3,2.0,Deluxe,3.0,Divorced,3.0,0,5,0,1.0,Manager,24887.0,0,0,0.00087448186,0,True
38.0,Self Enquiry,1,28.0,Salaried,Male,4,3.0,Basic,5.0,Divorced,3.0,1,3,0,3.0,Executive,22242.0,0,1,0.82689387,0,False
29.0,Self Enquiry,3,10.0,Small Business,Female,4,4.0,Basic,4.0,Married,3.0,0,1,1,1.0,Executive,21534.0,0,0,0.004461792,0,True
40.0,Self Enquiry,2,10.0,Salaried,Female,3,2.0,Deluxe,4.0,Married,2.0,0,1,0,1.0,Manager,25067.0,0,0,0.00047961055,0,True
36.0,Company Invited,1,25.0,Salaried,Male,4,4.0,Deluxe,3.0,Married,3.0,1,3,1,1.0,Manager,24367.0,0,0,0.0733539,0,True
52.0,Self Enquiry,3,34.0,Salaried,Male,3,4.0,Deluxe,3.0,Single,3.0,1,5,1,2.0,Manager,32704.0,1,1,0.8730805,1,True
48.0,Company Invited,3,10.0,Small Business,Female,3,4.0,Super Deluxe,3.0,Married,2.0,1,5,1,2.0,AVP,32448.0,0,0,0.00047080312,0,True
28.0,Self Enquiry,1,21.0,Salaried,Male,2,3.0,Basic,3.0,Married,2.0,0,4,1,1.0,Executive,17207.0,0,0,0.04720439,0,True
26.0,Self Enquiry,2,26.0,Small Business,Female,3,3.0,Basic,4.0,Married,1.0,1,3,0,1.0,Executive,17148.0,1,1,0.98770225,1,True
28.0,Self Enquiry,1,9.0,Small Business,Male,3,4.0,Basic,4.0,Divorced,2.0,0,5,1,1.0,Executive,22146.0,0,0,0.15382645,0,True
21.0,Self Enquiry,1,7.0,Salaried,Female,3,5.0,Basic,4.0,Unmarried,3.0,0,4,1,1.0,Executive,21514.0,0,1,0.6695004,0,False
38.0,Company Invited,3,16.0,Large Business,Female,2,3.0,Deluxe,3.0,Single,2.0,1,3,1,0.0,Manager,20666.0,0,0,0.051277667,0,True
40.0,Company Invited,1,32.0,Small Business,Female,2,3.0,Deluxe,4.0,Married,2.0,0,2,1,0.0,Manager,20605.0,0,0,0.0021878427,0,True
51.0,Company Invited,3,7.0,Salaried,Male,4,4.0,Deluxe,3.0,Married,2.0,0,3,1,2.0,Manager,25406.0,1,1,0.9345779,1,True
50.0,Company Invited,3,6.0,Salaried,Female,3,3.0,Deluxe,3.0,Divorced,1.0,0,2,1,1.0,Manager,21347.0,0,0,0.0029995644,0,True
32.0,Self Enquiry,3,14.0,Small Business,Male,4,4.0,Deluxe,3.0,Married,6.0,0,2,0,1.0,Manager,26225.0,0,0,0.007196702,0,True
38.0,Self Enquiry,1,16.0,Small Business,Female,2,5.0,Standard,3.0,Married,4.0,0,1,1,1.0,Senior Manager,28206.0,0,0,0.0010525038,0,True
50.0,Self Enquiry,1,27.0,Small Business,Female,4,4.0,Deluxe,5.0,Married,3.0,0,1,1,1.0,Manager,25245.0,0,0,0.2080917,0,True
58.0,Self Enquiry,1,7.0,Small Business,Male,3,4.0,Deluxe,3.0,Divorced,4.0,0,3,1,2.0,Manager,25433.0,0,0,0.0949282,0,True
26.0,Self Enquiry,3,10.0,Small Business,Male,2,4.0,Deluxe,3.0,Single,2.0,1,2,1,1.0,Manager,20828.0,1,1,0.9615776,1,True
26.0,Company Invited,1,12.0,Salaried,Male,3,2.0,Deluxe,5.0,Married,3.0,0,5,1,2.0,Manager,22678.0,0,0,0.040150948,0,True
42.0,Self Enquiry,1,12.0,Small Business,Male,3,2.0,Basic,3.0,Divorced,4.0,1,1,1,2.0,Executive,20805.0,0,0,0.0027059007,0,True
27.0,Company Invited,3,8.0,Salaried,Male,2,5.0,Deluxe,3.0,Single,4.0,0,4,1,1.0,Manager,20071.0,0,0,0.2655203,0,True
54.0,Company Invited,1,17.0,Small Business,Female,2,3.0,Super Deluxe,3.0,Married,4.0,0,3,1,0.0,AVP,31032.0,0,0,4.877294e-08,0,True
38.0,Company Invited,1,7.0,Small Business,Female,2,4.0,Standard,3.0,Married,4.0,1,3,0,1.0,Senior Manager,32281.0,0,0,5.3887867e-05,0,True
22.0,Self Enquiry,1,17.0,Small Business,Female,2,3.0,Basic,4.0,Married,2.0,0,1,1,1.0,Executive,17244.0,0,0,0.05888665,0,True
47.0,Self Enquiry,1,11.0,Salaried,Male,2,3.0,King,3.0,Married,5.0,0,1,1,0.0,VP,33300.0,0,0,8.4504005e-05,0,True
48.0,Self Enquiry,1,6.0,Salaried,Female,2,4.0,Super Deluxe,5.0,Divorced,1.0,0,4,0,1.0,AVP,30402.0,0,0,1.7607042e-07,0,True
20.0,Company Invited,1,17.0,Small Business,Female,4,5.0,Basic,4.0,Single,3.0,1,5,1,2.0,Executive,20537.0,1,1,0.9950471,1,True
19.0,Self Enquiry,2,8.0,Large Business,Male,2,4.0,Basic,3.0,Single,2.0,0,3,1,1.0,Executive,17564.0,1,1,0.9599944,1,True
27.0,Company Invited,1,9.0,Small Business,Male,2,3.0,Basic,3.0,Married,2.0,0,1,0,0.0,Executive,16706.0,0,0,0.00024518828,0,True
34.0,Company Invited,1,22.0,Large Business,Male,2,5.0,Basic,5.0,Married,2.0,1,3,1,0.0,Executive,17307.0,1,1,0.84012324,1,True
24.0,Self Enquiry,1,7.0,Salaried,Male,3,4.0,Basic,3.0,Divorced,3.0,0,4,0,2.0,Executive,19901.0,0,0,0.018218575,0,True
41.0,Company Invited,1,7.0,Salaried,Male,4,5.0,Super Deluxe,4.0,Divorced,3.0,0,2,1,3.0,AVP,32181.0,0,0,8.393567e-07,0,True
28.0,Company Invited,1,31.0,Salaried,Male,4,5.0,Basic,3.0,Single,3.0,1,3,1,2.0,Executive,21212.0,1,1,0.9890147,1,True
20.0,Self Enquiry,3,29.0,Small Business,Male,3,4.0,Basic,3.0,Single,3.0,1,1,1,1.0,Executive,20353.0,1,1,0.9996376,1,True
50.0,Self Enquiry,1,10.0,Salaried,Male,3,3.0,King,4.0,Married,4.0,0,5,0,1.0,VP,34144.0,0,0,5.2082672e-05,0,True
29.0,Self Enquiry,1,16.0,Small Business,Male,4,4.0,Basic,3.0,Married,3.0,0,1,1,1.0,Executive,20748.0,0,0,0.00798687,0,True
51.0,Company Invited,3,7.0,Salaried,Male,3,4.0,Deluxe,3.0,Unmarried,5.0,1,2,0,1.0,Manager,23406.0,1,1,0.9481845,1,True
50.0,Self Enquiry,1,13.0,Small Business,Female,2,4.0,King,3.0,Married,6.0,1,4,1,1.0,VP,33740.0,0,0,0.0018939315,0,True
59.0,Self Enquiry,1,9.0,Salaried,Male,3,4.0,Basic,3.0,Divorced,4.0,0,3,0,1.0,Executive,17177.0,0,0,0.0058781025,0,True
37.0,Company Invited,1,10.0,Small Business,Male,2,4.0,Basic,4.0,Single,6.0,0,4,1,1.0,Executive,20766.0,0,0,0.41742215,0,True
33.0,Company Invited,1,31.0,Salaried,Male,4,4.0,Deluxe,3.0,Divorced,3.0,0,4,1,1.0,Manager,23987.0,0,0,0.011907927,0,True
21.0,Self Enquiry,3,16.0,Salaried,Male,3,4.0,Basic,5.0,Unmarried,3.0,0,1,0,2.0,Executive,21406.0,0,1,0.86487067,0,False
35.0,Company Invited,1,17.0,Small Business,Male,3,4.0,Standard,5.0,Divorced,3.0,1,5,1,1.0,Senior Manager,24884.0,0,0,0.29890075,0,True
20.0,Company Invited,1,12.0,Salaried,Female,3,4.0,Basic,3.0,Single,2.0,1,2,1,1.0,Executive,17926.0,1,1,0.82904166,1,True
48.0,Self Enquiry,3,9.0,Small Business,Female,3,4.0,Deluxe,3.0,Married,2.0,1,1,1,2.0,Manager,23215.0,0,0,0.0028242045,0,True
60.0,Company Invited,3,7.0,Salaried,Female,3,5.0,Deluxe,3.0,Unmarried,2.0,0,5,1,1.0,Manager,24151.0,0,0,0.023899795,0,True
35.0,Company Invited,3,11.0,Small Business,Female,4,4.0,Deluxe,3.0,Divorced,2.0,0,2,1,1.0,Manager,25216.0,0,0,8.638959e-05,0,True
29.0,Self Enquiry,1,29.0,Salaried,Male,2,1.0,Basic,3.0,Married,2.0,0,1,1,1.0,Executive,17700.0,0,0,0.028277306,0,True
39.0,Company Invited,1,19.0,Salaried,Male,2,5.0,Deluxe,5.0,Married,4.0,0,5,1,1.0,Manager,24966.0,0,0,0.02147514,0,True
27.0,Self Enquiry,3,17.0,Small Business,Male,3,4.0,Deluxe,3.0,Unmarried,3.0,0,1,0,1.0,Manager,23362.0,0,0,0.02000636,0,True
23.0,Company Invited,3,7.0,Salaried,Female,2,3.0,Basic,4.0,Single,2.0,1,5,1,1.0,Executive,16223.0,1,1,0.99335355,1,True
32.0,Company Invited,1,6.0,Salaried,Female,3,4.0,Basic,4.0,Married,7.0,0,3,0,2.0,Executive,17332.0,0,0,0.012143311,0,True
32.0,Company Invited,3,9.0,Salaried,Male,3,4.0,Deluxe,5.0,Unmarried,2.0,0,1,0,1.0,Manager,24010.0,0,0,0.08537368,0,True
43.0,Company Invited,3,33.0,Small Business,Female,4,4.0,Super Deluxe,4.0,Married,7.0,0,3,1,2.0,AVP,32203.0,0,0,0.00028671816,0,True
35.0,Self Enquiry,3,28.0,Salaried,Male,4,3.0,Deluxe,3.0,Unmarried,3.0,0,3,1,1.0,Manager,24015.0,0,0,0.017200578,0,True
38.0,Self Enquiry,1,10.0,Salaried,Male,3,4.0,Standard,3.0,Married,3.0,0,1,1,1.0,Senior Manager,28112.0,0,0,0.001997572,0,True
34.0,Self Enquiry,1,16.0,Small Business,Male,3,4.0,Basic,3.0,Divorced,2.0,0,2,1,1.0,Executive,21459.0,0,0,0.008709822,0,True
34.0,Self Enquiry,1,12.0,Small Business,Male,2,3.0,Basic,5.0,Single,3.0,0,2,1,1.0,Executive,17960.0,1,0,0.25855488,1,False
26.0,Self Enquiry,1,22.0,Small Business,Male,2,3.0,Basic,4.0,Married,3.0,1,2,1,1.0,Executive,17373.0,1,1,0.9889972,1,True
27.0,Company Invited,1,30.0,Salaried,Male,3,4.0,Basic,3.0,Single,2.0,1,3,1,1.0,Executive,17534.0,1,1,0.9792754,1,True
53.0,Self Enquiry,3,6.0,Small Business,Female,2,3.0,Deluxe,5.0,Unmarried,1.0,0,1,1,1.0,Manager,23381.0,0,0,0.003258363,0,True
45.0,Self Enquiry,1,6.0,Small Business,Female,3,3.0,Basic,3.0,Married,4.0,0,5,1,0.0,Executive,17270.0,0,0,0.00057841564,0,True
22.0,Self Enquiry,1,7.0,Large Business,Female,4,5.0,Basic,4.0,Single,3.0,1,5,1,2.0,Executive,20748.0,0,1,0.8345209,0,False
22.0,Self Enquiry,1,25.0,Salaried,Female,4,4.0,Basic,3.0,Unmarried,3.0,0,3,1,2.0,Executive,21371.0,1,1,0.52545077,1,True
33.0,Self Enquiry,3,14.0,Salaried,Male,4,5.0,Deluxe,3.0,Divorced,3.0,0,3,1,3.0,Manager,24162.0,0,0,0.025837181,0,True
52.0,Self Enquiry,3,9.0,Small Business,Male,2,4.0,Super Deluxe,5.0,Divorced,2.0,0,5,1,0.0,AVP,31856.0,0,0,0.0006460905,0,True
58.0,Self Enquiry,1,7.0,Small Business,Male,3,4.0,Deluxe,3.0,Married,4.0,0,3,0,2.0,Manager,25433.0,0,0,0.017688312,0,True
37.0,Self Enquiry,1,7.0,Salaried,Female,3,4.0,Deluxe,4.0,Married,2.0,0,5,1,2.0,Manager,23906.0,0,0,0.007471321,0,True
42.0,Company Invited,1,25.0,Small Business,Male,2,2.0,Basic,3.0,Married,7.0,1,3,1,1.0,Executive,17759.0,1,1,0.8874674,1,True
26.0,Self Enquiry,3,12.0,Small Business,Male,3,5.0,Deluxe,3.0,Unmarried,3.0,1,3,1,1.0,Manager,24422.0,1,1,0.9360004,1,True
45.0,Company Invited,1,13.0,Salaried,Male,3,2.0,Deluxe,3.0,Divorced,5.0,0,2,0,2.0,Manager,21434.0,0,0,0.0005014507,0,True
35.0,Company Invited,1,8.0,Salaried,Female,3,3.0,Deluxe,5.0,Married,3.0,0,4,1,2.0,Manager,20093.0,0,0,0.006412247,0,True
38.0,Self Enquiry,1,24.0,Small Business,Male,2,5.0,Deluxe,3.0,Married,4.0,1,5,0,1.0,Manager,20811.0,0,0,0.25261903,0,True
29.0,Company Invited,3,26.0,Large Business,Female,2,3.0,Basic,3.0,Divorced,2.0,0,3,0,1.0,Executive,17157.0,0,0,0.052978396,0,True
39.0,Self Enquiry,1,22.0,Salaried,Male,4,5.0,Standard,3.0,Married,2.0,1,5,1,3.0,Senior Manager,30188.0,0,0,0.06103049,0,True
38.0,Company Invited,1,18.0,Salaried,Male,1,4.0,Deluxe,5.0,Married,3.0,0,5,1,0.0,Manager,21288.0,0,0,0.023122251,0,True
35.0,Self Enquiry,3,7.0,Small Business,Male,3,4.0,Standard,3.0,Unmarried,3.0,0,5,1,1.0,Senior Manager,28566.0,0,0,0.14617775,0,True
39.0,Company Invited,2,9.0,Salaried,Male,4,4.0,Basic,4.0,Married,7.0,0,3,1,3.0,Executive,21270.0,0,0,0.13648131,0,True
27.0,Self Enquiry,1,12.0,Salaried,Male,2,4.0,Basic,3.0,Married,2.0,0,1,1,1.0,Executive,17539.0,0,0,0.056735322,0,True
53.0,Self Enquiry,1,9.0,Salaried,Female,3,5.0,Basic,3.0,Unmarried,2.0,0,3,1,1.0,Executive,21890.0,0,0,0.019550567,0,True
27.0,Self Enquiry,1,17.0,Salaried,Male,3,3.0,Basic,5.0,Divorced,1.0,0,5,1,2.0,Executive,17099.0,0,0,0.30673543,0,True
39.0,Self Enquiry,1,7.0,Large Business,Female,4,4.0,Standard,5.0,Married,3.0,0,4,1,2.0,Senior Manager,32260.0,0,0,0.001268609,0,True
31.0,Self Enquiry,3,12.0,Small Business,Female,2,5.0,Deluxe,3.0,Married,3.0,0,2,0,1.0,Manager,24796.0,0,0,0.006277254,0,True
47.0,Self Enquiry,1,8.0,Small Business,Female,3,3.0,Deluxe,3.0,Married,6.0,0,2,0,1.0,Manager,20070.0,0,0,5.4404423e-05,0,True
50.0,Company Invited,1,8.0,Salaried,Male,3,3.0,Super Deluxe,5.0,Married,2.0,0,5,1,2.0,AVP,32924.0,0,0,5.532751e-05,0,True
35.0,Self Enquiry,1,6.0,Salaried,Female,3,5.0,Basic,3.0,Married,2.0,0,3,0,1.0,Executive,17977.0,0,0,0.009997246,0,True
32.0,Self Enquiry,3,10.0,Small Business,Male,2,5.0,Standard,3.0,Divorced,2.0,0,2,1,1.0,Senior Manager,25400.0,1,1,0.9672165,1,True
40.0,Self Enquiry,1,12.0,Salaried,Female,3,3.0,Super Deluxe,3.0,Unmarried,1.0,0,5,1,0.0,AVP,28237.0,0,0,3.3745214e-06,0,True
23.0,Self Enquiry,1,10.0,Small Business,Male,2,1.0,Basic,5.0,Married,3.0,0,4,0,1.0,Executive,17819.0,0,0,0.07324824,0,True
31.0,Company Invited,3,13.0,Small Business,Female,3,3.0,Standard,5.0,Married,3.0,0,1,1,2.0,Senior Manager,24637.0,0,0,0.00040994337,0,True
39.0,Self Enquiry,1,10.0,Large Business,Female,3,4.0,Deluxe,3.0,Unmarried,5.0,1,5,1,1.0,Manager,22995.0,0,0,0.04234587,0,True
32.0,Self Enquiry,1,8.0,Small Business,Male,2,3.0,Deluxe,4.0,Married,1.0,0,4,0,1.0,Manager,20470.0,0,0,0.025338419,0,True
43.0,Company Invited,1,33.0,Salaried,Female,2,3.0,Standard,5.0,Divorced,1.0,0,4,0,0.0,Senior Manager,25820.0,0,0,0.059926163,0,True
27.0,Self Enquiry,1,13.0,Salaried,Female,4,4.0,Basic,3.0,Divorced,3.0,1,2,0,1.0,Executive,21337.0,0,0,0.24565865,0,True
33.0,Self Enquiry,3,20.0,Salaried,Male,4,4.0,Deluxe,3.0,Married,4.0,0,1,0,3.0,Manager,23081.0,0,0,0.020763032,0,True
35.0,Self Enquiry,1,7.0,Salaried,Male,3,5.0,Basic,3.0,Married,3.0,1,1,1,2.0,Executive,22300.0,0,1,0.75312144,0,False
31.0,Self Enquiry,2,16.0,Salaried,Male,3,4.0,Deluxe,3.0,Married,2.0,1,3,1,2.0,Manager,25025.0,0,0,0.06730784,0,True
32.0,Self Enquiry,3,14.0,Salaried,Male,3,5.0,Standard,3.0,Married,2.0,0,3,1,1.0,Senior Manager,30235.0,0,0,0.06710255,0,True
32.0,Self Enquiry,1,31.0,Salaried,Male,2,3.0,Basic,3.0,Single,2.0,1,5,1,0.0,Executive,17795.0,1,1,0.5988626,1,True
35.0,Self Enquiry,1,13.0,Salaried,Male,3,3.0,Basic,4.0,Single,2.0,1,3,1,1.0,Executive,20363.0,1,1,0.8630899,1,True
35.0,Self Enquiry,1,16.0,Small Business,Female,3,5.0,Standard,4.0,Unmarried,3.0,0,1,1,1.0,Senior Manager,27299.0,0,0,0.002494552,0,True
19.0,Company Invited,1,21.0,Small Business,Female,3,4.0,Basic,3.0,Single,3.0,0,5,1,1.0,Executive,20192.0,0,1,0.89441127,0,False
27.0,Self Enquiry,1,6.0,Salaried,Female,3,3.0,Standard,5.0,Married,2.0,0,4,0,2.0,Senior Manager,22412.0,0,0,0.011668303,0,True
31.0,Company Invited,1,16.0,Small Business,Female,2,3.0,Standard,3.0,Married,5.0,0,1,1,1.0,Senior Manager,26031.0,0,0,0.00022779255,0,True
34.0,Self Enquiry,1,25.0,Small Business,Male,3,3.0,Basic,3.0,Married,1.0,0,3,0,2.0,Executive,17661.0,0,0,0.005420461,0,True
38.0,Self Enquiry,2,15.0,Salaried,Male,3,4.0,Deluxe,4.0,Married,4.0,0,3,1,2.0,Manager,22749.0,0,0,0.15036215,0,True
27.0,Self Enquiry,2,27.0,Small Business,Female,4,4.0,Basic,4.0,Married,2.0,1,3,0,2.0,Executive,20826.0,1,1,0.99319243,1,True
42.0,Company Invited,3,18.0,Salaried,Male,2,3.0,Super Deluxe,5.0,Single,1.0,1,5,1,1.0,AVP,28758.0,1,1,0.9819292,1,True
36.0,Company Invited,1,10.0,Salaried,Female,3,3.0,Deluxe,4.0,Married,1.0,0,3,1,1.0,Manager,20131.0,0,0,0.002230416,0,True
38.0,Company Invited,1,16.0,Small Business,Male,3,4.0,Basic,3.0,Married,3.0,1,1,0,2.0,Executive,21004.0,0,0,0.021296436,0,True
33.0,Company Invited,3,23.0,Salaried,Male,2,3.0,Super Deluxe,3.0,Single,2.0,0,3,1,0.0,AVP,32444.0,0,0,0.053965557,0,True
31.0,Company Invited,3,6.0,Salaried,Female,2,3.0,Basic,4.0,Single,2.0,1,5,1,1.0,Executive,17302.0,1,1,0.98935574,1,True
47.0,Company Invited,3,15.0,Salaried,Male,2,5.0,Super Deluxe,3.0,Married,1.0,0,5,1,1.0,AVP,27936.0,1,0,0.32155254,1,False
39.0,Self Enquiry,1,15.0,Small Business,Male,2,3.0,Deluxe,5.0,Married,2.0,0,4,1,0.0,Manager,20151.0,0,0,0.1798109,0,True
48.0,Self Enquiry,3,8.0,Small Business,Male,2,4.0,Deluxe,4.0,Unmarried,1.0,1,1,1,0.0,Manager,22898.0,1,1,0.8459572,1,True
43.0,Self Enquiry,1,7.0,Salaried,Female,3,5.0,Deluxe,3.0,Married,2.0,1,3,0,1.0,Manager,24740.0,0,0,0.0016097114,0,True
37.0,Self Enquiry,1,16.0,Salaried,Female,2,3.0,Basic,5.0,Married,1.0,1,3,1,0.0,Executive,17782.0,0,1,0.5845485,0,False
41.0,Company Invited,1,16.0,Salaried,Male,4,5.0,Deluxe,3.0,Married,2.0,0,5,0,2.0,Manager,23554.0,0,0,0.026825482,0,True
33.0,Self Enquiry,1,8.0,Salaried,Female,2,3.0,Basic,5.0,Divorced,1.0,0,3,1,0.0,Executive,17707.0,1,0,0.43671936,1,False
27.0,Self Enquiry,1,10.0,Small Business,Male,3,2.0,Basic,3.0,Divorced,3.0,0,5,1,2.0,Executive,23098.0,0,0,0.0038520943,0,True
36.0,Self Enquiry,1,7.0,Small Business,Male,4,5.0,Basic,5.0,Single,3.0,0,1,0,3.0,Executive,21128.0,0,0,0.080460906,0,True
57.0,Company Invited,3,13.0,Salaried,Female,3,2.0,Super Deluxe,5.0,Married,2.0,0,3,1,1.0,AVP,31890.0,0,0,9.686512e-06,0,True
38.0,Self Enquiry,1,17.0,Small Business,Female,4,4.0,Basic,4.0,Married,3.0,0,1,1,1.0,Executive,22614.0,0,0,0.0049893726,0,True
28.0,Company Invited,2,6.0,Salaried,Male,2,3.0,Basic,3.0,Married,2.0,0,4,0,1.0,Executive,17706.0,0,0,0.008764964,0,True
46.0,Self Enquiry,1,15.0,Salaried,Male,4,4.0,Deluxe,3.0,Married,2.0,0,3,1,1.0,Manager,22375.0,0,1,0.60237443,0,False
33.0,Company Invited,3,18.0,Salaried,Male,3,3.0,Deluxe,3.0,Divorced,2.0,0,3,1,2.0,Manager,23385.0,1,0,0.023134172,1,False
45.0,Company Invited,1,6.0,Small Business,Male,2,3.0,Deluxe,3.0,Single,5.0,0,1,1,1.0,Manager,20399.0,0,0,0.0008359668,0,True
22.0,Self Enquiry,3,12.0,Small Business,Male,3,4.0,Basic,5.0,Single,3.0,1,1,1,1.0,Executive,21058.0,0,1,0.9933073,0,False
54.0,Self Enquiry,2,25.0,Small Business,Male,2,3.0,Standard,4.0,Married,3.0,0,3,1,1.0,Senior Manager,25725.0,0,0,0.2361755,0,True
50.0,Self Enquiry,1,14.0,Salaried,Male,3,5.0,Standard,3.0,Single,2.0,0,1,1,1.0,Senior Manager,29643.0,0,1,0.61975396,0,False
32.0,Company Invited,1,11.0,Large Business,Male,3,3.0,Basic,4.0,Single,3.0,0,3,1,1.0,Executive,17718.0,0,1,0.7717694,0,False
31.0,Self Enquiry,1,15.0,Salaried,Female,4,2.0,Standard,5.0,Married,2.0,1,1,0,3.0,Senior Manager,30094.0,0,0,2.4414965e-05,0,True
37.0,Self Enquiry,1,13.0,Salaried,Male,3,6.0,Basic,3.0,Married,3.0,0,2,0,1.0,Executive,21419.0,0,0,0.20187424,0,True
59.0,Self Enquiry,1,12.0,Large Business,Female,3,5.0,Standard,4.0,Married,4.0,1,5,1,2.0,Senior Manager,29230.0,0,0,0.02030415,0,True
28.0,Self Enquiry,3,15.0,Salaried,Male,3,3.0,Deluxe,3.0,Single,2.0,0,3,1,0.0,Manager,20253.0,0,0,0.09233976,0,True
39.0,Self Enquiry,1,16.0,Small Business,Male,2,3.0,Super Deluxe,5.0,Divorced,2.0,1,3,1,1.0,AVP,32068.0,0,0,2.203384e-05,0,True
26.0,Company Invited,1,6.0,Small Business,Female,3,4.0,Basic,3.0,Married,2.0,0,2,1,0.0,Executive,17007.0,0,0,0.0010427054,0,True
31.0,Company Invited,3,8.0,Salaried,Female,2,4.0,Basic,3.0,Single,1.0,0,5,0,1.0,Executive,17785.0,1,1,0.9420753,1,True
37.0,Self Enquiry,3,16.0,Salaried,Male,3,5.0,Basic,5.0,Unmarried,2.0,0,1,0,1.0,Executive,22085.0,1,1,0.952254,1,True
33.0,Self Enquiry,1,14.0,Salaried,Male,2,1.0,Basic,5.0,Married,7.0,0,3,1,1.0,Executive,18143.0,0,0,0.3418024,0,True
22.0,Self Enquiry,1,12.0,Small Business,Male,3,3.0,Basic,3.0,Married,1.0,0,1,1,1.0,Executive,17773.0,0,0,0.004632931,0,True
32.0,Self Enquiry,1,11.0,Salaried,Female,2,1.0,Basic,3.0,Married,4.0,0,5,1,1.0,Executive,18312.0,0,0,0.0017640209,0,True
59.0,Company Invited,1,9.0,Salaried,Male,3,5.0,Basic,3.0,Married,2.0,1,1,1,1.0,Executive,21058.0,1,1,0.98342127,1,True
34.0,Self Enquiry,3,12.0,Small Business,Female,3,4.0,Basic,3.0,Unmarried,3.0,1,1,0,2.0,Executive,21529.0,1,1,0.9750499,1,True
27.0,Self Enquiry,1,22.0,Large Business,Female,2,3.0,Basic,4.0,Divorced,1.0,0,2,1,0.0,Executive,17811.0,0,0,0.065922126,0,True
30.0,Self Enquiry,3,21.0,Small Business,Male,3,4.0,Standard,5.0,Married,3.0,0,1,0,2.0,Senior Manager,22140.0,0,0,0.20985635,0,True
30.0,Self Enquiry,1,34.0,Small Business,Female,3,3.0,Deluxe,3.0,Married,2.0,0,3,1,2.0,Manager,20775.0,0,0,0.026853219,0,True
56.0,Company Invited,3,12.0,Salaried,Female,2,2.0,Super Deluxe,5.0,Divorced,1.0,0,3,1,0.0,AVP,28212.0,0,0,1.8625494e-06,0,True
54.0,Self Enquiry,3,9.0,Small Business,Male,3,4.0,Super Deluxe,3.0,Married,8.0,0,3,1,1.0,AVP,33530.0,0,0,0.00013795978,0,True
43.0,Company Invited,1,23.0,Large Business,Male,2,4.0,Basic,3.0,Married,1.0,1,5,1,1.0,Executive,17437.0,1,1,0.7841233,1,True
37.0,Self Enquiry,1,13.0,Salaried,Female,3,2.0,Basic,3.0,Married,5.0,0,1,0,1.0,Executive,21716.0,0,0,0.00013622522,0,True
39.0,Company Invited,1,15.0,Small Business,Female,3,5.0,Deluxe,4.0,Married,3.0,1,1,1,1.0,Manager,20811.0,0,0,5.1880277e-05,0,True
31.0,Self Enquiry,1,8.0,Salaried,Male,2,3.0,Basic,3.0,Married,1.0,1,4,1,1.0,Executive,17695.0,0,0,0.30131394,0,True
24.0,Company Invited,1,15.0,Salaried,Male,2,4.0,Basic,4.0,Married,2.0,0,5,0,1.0,Executive,17694.0,0,1,0.76811963,0,False
41.0,Self Enquiry,1,23.0,Salaried,Female,3,4.0,Standard,3.0,Unmarried,8.0,1,4,1,1.0,Senior Manager,26623.0,0,0,0.010624242,0,True
46.0,Self Enquiry,1,13.0,Salaried,Male,3,4.0,Standard,5.0,Married,6.0,1,3,1,2.0,Senior Manager,31923.0,0,0,0.003895992,0,True
33.0,Company Invited,1,12.0,Large Business,Male,4,4.0,Basic,4.0,Unmarried,4.0,0,3,1,2.0,Executive,21396.0,0,1,0.7658131,0,False
28.0,Company Invited,3,10.0,Small Business,Female,4,2.0,Deluxe,3.0,Married,3.0,1,1,1,1.0,Manager,23325.0,0,0,0.000112775575,0,True
39.0,Company Invited,1,9.0,Small Business,Female,4,5.0,Basic,4.0,Married,6.0,0,3,0,1.0,Executive,21146.0,0,0,0.0010287245,0,True
45.0,Self Enquiry,1,16.0,Salaried,Male,3,3.0,Basic,3.0,Divorced,4.0,0,5,1,0.0,Executive,17654.0,0,0,0.007344861,0,True
37.0,Self Enquiry,3,7.0,Salaried,Female,4,4.0,Deluxe,3.0,Unmarried,8.0,0,1,1,2.0,Manager,25493.0,0,0,0.007967386,0,True
33.0,Self Enquiry,1,8.0,Small Business,Male,3,3.0,Basic,3.0,Single,5.0,0,3,1,2.0,Executive,17496.0,0,0,0.027560445,0,True
53.0,Self Enquiry,1,15.0,Salaried,Female,3,4.0,Basic,5.0,Divorced,2.0,0,1,1,2.0,Executive,21628.0,0,0,0.057708867,0,True
43.0,Self Enquiry,1,12.0,Salaried,Male,2,4.0,Super Deluxe,3.0,Married,5.0,1,3,1,0.0,AVP,31627.0,0,0,3.5227655e-05,0,True
42.0,Self Enquiry,1,26.0,Salaried,Male,3,4.0,Deluxe,5.0,Married,4.0,0,2,1,1.0,Manager,21750.0,0,0,0.13821895,0,True
36.0,Self Enquiry,2,14.0,Salaried,Male,3,4.0,Basic,5.0,Divorced,1.0,0,2,1,2.0,Executive,17342.0,0,0,0.28581706,0,True
35.0,Self Enquiry,1,16.0,Small Business,Female,2,3.0,Deluxe,3.0,Single,4.0,1,1,1,0.0,Manager,21142.0,0,0,0.0061369897,0,True
40.0,Self Enquiry,3,8.0,Small Business,Female,3,3.0,Deluxe,4.0,Married,4.0,0,3,1,1.0,Manager,20677.0,0,0,0.008690756,0,True
42.0,Self Enquiry,3,16.0,Salaried,Male,4,4.0,Standard,3.0,Married,5.0,1,2,0,2.0,Senior Manager,26867.0,0,0,0.019721005,0,True
28.0,Self Enquiry,1,33.0,Small Business,Female,2,5.0,Deluxe,5.0,Married,1.0,0,4,1,0.0,Manager,20208.0,0,0,0.10930611,0,True
39.0,Company Invited,1,9.0,Salaried,Male,3,4.0,Basic,3.0,Married,3.0,1,5,1,1.0,Executive,20380.0,0,0,0.43593365,0,True
52.0,Company Invited,3,8.0,Salaried,Male,3,4.0,King,3.0,Single,2.0,1,1,1,0.0,VP,34068.0,0,0,0.08834469,0,True
39.0,Self Enquiry,1,16.0,Salaried,Female,4,4.0,Basic,3.0,Single,3.0,0,2,1,2.0,Executive,20966.0,0,0,0.06945623,0,True
49.0,Self Enquiry,3,9.0,Small Business,Male,3,5.0,Deluxe,4.0,Unmarried,2.0,1,1,1,1.0,Manager,26576.0,1,1,0.851295,1,True
38.0,Company Invited,3,16.0,Small Business,Male,4,4.0,Standard,4.0,Married,3.0,0,1,1,3.0,Senior Manager,27512.0,0,0,0.0033586877,0,True
35.0,Self Enquiry,1,6.0,Small Business,Male,2,4.0,Basic,3.0,Divorced,7.0,0,2,1,1.0,Executive,17258.0,0,0,0.003197675,0,True
32.0,Self Enquiry,3,6.0,Small Business,Male,3,4.0,Basic,4.0,Married,1.0,0,1,0,2.0,Executive,17269.0,0,0,0.004900178,0,True
36.0,Company Invited,3,18.0,Small Business,Male,3,4.0,Deluxe,3.0,Married,3.0,0,5,1,2.0,Manager,23646.0,0,0,0.07885402,0,True
26.0,Self Enquiry,1,11.0,Large Business,Male,3,4.0,Basic,3.0,Married,3.0,1,3,1,2.0,Executive,22369.0,1,1,0.84882057,1,True
40.0,Self Enquiry,3,15.0,Small Business,Male,2,3.0,Deluxe,5.0,Married,1.0,0,3,1,1.0,Manager,20473.0,0,0,0.03798928,0,True
19.0,Self Enquiry,3,28.0,Small Business,Male,2,3.0,Basic,3.0,Single,2.0,1,1,1,0.0,Executive,16675.0,1,1,0.9993138,1,True
29.0,Self Enquiry,1,6.0,Salaried,Female,2,4.0,Super Deluxe,3.0,Married,4.0,0,2,0,1.0,AVP,31124.0,0,0,2.5070923e-09,0,True
37.0,Company Invited,3,15.0,Salaried,Male,4,5.0,Standard,5.0,Unmarried,3.0,0,1,0,1.0,Senior Manager,26265.0,0,0,0.03460026,0,True
36.0,Self Enquiry,1,13.0,Salaried,Male,3,6.0,Deluxe,3.0,Unmarried,3.0,0,5,1,1.0,Manager,25324.0,0,0,0.015675573,0,True
41.0,Company Invited,3,12.0,Salaried,Male,3,5.0,Standard,5.0,Divorced,7.0,1,5,0,2.0,Senior Manager,29153.0,0,0,0.08747632,0,True
47.0,Company Invited,1,35.0,Salaried,Male,2,3.0,Standard,4.0,Divorced,2.0,1,3,1,0.0,Senior Manager,26849.0,1,1,0.9050743,1,True
35.0,Company Invited,1,14.0,Salaried,Male,4,6.0,Deluxe,3.0,Unmarried,3.0,1,5,1,2.0,Manager,24752.0,1,1,0.89310735,1,True
41.0,Self Enquiry,1,15.0,Salaried,Male,3,3.0,Basic,5.0,Married,2.0,0,5,1,1.0,Executive,17289.0,0,0,0.12399051,0,True
47.0,Company Invited,1,7.0,Small Business,Male,3,5.0,Standard,5.0,Married,4.0,1,1,1,2.0,Senior Manager,29351.0,0,0,0.0005208144,0,True
41.0,Self Enquiry,3,12.0,Salaried,Female,3,3.0,Standard,3.0,Single,4.0,1,2,0,1.0,Senior Manager,28591.0,0,0,0.16297776,0,True
22.0,Company Invited,3,7.0,Large Business,Female,4,5.0,Basic,4.0,Single,3.0,1,5,1,3.0,Executive,20852.0,1,1,0.98389673,1,True
46.0,Self Enquiry,1,7.0,Small Business,Female,4,4.0,Basic,3.0,Married,5.0,0,5,0,2.0,Executive,20948.0,0,0,0.00017976227,0,True
34.0,Self Enquiry,1,9.0,Salaried,Male,3,4.0,Basic,3.0,Single,2.0,0,3,1,1.0,Executive,21178.0,0,0,0.20685883,0,True
52.0,Self Enquiry,3,21.0,Salaried,Female,3,4.0,Deluxe,3.0,Married,6.0,0,3,1,1.0,Manager,23614.0,0,0,0.009137586,0,True
42.0,Self Enquiry,3,7.0,Small Business,Male,3,2.0,Standard,5.0,Married,3.0,0,3,1,2.0,Senior Manager,27070.0,0,0,0.0031350958,0,True
37.0,Self Enquiry,3,22.0,Small Business,Male,3,4.0,Deluxe,3.0,Married,5.0,0,5,1,2.0,Manager,21334.0,0,0,0.030162526,0,True
30.0,Company Invited,3,7.0,Small Business,Female,3,4.0,Standard,3.0,Divorced,3.0,0,3,1,1.0,Senior Manager,26596.0,0,0,0.0020268154,0,True
28.0,Self Enquiry,1,15.0,Small Business,Female,3,2.0,Basic,3.0,Married,2.0,0,4,0,1.0,Executive,22195.0,0,0,0.0006109931,0,True
40.0,Self Enquiry,2,9.0,Salaried,Female,3,5.0,Deluxe,3.0,Married,2.0,0,3,1,1.0,Manager,23882.0,0,0,0.0070433975,0,True
34.0,Self Enquiry,3,32.0,Small Business,Male,3,5.0,Standard,4.0,Unmarried,4.0,1,5,1,1.0,Senior Manager,27058.0,1,1,0.9493183,1,True
29.0,Company Invited,3,30.0,Large Business,Male,2,1.0,Basic,5.0,Single,2.0,0,3,1,1.0,Executive,16091.0,1,1,0.80036646,1,True
38.0,Company Invited,1,32.0,Small Business,Female,4,4.0,Deluxe,3.0,Divorced,5.0,1,3,1,2.0,Manager,23127.0,0,0,0.025784148,0,True
36.0,Self Enquiry,3,9.0,Salaried,Male,2,4.0,Standard,3.0,Divorced,2.0,1,2,1,0.0,Senior Manager,25325.0,1,1,0.9825233,1,True
29.0,Self Enquiry,1,34.0,Salaried,Female,3,3.0,Basic,3.0,Married,5.0,0,5,1,0.0,Executive,17514.0,0,0,0.025553795,0,True
46.0,Company Invited,3,33.0,Small Business,Male,3,5.0,Deluxe,5.0,Married,3.0,0,3,0,1.0,Manager,23063.0,0,0,0.14406282,0,True
26.0,Self Enquiry,3,6.0,Salaried,Male,2,3.0,Deluxe,3.0,Married,2.0,0,5,0,1.0,Manager,20296.0,0,0,0.0029164867,0,True
22.0,Self Enquiry,1,12.0,Small Business,Male,4,4.0,Basic,3.0,Unmarried,3.0,0,1,1,2.0,Executive,21795.0,0,0,0.00924654,0,True
32.0,Self Enquiry,3,36.0,Small Business,Female,4,5.0,Deluxe,3.0,Married,3.0,0,3,1,1.0,Manager,24146.0,0,0,0.0107104005,0,True
40.0,Self Enquiry,1,8.0,Salaried,Male,2,4.0,Basic,3.0,Single,3.0,0,5,0,1.0,Executive,17809.0,0,0,0.17494296,0,True
43.0,Company Invited,1,28.0,Small Business,Female,3,4.0,Deluxe,3.0,Married,4.0,0,2,0,1.0,Manager,23943.0,0,0,0.00022256018,0,True
37.0,Company Invited,1,25.0,Salaried,Male,3,3.0,Basic,3.0,Divorced,6.0,0,5,0,1.0,Executive,22366.0,0,0,0.005252309,0,True
49.0,Self Enquiry,1,6.0,Large Business,Female,2,4.0,Super Deluxe,3.0,Single,1.0,1,3,1,0.0,AVP,28964.0,0,0,1.3853493e-05,0,True
43.0,Self Enquiry,1,20.0,Salaried,Male,3,3.0,Super Deluxe,5.0,Divorced,7.0,0,5,1,0.0,AVP,32159.0,0,0,0.0018387197,0,True
46.0,Self Enquiry,1,7.0,Small Business,Female,4,4.0,Basic,3.0,Married,5.0,0,5,1,1.0,Executive,20948.0,0,0,0.001358452,0,True
33.0,Self Enquiry,1,13.0,Small Business,Male,2,3.0,Standard,3.0,Divorced,1.0,0,4,0,0.0,Senior Manager,26691.0,0,0,0.034481216,0,True
39.0,Self Enquiry,3,11.0,Large Business,Male,2,3.0,Deluxe,3.0,Married,4.0,0,1,0,0.0,Manager,17086.0,1,1,0.97309804,1,True
35.0,Self Enquiry,1,14.0,Salaried,Female,3,4.0,Standard,4.0,Single,2.0,0,3,1,1.0,Senior Manager,30672.0,0,0,0.0084691085,0,True
36.0,Self Enquiry,1,16.0,Salaried,Female,4,5.0,Standard,3.0,Married,3.0,1,4,1,3.0,Senior Manager,29363.0,0,0,0.031252444,0,True
34.0,Company Invited,1,7.0,Small Business,Male,3,4.0,Deluxe,5.0,Single,1.0,0,1,0,0.0,Manager,20343.0,0,0,0.0135616,0,True
54.0,Self Enquiry,1,9.0,Salaried,Male,2,3.0,Super Deluxe,3.0,Married,4.0,0,5,0,0.0,AVP,32779.0,0,0,7.560571e-07,0,True
26.0,Company Invited,1,6.0,Salaried,Female,2,3.0,Deluxe,4.0,Married,2.0,0,5,0,1.0,Manager,21397.0,0,0,0.0012313933,0,True
25.0,Self Enquiry,3,25.0,Small Business,Male,2,4.0,Basic,4.0,Married,2.0,1,1,0,1.0,Executive,17413.0,1,1,0.99886984,1,True
35.0,Self Enquiry,1,22.0,Salaried,Male,3,3.0,Standard,3.0,Married,5.0,1,1,0,0.0,Senior Manager,22632.0,0,0,0.007313368,0,True
36.0,Self Enquiry,1,29.0,Salaried,Female,4,2.0,Standard,4.0,Married,2.0,0,5,1,3.0,Senior Manager,30674.0,0,0,0.014378302,0,True
30.0,Self Enquiry,1,16.0,Salaried,Male,4,2.0,Basic,3.0,Married,8.0,0,5,1,1.0,Executive,21129.0,0,0,0.020995788,0,True
36.0,Company Invited,1,14.0,Salaried,Female,3,1.0,Standard,5.0,Married,1.0,0,3,0,1.0,Senior Manager,26713.0,0,0,0.004954496,0,True
47.0,Self Enquiry,1,7.0,Small Business,Male,4,4.0,Standard,5.0,Married,2.0,0,2,0,1.0,Senior Manager,28074.0,0,0,0.020754563,0,True
32.0,Company Invited,1,8.0,Salaried,Male,3,3.0,Basic,3.0,Single,1.0,0,5,1,1.0,Executive,18068.0,0,0,0.14641584,0,True
40.0,Self Enquiry,1,9.0,Large Business,Female,4,5.0,Deluxe,3.0,Unmarried,3.0,0,1,1,2.0,Manager,23231.0,0,0,0.00045526566,0,True
49.0,Self Enquiry,1,14.0,Salaried,Female,2,3.0,Standard,4.0,Divorced,5.0,0,4,0,0.0,Senior Manager,22403.0,0,0,0.008045999,0,True
55.0,Self Enquiry,1,9.0,Large Business,Female,3,4.0,Standard,3.0,Married,2.0,0,4,0,1.0,Senior Manager,32227.0,0,0,0.013336976,0,True
33.0,Self Enquiry,3,15.0,Large Business,Female,4,5.0,Deluxe,4.0,Divorced,3.0,1,2,1,1.0,Manager,23906.0,0,0,0.013010462,0,True
27.0,Self Enquiry,1,13.0,Salaried,Female,3,5.0,Basic,4.0,Divorced,3.0,0,3,1,1.0,Executive,21046.0,0,0,0.2549728,0,True
38.0,Self Enquiry,1,13.0,Small Business,Male,3,3.0,Deluxe,5.0,Married,6.0,1,3,1,2.0,Manager,24652.0,0,0,0.07961928,0,True
36.0,Self Enquiry,1,14.0,Salaried,Male,3,4.0,Standard,3.0,Single,5.0,0,3,0,2.0,Senior Manager,28899.0,0,0,0.018361041,0,True
31.0,Self Enquiry,3,12.0,Salaried,Male,3,5.0,Deluxe,3.0,Married,5.0,1,3,0,2.0,Manager,21172.0,1,1,0.7696713,1,True
49.0,Self Enquiry,3,17.0,Small Business,Female,2,3.0,Standard,3.0,Married,2.0,0,4,0,0.0,Senior Manager,22654.0,1,0,0.18070202,1,False
45.0,Self Enquiry,3,19.0,Small Business,Male,2,1.0,Super Deluxe,3.0,Single,7.0,1,3,1,0.0,AVP,33824.0,1,1,0.983766,1,True
45.0,Self Enquiry,1,34.0,Large Business,Male,3,3.0,Basic,3.0,Married,5.0,0,3,1,2.0,Executive,17132.0,0,0,0.1056689,0,True
37.0,Company Invited,1,17.0,Salaried,Male,2,3.0,Standard,3.0,Married,2.0,1,3,1,1.0,Senior Manager,27185.0,0,0,0.045048043,0,True
40.0,Self Enquiry,1,31.0,Small Business,Male,3,4.0,Basic,4.0,Married,3.0,1,1,0,1.0,Executive,22582.0,1,1,0.9504669,1,True
57.0,Self Enquiry,1,31.0,Salaried,Male,4,4.0,Basic,3.0,Single,3.0,0,3,0,1.0,Executive,21265.0,1,1,0.9387728,1,True
34.0,Self Enquiry,1,7.0,Salaried,Male,4,5.0,Basic,5.0,Unmarried,5.0,1,4,0,1.0,Executive,21477.0,0,1,0.85103375,0,False
39.0,Self Enquiry,1,36.0,Large Business,Male,3,4.0,Deluxe,3.0,Married,5.0,0,1,0,1.0,Manager,24939.0,0,0,0.014956792,0,True
40.0,Self Enquiry,1,13.0,Small Business,Male,4,4.0,Basic,5.0,Married,2.0,1,1,1,2.0,Executive,21082.0,1,1,0.98092216,1,True
39.0,Self Enquiry,1,9.0,Small Business,Male,3,4.0,Deluxe,3.0,Married,1.0,0,4,0,2.0,Manager,18069.0,0,0,0.081279725,0,True
40.0,Self Enquiry,1,20.0,Small Business,Male,2,4.0,King,3.0,Single,2.0,0,3,1,1.0,VP,34626.0,0,0,0.031550944,0,True
29.0,Self Enquiry,1,6.0,Salaried,Female,2,4.0,Basic,5.0,Married,2.0,1,1,0,0.0,Executive,17319.0,1,1,0.6849754,1,True
27.0,Self Enquiry,1,23.0,Small Business,Male,3,4.0,Basic,4.0,Married,4.0,1,2,1,2.0,Executive,21051.0,1,1,0.99299425,1,True
38.0,Self Enquiry,3,16.0,Small Business,Male,3,4.0,Standard,3.0,Married,1.0,1,3,1,0.0,Senior Manager,23740.0,0,1,0.85816425,0,False
28.0,Self Enquiry,1,13.0,Salaried,Male,3,3.0,Basic,5.0,Unmarried,4.0,1,3,0,2.0,Executive,21674.0,1,1,0.93287414,1,True
38.0,Self Enquiry,3,23.0,Small Business,Male,4,5.0,Deluxe,3.0,Married,6.0,0,5,1,1.0,Manager,25012.0,0,0,0.027171453,0,True
48.0,Company Invited,1,6.0,Small Business,Male,2,1.0,Super Deluxe,3.0,Single,3.0,0,1,0,0.0,AVP,31885.0,0,0,9.563728e-09,0,True
27.0,Self Enquiry,1,13.0,Salaried,Female,4,4.0,Basic,3.0,Married,3.0,1,1,0,2.0,Executive,21337.0,0,0,0.039348986,0,True
40.0,Self Enquiry,1,8.0,Small Business,Female,3,3.0,Basic,3.0,Married,3.0,0,1,1,1.0,Executive,17001.0,0,0,7.218326e-05,0,True
46.0,Self Enquiry,1,8.0,Salaried,Male,2,3.0,Standard,3.0,Married,4.0,0,1,1,1.0,Senior Manager,23578.0,0,0,0.0040210593,0,True
35.0,Self Enquiry,1,13.0,Small Business,Male,3,4.0,Basic,5.0,Unmarried,4.0,0,2,1,2.0,Executive,21638.0,1,0,0.3140982,1,False
39.0,Self Enquiry,1,22.0,Salaried,Male,4,5.0,Standard,3.0,Married,2.0,1,5,1,2.0,Senior Manager,30188.0,0,0,0.08682978,0,True
36.0,Self Enquiry,3,16.0,Large Business,Female,3,4.0,Deluxe,3.0,Married,2.0,1,1,1,2.0,Manager,20673.0,0,0,0.0025556872,0,True
40.0,Self Enquiry,3,14.0,Salaried,Male,4,4.0,Basic,3.0,Married,3.0,1,1,1,3.0,Executive,23212.0,1,1,0.87639785,1,True
26.0,Self Enquiry,1,6.0,Small Business,Male,3,3.0,Basic,5.0,Single,1.0,0,5,1,2.0,Executive,17867.0,0,1,0.5870098,0,False
22.0,Self Enquiry,1,21.0,Small Business,Female,2,3.0,Basic,3.0,Single,2.0,0,2,1,1.0,Executive,17871.0,0,0,0.051903605,0,True
37.0,Self Enquiry,1,12.0,Salaried,Male,4,4.0,Deluxe,4.0,Unmarried,2.0,0,2,0,3.0,Manager,24592.0,0,0,0.018690666,0,True
47.0,Self Enquiry,1,31.0,Small Business,Male,2,3.0,Standard,3.0,Unmarried,3.0,0,3,1,0.0,Senior Manager,23633.0,0,0,0.06280183,0,True
26.0,Self Enquiry,1,8.0,Small Business,Male,2,1.0,Deluxe,3.0,Married,2.0,0,3,1,1.0,Manager,20472.0,0,0,0.0003930462,0,True
30.0,Self Enquiry,3,17.0,Small Business,Male,3,5.0,Deluxe,3.0,Unmarried,2.0,0,4,1,1.0,Manager,24547.0,0,0,0.11347874,0,True
27.0,Self Enquiry,1,8.0,Salaried,Female,2,3.0,Basic,5.0,Married,2.0,0,3,0,1.0,Executive,17341.0,0,0,0.3666885,0,True
25.0,Self Enquiry,3,19.0,Small Business,Male,2,3.0,Basic,3.0,Divorced,2.0,0,3,1,0.0,Executive,17096.0,0,0,0.05048429,0,True
26.0,Self Enquiry,3,34.0,Small Business,Male,3,3.0,Deluxe,4.0,Divorced,2.0,0,3,1,0.0,Manager,21272.0,0,0,0.014277611,0,True
31.0,Self Enquiry,1,29.0,Salaried,Female,3,4.0,Basic,3.0,Divorced,6.0,1,2,0,2.0,Executive,20810.0,1,1,0.99057007,1,True
29.0,Self Enquiry,1,14.0,Salaried,Male,4,4.0,Basic,5.0,Unmarried,5.0,1,3,0,3.0,Executive,25352.0,1,1,0.9467598,1,True
20.0,Self Enquiry,1,17.0,Small Business,Female,3,4.0,Basic,5.0,Single,2.0,1,3,1,2.0,Executive,17600.0,1,1,0.95049393,1,True
33.0,Company Invited,1,20.0,Salaried,Female,4,5.0,Basic,4.0,Divorced,3.0,0,5,0,1.0,Executive,21421.0,0,0,0.17777346,0,True
21.0,Self Enquiry,3,28.0,Small Business,Male,3,2.0,Basic,3.0,Unmarried,3.0,0,3,1,2.0,Executive,21356.0,0,0,0.0584349,0,True
30.0,Self Enquiry,1,8.0,Salaried,Female,4,4.0,Basic,3.0,Married,3.0,0,1,1,3.0,Executive,22438.0,0,0,0.0036804052,0,True
32.0,Self Enquiry,1,11.0,Small Business,Female,4,2.0,Basic,3.0,Married,2.0,0,5,1,3.0,Executive,22656.0,0,0,0.00081612804,0,True
42.0,Company Invited,1,25.0,Small Business,Male,2,1.0,Basic,3.0,Married,7.0,1,3,0,0.0,Executive,17759.0,1,0,0.27941865,1,False
31.0,Company Invited,1,15.0,Small Business,Male,2,4.0,Basic,5.0,Single,1.0,1,3,1,0.0,Executive,17321.0,1,1,0.9361308,1,True
37.0,Self Enquiry,3,17.0,Small Business,Male,3,5.0,Standard,5.0,Married,2.0,0,5,0,1.0,Senior Manager,25772.0,1,0,0.46991998,1,False
29.0,Self Enquiry,3,16.0,Small Business,Female,2,4.0,Deluxe,4.0,Married,2.0,1,5,0,1.0,Manager,23268.0,0,0,0.22497381,0,True
34.0,Self Enquiry,1,6.0,Salaried,Male,2,3.0,Deluxe,3.0,Married,1.0,0,4,1,0.0,Manager,20484.0,0,0,0.013083252,0,True
29.0,Self Enquiry,1,9.0,Small Business,Male,3,4.0,Basic,3.0,Unmarried,8.0,0,3,0,1.0,Executive,23060.0,1,0,0.018182324,1,False
31.0,Self Enquiry,1,9.0,Salaried,Female,3,6.0,Deluxe,3.0,Unmarried,4.0,0,1,1,1.0,Manager,24769.0,0,0,0.00014768587,0,True
35.0,Company Invited,1,8.0,Salaried,Female,3,3.0,Deluxe,5.0,Married,3.0,0,4,0,0.0,Manager,20093.0,0,0,0.0035060449,0,True
34.0,Company Invited,3,32.0,Small Business,Female,3,4.0,Deluxe,3.0,Married,3.0,0,3,0,2.0,Manager,23217.0,0,0,0.008426356,0,True
35.0,Self Enquiry,1,14.0,Small Business,Male,3,4.0,Basic,3.0,Unmarried,3.0,0,1,0,2.0,Executive,21650.0,0,0,0.0030322222,0,True
30.0,Self Enquiry,1,7.0,Salaried,Female,4,4.0,Basic,3.0,Married,3.0,0,2,0,3.0,Executive,22438.0,0,0,0.0007862399,0,True
51.0,Self Enquiry,1,7.0,Small Business,Male,3,5.0,Basic,3.0,Married,4.0,0,3,1,1.0,Executive,22368.0,0,0,0.057544436,0,True
27.0,Self Enquiry,3,30.0,Small Business,Female,3,5.0,Deluxe,3.0,Married,2.0,1,1,0,1.0,Manager,22835.0,0,1,0.9510006,0,False
41.0,Self Enquiry,3,15.0,Salaried,Male,3,3.0,Standard,3.0,Married,4.0,1,1,0,1.0,Senior Manager,23189.0,0,0,0.06944179,0,True
29.0,Self Enquiry,1,12.0,Large Business,Male,3,4.0,Basic,3.0,Unmarried,3.0,1,1,0,1.0,Executive,22119.0,1,1,0.8946241,1,True
40.0,Company Invited,1,17.0,Large Business,Female,3,3.0,Deluxe,3.0,Married,2.0,0,3,1,1.0,Manager,21323.0,0,0,0.00026744965,0,True
35.0,Self Enquiry,1,9.0,Salaried,Male,3,5.0,Deluxe,5.0,Married,8.0,0,4,0,2.0,Manager,24635.0,0,0,0.034612503,0,True
35.0,Self Enquiry,3,22.0,Small Business,Female,4,4.0,Deluxe,5.0,Unmarried,3.0,0,1,1,3.0,Manager,24803.0,0,0,0.019544622,0,True
30.0,Self Enquiry,2,6.0,Salaried,Male,2,3.0,Basic,3.0,Married,1.0,0,1,0,1.0,Executive,17064.0,0,0,0.004236319,0,True
46.0,Company Invited,3,33.0,Salaried,Female,4,4.0,Deluxe,5.0,Married,4.0,0,1,0,3.0,Manager,22964.0,1,0,0.061721746,1,False
36.0,Self Enquiry,3,17.0,Small Business,Male,3,5.0,Standard,5.0,Married,2.0,0,5,1,2.0,Senior Manager,28984.0,1,1,0.8224824,1,True
38.0,Self Enquiry,3,10.0,Salaried,Male,3,4.0,Standard,3.0,Unmarried,4.0,0,3,0,1.0,Senior Manager,26106.0,0,0,0.04935245,0,True
43.0,Company Invited,1,17.0,Large Business,Male,3,4.0,Basic,3.0,Married,5.0,0,4,1,1.0,Executive,21614.0,0,1,0.5195558,0,False
58.0,Company Invited,1,8.0,Salaried,Male,2,4.0,Basic,3.0,Married,1.0,1,2,0,0.0,Executive,17380.0,1,1,0.9908789,1,True
30.0,Self Enquiry,1,14.0,Small Business,Female,4,5.0,Basic,3.0,Married,8.0,0,5,1,2.0,Executive,21210.0,0,0,0.055139456,0,True
57.0,Company Invited,1,16.0,Small Business,Female,4,4.0,Basic,3.0,Married,4.0,0,1,1,1.0,Executive,21620.0,0,0,0.00026513348,0,True
30.0,Company Invited,3,28.0,Salaried,Female,3,3.0,Standard,5.0,Married,1.0,0,1,1,1.0,Senior Manager,23412.0,0,0,0.006887345,0,True
30.0,Company Invited,1,15.0,Small Business,Male,3,3.0,Deluxe,5.0,Married,2.0,0,2,0,1.0,Manager,18072.0,0,0,0.00656211,0,True
36.0,Self Enquiry,3,8.0,Salaried,Male,3,3.0,Basic,3.0,Single,4.0,1,3,0,0.0,Executive,17644.0,0,1,0.74730337,0,False
38.0,Company Invited,1,12.0,Large Business,Male,3,2.0,Basic,3.0,Unmarried,2.0,0,5,1,1.0,Executive,22178.0,0,0,0.42982763,0,True
37.0,Company Invited,3,18.0,Large Business,Female,4,4.0,Standard,3.0,Married,2.0,0,5,0,3.0,Senior Manager,28416.0,0,0,0.027597476,0,True
47.0,Self Enquiry,3,9.0,Large Business,Female,4,6.0,Super Deluxe,4.0,Married,5.0,1,5,1,1.0,AVP,35550.0,0,0,0.0015062905,0,True
45.0,Self Enquiry,1,31.0,Salaried,Female,3,4.0,Deluxe,3.0,Married,1.0,0,4,0,0.0,Manager,20906.0,0,0,0.02399688,0,True
33.0,Company Invited,3,14.0,Salaried,Female,2,4.0,Basic,3.0,Single,1.0,0,1,0,1.0,Executive,17342.0,0,0,0.11894168,0,True
49.0,Self Enquiry,1,7.0,Salaried,Female,3,5.0,Super Deluxe,5.0,Divorced,2.0,0,4,0,2.0,AVP,34080.0,0,0,8.435802e-07,0,True
28.0,Self Enquiry,1,14.0,Salaried,Female,3,3.0,Basic,3.0,Single,2.0,0,4,0,1.0,Executive,18310.0,0,0,0.1147417,0,True
44.0,Self Enquiry,3,6.0,Small Business,Female,3,3.0,Deluxe,5.0,Married,6.0,1,2,0,0.0,Manager,20454.0,0,0,0.018463328,0,True
33.0,Self Enquiry,1,10.0,Small Business,Female,4,4.0,Deluxe,5.0,Divorced,3.0,0,2,1,2.0,Manager,25403.0,0,0,0.0001947942,0,True
45.0,Self Enquiry,1,15.0,Salaried,Male,4,2.0,Basic,3.0,Married,4.0,1,3,1,1.0,Executive,21496.0,0,0,0.08398964,0,True
53.0,Self Enquiry,3,8.0,Salaried,Female,3,4.0,Super Deluxe,3.0,Married,3.0,0,3,0,0.0,AVP,30427.0,0,0,8.7804676e-07,0,True
45.0,Self Enquiry,1,17.0,Salaried,Male,4,4.0,Basic,3.0,Unmarried,3.0,1,3,1,1.0,Executive,21614.0,1,1,0.73077893,1,True
59.0,Self Enquiry,3,31.0,Salaried,Female,2,3.0,Standard,5.0,Unmarried,1.0,0,3,1,0.0,Senior Manager,22637.0,0,0,0.13682483,0,True
42.0,Self Enquiry,3,13.0,Small Business,Male,3,4.0,Standard,3.0,Unmarried,3.0,0,5,1,1.0,Senior Manager,27919.0,0,0,0.22294527,0,True
34.0,Company Invited,1,8.0,Salaried,Male,2,4.0,Deluxe,3.0,Divorced,2.0,0,4,0,0.0,Manager,24547.0,0,0,0.0013714721,0,True
37.0,Self Enquiry,3,10.0,Salaried,Male,3,5.0,Standard,3.0,Married,3.0,1,1,1,1.0,Senior Manager,29003.0,1,1,0.771203,1,True
29.0,Self Enquiry,1,8.0,Salaried,Male,3,3.0,Basic,4.0,Divorced,1.0,0,4,0,0.0,Executive,17703.0,0,0,0.04191531,0,True
29.0,Self Enquiry,1,9.0,Salaried,Male,4,5.0,Basic,4.0,Married,2.0,0,1,0,3.0,Executive,21879.0,0,0,0.0116104735,0,True
40.0,Self Enquiry,1,30.0,Large Business,Male,3,3.0,Deluxe,3.0,Married,2.0,0,3,1,1.0,Manager,18319.0,0,0,0.032301802,0,True
31.0,Company Invited,2,15.0,Salaried,Female,4,5.0,Basic,3.0,Married,8.0,0,5,1,3.0,Executive,20858.0,1,1,0.93975437,1,True
60.0,Self Enquiry,3,32.0,Salaried,Female,5,4.0,Standard,5.0,Unmarried,2.0,0,3,1,2.0,Senior Manager,26315.0,0,1,0.5607899,0,False
36.0,Self Enquiry,1,34.0,Small Business,Female,3,5.0,Basic,5.0,Single,3.0,0,4,0,2.0,Executive,21237.0,0,0,0.4133849,0,True
49.0,Self Enquiry,1,22.0,Small Business,Female,3,3.0,Basic,5.0,Married,5.0,1,1,1,1.0,Executive,17587.0,0,0,0.13187267,0,True
35.0,Self Enquiry,1,13.0,Salaried,Female,3,4.0,Deluxe,3.0,Unmarried,3.0,0,3,0,1.0,Manager,23487.0,0,0,0.0016143797,0,True
19.0,Self Enquiry,2,8.0,Large Business,Male,2,4.0,Basic,3.0,Single,2.0,0,3,0,0.0,Executive,17564.0,1,1,0.947666,1,True
48.0,Self Enquiry,1,9.0,Small Business,Female,4,4.0,Deluxe,3.0,Married,7.0,0,1,0,1.0,Manager,23748.0,0,0,2.0263202e-05,0,True
32.0,Self Enquiry,1,15.0,Salaried,Female,3,3.0,Deluxe,3.0,Divorced,2.0,1,5,1,2.0,Manager,21322.0,0,0,0.19902559,0,True
42.0,Self Enquiry,1,8.0,Salaried,Male,3,4.0,Deluxe,3.0,Unmarried,4.0,0,1,1,0.0,Manager,21781.0,0,0,0.002179078,0,True
32.0,Self Enquiry,1,31.0,Small Business,Female,4,5.0,Deluxe,5.0,Unmarried,3.0,0,5,1,1.0,Manager,25490.0,0,0,0.22314258,0,True
52.0,Company Invited,1,34.0,Small Business,Female,2,1.0,Super Deluxe,3.0,Divorced,3.0,1,4,0,0.0,AVP,28247.0,0,0,1.21809235e-05,0,True
35.0,Self Enquiry,3,9.0,Small Business,Female,3,4.0,Deluxe,5.0,Unmarried,2.0,1,3,1,1.0,Manager,23216.0,0,1,0.771358,0,False
30.0,Self Enquiry,1,28.0,Salaried,Female,3,2.0,Standard,5.0,Married,3.0,0,5,1,2.0,Senior Manager,28658.0,0,0,0.020240635,0,True
41.0,Company Invited,1,8.0,Salaried,Female,3,4.0,Deluxe,3.0,Unmarried,3.0,1,2,0,0.0,Manager,21811.0,0,0,0.0006213916,0,True
40.0,Self Enquiry,1,13.0,Small Business,Male,4,4.0,Basic,5.0,Divorced,2.0,1,2,1,2.0,Executive,21082.0,1,1,0.9369838,1,True
55.0,Self Enquiry,1,8.0,Salaried,Female,3,3.0,Super Deluxe,3.0,Single,3.0,1,5,0,0.0,AVP,31659.0,0,0,0.00015807919,0,True
37.0,Self Enquiry,3,6.0,Salaried,Male,2,4.0,Standard,3.0,Married,6.0,0,1,1,1.0,Senior Manager,25609.0,1,1,0.9876846,1,True
20.0,Self Enquiry,1,10.0,Small Business,Female,4,4.0,Basic,4.0,Single,3.0,0,3,1,3.0,Executive,20161.0,0,0,0.10745601,0,True
31.0,Company Invited,1,11.0,Large Business,Male,3,4.0,Basic,3.0,Single,2.0,1,4,1,1.0,Executive,20963.0,1,1,0.95031536,1,True
37.0,Company Invited,1,10.0,Large Business,Male,3,4.0,Basic,4.0,Married,3.0,0,3,0,2.0,Executive,22370.0,0,0,0.3902441,0,True
38.0,Self Enquiry,1,8.0,Small Business,Female,2,4.0,Standard,3.0,Married,4.0,1,5,1,1.0,Senior Manager,22756.0,0,0,0.2162825,0,True
46.0,Self Enquiry,1,6.0,Small Business,Male,3,3.0,Standard,5.0,Married,1.0,0,2,0,0.0,Senior Manager,24396.0,0,0,0.027640477,0,True
31.0,Self Enquiry,1,17.0,Small Business,Male,3,3.0,Deluxe,5.0,Married,2.0,1,1,1,1.0,Manager,21833.0,0,0,0.01393482,0,True
38.0,Self Enquiry,1,10.0,Small Business,Female,2,3.0,Basic,3.0,Married,1.0,0,5,0,0.0,Executive,18306.0,0,0,0.0041662958,0,True
35.0,Company Invited,1,9.0,Salaried,Male,3,5.0,Deluxe,3.0,Married,3.0,0,4,0,2.0,Manager,28225.0,0,0,0.0033287923,0,True
25.0,Company Invited,3,20.0,Salaried,Female,4,4.0,Basic,4.0,Divorced,3.0,0,1,0,1.0,Executive,20711.0,0,0,0.024834165,0,True
38.0,Self Enquiry,1,10.0,Salaried,Male,3,4.0,Standard,3.0,Divorced,3.0,0,2,1,1.0,Senior Manager,28112.0,0,0,0.0076909037,0,True
38.0,Self Enquiry,1,28.0,Salaried,Male,4,2.0,Basic,5.0,Married,3.0,1,3,1,1.0,Executive,22242.0,0,1,0.8007339,0,False
41.0,Self Enquiry,1,15.0,Salaried,Male,3,3.0,Basic,5.0,Divorced,3.0,0,2,0,2.0,Executive,17238.0,0,0,0.037845343,0,True
36.0,Self Enquiry,1,22.0,Salaried,Female,2,1.0,Basic,5.0,Single,2.0,0,2,1,0.0,Executive,17743.0,1,1,0.72275704,1,True
35.0,Self Enquiry,1,24.0,Salaried,Male,2,1.0,Deluxe,5.0,Married,2.0,0,3,0,1.0,Manager,20208.0,0,0,0.08808008,0,True
36.0,Company Invited,3,14.0,Salaried,Male,3,4.0,Standard,5.0,Unmarried,2.0,0,2,0,2.0,Senior Manager,22587.0,0,0,0.024398955,0,True
35.0,Self Enquiry,1,9.0,Small Business,Male,4,2.0,Basic,3.0,Married,2.0,1,1,0,2.0,Executive,21610.0,0,0,0.000106671505,0,True
46.0,Self Enquiry,3,9.0,Salaried,Male,4,4.0,Deluxe,4.0,Divorced,2.0,0,5,1,1.0,Manager,23483.0,0,0,0.021475317,0,True
34.0,Company Invited,3,23.0,Salaried,Female,3,4.0,Deluxe,3.0,Married,3.0,1,1,0,1.0,Manager,24046.0,0,0,0.0029586267,0,True
28.0,Self Enquiry,3,16.0,Small Business,Male,3,3.0,Basic,4.0,Divorced,2.0,0,5,1,1.0,Executive,16052.0,0,0,0.061463363,0,True
36.0,Self Enquiry,1,21.0,Salaried,Male,3,5.0,Basic,4.0,Married,3.0,1,5,1,2.0,Executive,22421.0,1,0,0.43762994,1,False
48.0,Company Invited,1,23.0,Small Business,Male,4,2.0,Deluxe,3.0,Married,3.0,1,1,1,1.0,Manager,23745.0,0,0,0.0027137534,0,True
38.0,Company Invited,3,7.0,Small Business,Male,3,6.0,Deluxe,3.0,Married,3.0,0,1,0,2.0,Manager,28203.0,0,0,0.0013482351,0,True
36.0,Company Invited,3,17.0,Large Business,Female,3,3.0,Standard,3.0,Divorced,1.0,0,5,0,0.0,Senior Manager,24738.0,0,0,0.021862173,0,True
38.0,Company Invited,1,16.0,Small Business,Male,3,3.0,Basic,3.0,Divorced,1.0,0,5,0,2.0,Executive,17684.0,0,0,0.00893832,0,True
55.0,Self Enquiry,1,14.0,Small Business,Female,4,4.0,Deluxe,3.0,Married,6.0,0,3,1,2.0,Manager,25532.0,0,0,0.18234521,0,True
23.0,Self Enquiry,1,26.0,Small Business,Male,4,4.0,Basic,3.0,Divorced,3.0,0,2,0,2.0,Executive,21001.0,0,0,0.0048827026,0,True
30.0,Self Enquiry,2,20.0,Salaried,Male,3,5.0,Basic,5.0,Married,6.0,1,5,1,2.0,Executive,21013.0,1,1,0.8191749,1,True
35.0,Self Enquiry,3,24.0,Small Business,Male,3,3.0,Deluxe,5.0,Married,1.0,0,3,0,0.0,Manager,17144.0,0,0,0.10425541,0,True
23.0,Company Invited,1,10.0,Salaried,Male,3,5.0,Basic,3.0,Married,2.0,1,3,0,2.0,Executive,21531.0,1,1,0.91713303,1,True
40.0,Self Enquiry,3,28.0,Small Business,Male,3,4.0,Deluxe,3.0,Married,3.0,1,3,1,0.0,Manager,21380.0,1,1,0.9181564,1,True
34.0,Company Invited,3,10.0,Small Business,Female,3,3.0,Deluxe,3.0,Divorced,1.0,0,2,1,0.0,Manager,21538.0,0,0,7.009286e-05,0,True
56.0,Company Invited,1,25.0,Small Business,Male,4,4.0,Deluxe,4.0,Married,5.0,1,5,1,2.0,Manager,25063.0,0,0,0.1652248,0,True
29.0,Company Invited,1,9.0,Salaried,Male,3,5.0,Basic,3.0,Divorced,3.0,1,4,1,1.0,Executive,22545.0,0,1,0.85025984,0,False
54.0,Self Enquiry,2,25.0,Small Business,Male,2,3.0,Standard,4.0,Divorced,3.0,0,3,1,0.0,Senior Manager,25725.0,0,0,0.2587489,0,True
34.0,Self Enquiry,3,34.0,Small Business,Female,3,4.0,Deluxe,3.0,Married,2.0,0,5,1,0.0,Manager,21712.0,0,0,0.014405694,0,True
46.0,Self Enquiry,3,10.0,Small Business,Female,2,4.0,King,4.0,Divorced,3.0,0,5,1,0.0,VP,33789.0,0,0,0.0022950037,0,True
35.0,Company Invited,1,24.0,Salaried,Male,2,3.0,Standard,3.0,Unmarried,3.0,0,3,0,0.0,Senior Manager,24362.0,0,0,0.02350595,0,True
36.0,Company Invited,1,11.0,Salaried,Male,3,4.0,Deluxe,3.0,Unmarried,3.0,1,1,1,2.0,Manager,22927.0,0,0,0.0071422197,0,True
50.0,Self Enquiry,1,7.0,Large Business,Female,3,4.0,Basic,5.0,Divorced,4.0,0,4,1,1.0,Executive,22258.0,0,0,0.14561602,0,True
39.0,Self Enquiry,1,7.0,Large Business,Female,4,4.0,Standard,5.0,Divorced,3.0,0,4,1,3.0,Senior Manager,32260.0,0,0,0.0005542285,0,True
24.0,Self Enquiry,1,23.0,Salaried,Male,3,4.0,Basic,4.0,Divorced,2.0,0,3,1,1.0,Executive,17127.0,0,0,0.22948879,0,True
34.0,Self Enquiry,3,16.0,Small Business,Female,4,4.0,Deluxe,5.0,Unmarried,2.0,1,3,0,2.0,Manager,26902.0,1,1,0.98264885,1,True
58.0,Self Enquiry,1,15.0,Small Business,Female,3,4.0,Basic,4.0,Married,5.0,1,1,1,1.0,Executive,18346.0,0,0,0.02578135,0,True
35.0,Self Enquiry,1,6.0,Salaried,Female,2,1.0,Basic,3.0,Single,4.0,0,3,0,0.0,Executive,17506.0,0,0,0.0026095242,0,True
29.0,Self Enquiry,1,7.0,Small Business,Female,4,4.0,Basic,5.0,Married,3.0,0,1,1,1.0,Executive,22269.0,0,0,0.0039051706,0,True
43.0,Company Invited,1,16.0,Salaried,Female,2,3.0,Basic,3.0,Single,1.0,0,5,0,0.0,Executive,17455.0,0,0,0.0578279,0,True
31.0,Self Enquiry,1,32.0,Salaried,Male,2,3.0,Basic,3.0,Married,2.0,0,3,0,1.0,Executive,17911.0,0,0,0.02282869,0,True
36.0,Self Enquiry,1,30.0,Small Business,Female,2,4.0,Basic,5.0,Divorced,5.0,1,4,1,1.0,Executive,22692.0,0,1,0.713708,0,False
40.0,Self Enquiry,3,22.0,Small Business,Male,4,4.0,Super Deluxe,5.0,Single,2.0,0,1,1,3.0,AVP,32019.0,0,0,1.8442344e-05,0,True
42.0,Self Enquiry,1,8.0,Small Business,Female,2,4.0,Basic,5.0,Married,1.0,1,4,1,0.0,Executive,17593.0,0,0,0.39679104,0,True
29.0,Self Enquiry,3,16.0,Salaried,Male,3,3.0,Basic,3.0,Single,2.0,0,4,1,0.0,Executive,17642.0,0,0,0.273573,0,True
53.0,Self Enquiry,1,8.0,Small Business,Male,2,1.0,Super Deluxe,4.0,Single,5.0,0,1,1,0.0,AVP,31598.0,0,0,2.4051684e-07,0,True
30.0,Company Invited,3,9.0,Salaried,Male,3,4.0,Deluxe,3.0,Unmarried,3.0,0,1,0,2.0,Manager,23232.0,0,0,0.005219996,0,True
40.0,Self Enquiry,1,13.0,Small Business,Male,3,5.0,Standard,5.0,Married,6.0,0,4,1,1.0,Senior Manager,28669.0,0,0,0.06569317,0,True
49.0,Company Invited,1,11.0,Small Business,Male,3,5.0,Super Deluxe,3.0,Married,4.0,0,5,1,2.0,AVP,33880.0,0,0,0.00035895844,0,True
28.0,Self Enquiry,1,22.0,Small Business,Male,3,2.0,Deluxe,5.0,Single,1.0,0,5,0,2.0,Manager,20661.0,0,0,0.16598295,0,True
24.0,Self Enquiry,1,24.0,Salaried,Male,2,3.0,Basic,3.0,Divorced,1.0,0,4,1,0.0,Executive,17774.0,0,0,0.056085505,0,True
35.0,Company Invited,1,26.0,Small Business,Female,3,4.0,Deluxe,4.0,Married,6.0,0,3,1,1.0,Manager,23122.0,0,0,0.032537635,0,True
28.0,Self Enquiry,3,9.0,Salaried,Male,4,4.0,Deluxe,3.0,Unmarried,3.0,1,4,1,3.0,Manager,23156.0,0,0,0.23081958,0,True
30.0,Self Enquiry,1,26.0,Large Business,Male,3,4.0,Deluxe,3.0,Married,6.0,0,5,0,1.0,Manager,22940.0,0,0,0.057057887,0,True
39.0,Self Enquiry,3,9.0,Small Business,Female,2,3.0,Deluxe,3.0,Married,5.0,1,4,1,1.0,Manager,20238.0,1,0,0.12309033,1,False
30.0,Self Enquiry,1,8.0,Small Business,Female,2,4.0,Deluxe,3.0,Unmarried,6.0,1,1,1,1.0,Manager,21877.0,0,0,0.00045005043,0,True
37.0,Self Enquiry,1,19.0,Small Business,Female,3,5.0,Standard,3.0,Unmarried,2.0,0,2,1,1.0,Senior Manager,27536.0,0,0,0.022258215,0,True
55.0,Company Invited,1,27.0,Salaried,Female,3,4.0,Deluxe,3.0,Unmarried,5.0,0,4,0,2.0,Manager,23547.0,0,0,0.0011939829,0,True
47.0,Self Enquiry,3,10.0,Large Business,Female,3,2.0,Super Deluxe,5.0,Married,4.0,0,3,1,1.0,AVP,31903.0,0,0,3.9172537e-07,0,True
25.0,Self Enquiry,1,24.0,Salaried,Female,4,4.0,Basic,4.0,Married,3.0,0,1,1,3.0,Executive,20888.0,1,1,0.85722685,1,True
48.0,Self Enquiry,3,35.0,Small Business,Female,3,3.0,Standard,3.0,Divorced,4.0,0,4,0,0.0,Senior Manager,27504.0,0,0,0.2592342,0,True
39.0,Self Enquiry,1,12.0,Small Business,Male,3,3.0,Basic,5.0,Married,1.0,1,1,1,1.0,Executive,17404.0,1,1,0.9736992,1,True
46.0,Self Enquiry,1,13.0,Salaried,Male,3,4.0,Standard,5.0,Divorced,6.0,1,3,0,1.0,Senior Manager,31923.0,0,0,0.0017046831,0,True
49.0,Self Enquiry,1,31.0,Salaried,Female,2,3.0,Basic,5.0,Married,2.0,0,3,0,0.0,Executive,18211.0,0,0,0.1335276,0,True
31.0,Company Invited,3,33.0,Small Business,Female,3,5.0,Deluxe,5.0,Unmarried,7.0,0,1,1,2.0,Manager,25374.0,1,0,0.47264856,1,False
29.0,Company Invited,1,20.0,Salaried,Female,2,3.0,Standard,3.0,Unmarried,1.0,1,5,1,0.0,Senior Manager,22553.0,1,1,0.8926731,1,True
44.0,Self Enquiry,1,14.0,Salaried,Female,3,4.0,Standard,5.0,Divorced,2.0,0,5,1,1.0,Senior Manager,28663.0,0,0,0.029217852,0,True
45.0,Company Invited,3,7.0,Small Business,Female,4,4.0,Deluxe,3.0,Divorced,2.0,0,4,1,2.0,Manager,23446.0,0,0,0.0009110326,0,True
29.0,Self Enquiry,1,17.0,Salaried,Female,3,4.0,Deluxe,3.0,Unmarried,5.0,0,4,0,2.0,Manager,22338.0,0,0,0.005857949,0,True
49.0,Self Enquiry,1,13.0,Salaried,Male,4,5.0,Deluxe,3.0,Unmarried,4.0,0,2,0,1.0,Manager,22918.0,0,0,0.06939881,0,True
38.0,Self Enquiry,1,13.0,Small Business,Male,3,2.0,Deluxe,5.0,Married,6.0,1,3,1,2.0,Manager,24652.0,0,0,0.050527755,0,True
31.0,Self Enquiry,1,8.0,Small Business,Female,2,5.0,Basic,3.0,Married,2.0,1,5,1,0.0,Executive,16129.0,0,1,0.6252596,0,False
29.0,Self Enquiry,1,14.0,Small Business,Male,3,4.0,Deluxe,3.0,Married,2.0,1,3,1,1.0,Manager,20056.0,0,0,0.12935446,0,True
25.0,Self Enquiry,3,10.0,Salaried,Female,3,4.0,Deluxe,3.0,Married,2.0,0,4,0,1.0,Manager,23677.0,0,0,0.002609514,0,True
39.0,Self Enquiry,3,17.0,Small Business,Male,4,5.0,Standard,3.0,Married,2.0,1,3,1,1.0,Senior Manager,27418.0,0,0,0.43155134,0,True
49.0,Self Enquiry,3,23.0,Salaried,Female,4,4.0,Deluxe,3.0,Married,2.0,0,4,1,1.0,Manager,25117.0,0,0,0.008744653,0,True
26.0,Self Enquiry,3,26.0,Small Business,Male,3,5.0,Basic,4.0,Married,3.0,1,1,0,2.0,Executive,21091.0,1,1,0.99925375,1,True
43.0,Company Invited,1,15.0,Small Business,Male,3,3.0,Deluxe,3.0,Married,4.0,1,3,1,0.0,Manager,20679.0,0,0,0.03376441,0,True
25.0,Self Enquiry,1,7.0,Small Business,Male,4,4.0,Basic,3.0,Married,4.0,1,3,0,3.0,Executive,20971.0,1,1,0.92738515,1,True
54.0,Self Enquiry,3,31.0,Salaried,Male,4,4.0,Standard,5.0,Single,8.0,1,3,1,3.0,Senior Manager,29126.0,1,1,0.79642063,1,True
27.0,Self Enquiry,1,11.0,Large Business,Male,2,4.0,Standard,3.0,Married,2.0,1,3,0,0.0,Senior Manager,27808.0,0,0,0.0026580603,0,True
29.0,Self Enquiry,1,29.0,Salaried,Male,2,3.0,Basic,3.0,Single,1.0,0,3,0,0.0,Executive,17201.0,0,0,0.32184508,0,True
32.0,Self Enquiry,2,9.0,Salaried,Male,4,5.0,Deluxe,5.0,Divorced,5.0,0,3,0,2.0,Manager,25088.0,0,0,0.1377746,0,True
42.0,Self Enquiry,1,9.0,Salaried,Female,3,6.0,Basic,3.0,Married,6.0,1,3,0,2.0,Executive,21456.0,1,1,0.94931674,1,True
51.0,Company Invited,3,15.0,Large Business,Male,3,4.0,Deluxe,3.0,Divorced,5.0,1,5,1,1.0,Manager,25474.0,1,1,0.88660854,1,True
28.0,Self Enquiry,1,15.0,Small Business,Female,3,3.0,Basic,3.0,Married,6.0,0,3,0,0.0,Executive,17377.0,0,0,0.0012994804,0,True
29.0,Company Invited,3,11.0,Small Business,Male,3,4.0,Deluxe,3.0,Married,3.0,0,1,0,1.0,Manager,22899.0,0,0,0.00020856423,0,True
27.0,Self Enquiry,3,35.0,Small Business,Male,4,4.0,Deluxe,4.0,Married,3.0,0,3,0,1.0,Manager,24950.0,0,0,0.04439614,0,True
43.0,Self Enquiry,1,7.0,Salaried,Female,3,5.0,Deluxe,3.0,Divorced,2.0,1,3,0,2.0,Manager,24740.0,0,0,0.0042744135,0,True
42.0,Self Enquiry,3,30.0,Salaried,Male,4,4.0,Standard,3.0,Unmarried,5.0,1,3,0,3.0,Senior Manager,25760.0,0,0,0.06363173,0,True
20.0,Self Enquiry,1,17.0,Small Business,Female,3,4.0,Basic,5.0,Single,2.0,1,3,0,1.0,Executive,17600.0,1,1,0.97405607,1,True
31.0,Self Enquiry,3,36.0,Salaried,Male,4,4.0,Deluxe,5.0,Married,2.0,0,1,1,1.0,Manager,22793.0,0,0,0.020750923,0,True
55.0,Self Enquiry,1,20.0,Small Business,Male,3,1.0,King,4.0,Single,1.0,0,1,1,1.0,VP,33722.0,0,0,0.000562761,0,True
32.0,Self Enquiry,1,18.0,Small Business,Male,4,4.0,Deluxe,5.0,Married,3.0,1,1,1,2.0,Manager,25511.0,0,0,0.015923569,0,True
61.0,Company Invited,3,35.0,Small Business,Female,4,5.0,Standard,5.0,Divorced,6.0,0,2,1,1.0,Senior Manager,28944.0,0,0,0.044022072,0,True
39.0,Self Enquiry,1,36.0,Large Business,Male,3,4.0,Deluxe,3.0,Divorced,5.0,0,2,0,2.0,Manager,24939.0,0,0,0.008044447,0,True
30.0,Company Invited,3,27.0,Large Business,Female,3,4.0,Basic,3.0,Married,3.0,0,3,0,2.0,Executive,20835.0,0,0,0.16060074,0,True
36.0,Self Enquiry,1,14.0,Salaried,Male,3,4.0,Standard,3.0,Single,5.0,0,3,0,1.0,Senior Manager,28899.0,0,0,0.027751464,0,True
54.0,Self Enquiry,1,23.0,Large Business,Female,2,3.0,Standard,3.0,Married,1.0,0,5,0,0.0,Senior Manager,25739.0,0,0,0.11851687,0,True
35.0,Self Enquiry,1,6.0,Small Business,Male,3,4.0,Basic,5.0,Single,2.0,0,1,0,2.0,Executive,17450.0,0,0,0.08984501,0,True
32.0,Self Enquiry,1,18.0,Salaried,Male,3,4.0,Basic,3.0,Married,5.0,1,3,0,1.0,Executive,21034.0,0,0,0.33161575,0,True
40.0,Company Invited,1,16.0,Salaried,Male,4,4.0,Deluxe,4.0,Unmarried,22.0,0,2,1,1.0,Manager,25460.0,0,0,0.005581571,0,True
29.0,Company Invited,3,11.0,Small Business,Male,3,4.0,Deluxe,3.0,Divorced,3.0,0,2,1,1.0,Manager,22899.0,0,0,0.0013823146,0,True
33.0,Company Invited,1,31.0,Salaried,Male,4,4.0,Deluxe,3.0,Married,3.0,0,4,1,3.0,Manager,23987.0,0,0,0.035276975,0,True
30.0,Company Invited,1,6.0,Salaried,Male,2,4.0,Standard,3.0,Unmarried,2.0,0,5,1,1.0,Senior Manager,23474.0,0,0,0.059207965,0,True
27.0,Self Enquiry,1,10.0,Salaried,Male,3,3.0,Basic,3.0,Married,2.0,0,4,1,1.0,Executive,17517.0,0,0,0.019571908,0,True
34.0,Company Invited,1,13.0,Salaried,Male,3,5.0,Deluxe,3.0,Single,2.0,1,5,1,1.0,Manager,21074.0,1,1,0.84852374,1,True
27.0,Self Enquiry,1,15.0,Small Business,Female,2,3.0,Basic,4.0,Single,2.0,0,3,1,0.0,Executive,17279.0,0,0,0.23225093,0,True
37.0,Company Invited,1,25.0,Small Business,Female,4,4.0,Basic,3.0,Single,3.0,0,3,0,2.0,Executive,20831.0,0,0,0.033084825,0,True
32.0,Self Enquiry,2,15.0,Small Business,Female,4,2.0,Basic,4.0,Single,2.0,0,1,0,3.0,Executive,20787.0,0,0,0.00035136554,0,True
49.0,Self Enquiry,1,22.0,Salaried,Female,4,4.0,Basic,5.0,Married,2.0,0,1,1,1.0,Executive,21045.0,0,0,0.16212812,0,True
54.0,Self Enquiry,3,7.0,Small Business,Female,3,4.0,Deluxe,5.0,Unmarried,2.0,0,2,1,2.0,Manager,27059.0,0,0,0.037711892,0,True
52.0,Self Enquiry,1,10.0,Large Business,Female,3,4.0,Standard,3.0,Married,4.0,0,4,1,2.0,Senior Manager,31794.0,0,0,0.0057443148,0,True
29.0,Self Enquiry,1,16.0,Small Business,Male,4,4.0,Basic,3.0,Divorced,3.0,0,2,1,2.0,Executive,20748.0,0,0,0.0061918697,0,True
35.0,Self Enquiry,1,7.0,Salaried,Male,3,4.0,Basic,3.0,Married,3.0,0,3,1,2.0,Executive,21369.0,0,0,0.017974153,0,True
41.0,Self Enquiry,3,12.0,Salaried,Female,3,3.0,Standard,3.0,Single,4.0,1,1,0,0.0,Senior Manager,28591.0,0,0,0.16278054,0,True
27.0,Company Invited,3,6.0,Small Business,Male,3,3.0,Deluxe,4.0,Married,1.0,1,1,0,1.0,Manager,21349.0,0,0,0.00029357092,0,True
33.0,Self Enquiry,3,14.0,Small Business,Male,2,3.0,Deluxe,3.0,Married,1.0,0,2,1,1.0,Manager,22104.0,0,0,0.008135067,0,True
36.0,Self Enquiry,1,23.0,Small Business,Male,3,3.0,Basic,4.0,Divorced,2.0,0,3,1,2.0,Executive,21104.0,0,0,0.021302951,0,True
54.0,Self Enquiry,3,9.0,Salaried,Female,4,5.0,Super Deluxe,3.0,Married,4.0,0,3,0,1.0,AVP,34105.0,0,0,4.2759007e-06,0,True
42.0,Self Enquiry,3,7.0,Small Business,Male,3,3.0,Standard,5.0,Divorced,3.0,0,3,1,2.0,Senior Manager,27070.0,0,0,0.0066869557,0,True
40.0,Company Invited,1,7.0,Salaried,Male,4,4.0,Deluxe,3.0,Married,3.0,1,5,1,3.0,Manager,25150.0,0,0,0.041361187,0,True
33.0,Self Enquiry,1,11.0,Salaried,Female,3,4.0,Basic,3.0,Married,2.0,0,1,0,0.0,Executive,17911.0,0,0,0.0015785816,0,True
50.0,Self Enquiry,3,15.0,Large Business,Male,3,5.0,Super Deluxe,4.0,Divorced,8.0,0,4,1,1.0,AVP,31798.0,0,0,0.004513073,0,True
30.0,Self Enquiry,3,18.0,Large Business,Female,2,3.0,Deluxe,3.0,Unmarried,1.0,0,2,1,0.0,Manager,21577.0,0,0,0.0017257109,0,True
52.0,Self Enquiry,1,7.0,Salaried,Male,4,4.0,Basic,3.0,Divorced,3.0,0,4,1,1.0,Executive,21401.0,0,0,0.020887265,0,True
39.0,Self Enquiry,1,7.0,Salaried,Female,3,4.0,Standard,3.0,Unmarried,6.0,1,2,0,2.0,Senior Manager,26539.0,0,0,0.0006851131,0,True
48.0,Company Invited,3,34.0,Salaried,Female,4,2.0,Deluxe,3.0,Unmarried,6.0,1,4,1,3.0,Manager,25075.0,1,1,0.9809247,1,True
34.0,Company Invited,1,12.0,Salaried,Female,4,4.0,Standard,4.0,Divorced,8.0,0,3,1,3.0,Senior Manager,30556.0,0,0,0.12063134,0,True
32.0,Self Enquiry,3,13.0,Salaried,Male,4,6.0,Deluxe,3.0,Divorced,6.0,1,3,1,2.0,Manager,24850.0,1,1,0.9871474,1,True
28.0,Company Invited,1,15.0,Salaried,Male,3,6.0,Basic,3.0,Married,3.0,0,1,1,2.0,Executive,23299.0,0,0,0.032715965,0,True
52.0,Self Enquiry,1,16.0,Salaried,Male,4,4.0,Basic,3.0,Divorced,5.0,0,3,1,1.0,Executive,20753.0,0,0,0.011447157,0,True
45.0,Self Enquiry,1,6.0,Salaried,Male,3,2.0,King,3.0,Divorced,1.0,0,4,1,2.0,VP,34202.0,0,0,3.681192e-05,0,True
28.0,Self Enquiry,3,30.0,Small Business,Female,3,5.0,Deluxe,3.0,Married,3.0,0,1,1,2.0,Manager,22218.0,0,0,0.010000112,0,True
31.0,Self Enquiry,1,29.0,Small Business,Male,3,4.0,Deluxe,3.0,Divorced,1.0,0,3,1,1.0,Manager,20582.0,0,0,0.018902477,0,True
35.0,Company Invited,1,17.0,Small Business,Male,3,4.0,Basic,3.0,Married,3.0,1,3,1,1.0,Executive,22493.0,0,1,0.8829632,0,False
44.0,Self Enquiry,1,16.0,Salaried,Male,2,3.0,Deluxe,3.0,Married,3.0,1,3,0,1.0,Manager,21465.0,0,0,0.010265156,0,True
45.0,Self Enquiry,1,8.0,Salaried,Female,3,4.0,Basic,3.0,Single,2.0,0,3,1,1.0,Executive,17274.0,0,0,0.038371924,0,True
44.0,Company Invited,1,28.0,Small Business,Male,4,4.0,Basic,3.0,Married,2.0,0,4,1,3.0,Executive,20936.0,0,0,0.29572126,0,True
40.0,Company Invited,3,11.0,Salaried,Male,2,4.0,Standard,5.0,Married,6.0,1,5,0,0.0,Senior Manager,25475.0,0,0,0.05253038,0,True
47.0,Company Invited,1,35.0,Salaried,Male,2,3.0,Standard,4.0,Married,2.0,1,3,1,0.0,Senior Manager,26849.0,1,1,0.8768282,1,True
52.0,Self Enquiry,1,14.0,Salaried,Female,2,3.0,Basic,5.0,Divorced,1.0,0,1,1,1.0,Executive,17950.0,0,0,0.05556715,0,True
34.0,Self Enquiry,1,16.0,Small Business,Male,3,4.0,Basic,3.0,Married,2.0,0,1,0,2.0,Executive,21459.0,0,0,0.0010971307,0,True
35.0,Self Enquiry,3,22.0,Small Business,Male,3,3.0,Standard,4.0,Divorced,1.0,0,2,1,2.0,Senior Manager,23020.0,0,0,0.0181955,0,True
25.0,Company Invited,1,9.0,Large Business,Female,3,4.0,Basic,3.0,Unmarried,3.0,1,3,1,2.0,Executive,22438.0,0,1,0.7867947,0,False
32.0,Company Invited,1,7.0,Salaried,Male,3,6.0,Deluxe,5.0,Married,3.0,0,1,1,2.0,Manager,23681.0,0,0,0.00056106347,0,True
41.0,Self Enquiry,1,20.0,Salaried,Male,2,3.0,Basic,3.0,Married,5.0,0,4,1,1.0,Executive,17451.0,0,0,0.005846351,0,True
54.0,Self Enquiry,3,8.0,Salaried,Female,2,4.0,Standard,3.0,Married,7.0,0,5,1,1.0,Senior Manager,25686.0,0,0,0.0074343276,0,True
32.0,Self Enquiry,1,16.0,Salaried,Male,3,4.0,Standard,4.0,Married,3.0,0,3,1,2.0,Senior Manager,29326.0,0,0,0.008639702,0,True
51.0,Company Invited,3,19.0,Small Business,Female,4,4.0,Standard,3.0,Unmarried,6.0,0,5,1,3.0,Senior Manager,27886.0,0,0,0.17901154,0,True
30.0,Self Enquiry,1,14.0,Salaried,Female,3,1.0,Standard,5.0,Divorced,1.0,1,2,0,2.0,Senior Manager,26416.0,0,0,9.2516806e-05,0,True
19.0,Company Invited,1,7.0,Salaried,Female,4,4.0,Basic,3.0,Single,3.0,0,5,1,2.0,Executive,20289.0,0,1,0.7200228,0,False
24.0,Self Enquiry,3,9.0,Large Business,Male,4,4.0,Basic,5.0,Married,5.0,0,3,1,2.0,Executive,21000.0,0,1,0.704692,0,False
34.0,Self Enquiry,1,14.0,Small Business,Male,3,4.0,Standard,3.0,Married,2.0,0,4,1,1.0,Senior Manager,30369.0,0,0,0.1478129,0,True
31.0,Company Invited,1,30.0,Large Business,Female,1,3.0,Deluxe,3.0,Single,3.0,0,1,1,0.0,Manager,20238.0,0,0,1.8825367e-05,0,True
44.0,Self Enquiry,1,9.0,Small Business,Female,4,2.0,Basic,3.0,Married,3.0,0,1,1,3.0,Executive,21323.0,0,0,1.0943589e-05,0,True
31.0,Company Invited,1,10.0,Salaried,Male,3,4.0,Basic,3.0,Divorced,6.0,0,3,0,2.0,Executive,20775.0,0,0,0.0060983202,0,True
38.0,Company Invited,1,9.0,Salaried,Male,2,3.0,Basic,3.0,Married,4.0,0,3,1,0.0,Executive,17821.0,0,0,0.012946831,0,True
58.0,Self Enquiry,1,27.0,Small Business,Female,3,3.0,Deluxe,4.0,Married,5.0,0,3,1,1.0,Manager,25008.0,1,1,0.95666075,1,True
35.0,Self Enquiry,3,16.0,Small Business,Male,3,4.0,Standard,3.0,Married,6.0,0,3,1,2.0,Senior Manager,23168.0,1,1,0.8790018,1,True
31.0,Company Invited,1,10.0,Salaried,Male,3,4.0,Basic,3.0,Married,6.0,0,3,1,1.0,Executive,20775.0,0,0,0.052005656,0,True
36.0,Self Enquiry,1,11.0,Salaried,Male,4,4.0,Basic,3.0,Married,3.0,0,4,1,2.0,Executive,20629.0,0,0,0.018701956,0,True
41.0,Company Invited,1,8.0,Salaried,Female,3,4.0,Deluxe,3.0,Unmarried,3.0,1,1,0,0.0,Manager,21811.0,0,0,0.00012106983,0,True
21.0,Self Enquiry,3,13.0,Small Business,Male,2,3.0,Basic,4.0,Single,2.0,0,5,1,1.0,Executive,17679.0,1,1,0.95102495,1,True
33.0,Self Enquiry,1,6.0,Salaried,Male,3,3.0,Basic,3.0,Single,2.0,1,3,1,0.0,Executive,17686.0,1,1,0.6642928,1,True
40.0,Self Enquiry,1,8.0,Small Business,Female,2,4.0,Basic,3.0,Single,1.0,1,3,0,0.0,Executive,17342.0,0,1,0.6162633,0,False
57.0,Self Enquiry,1,14.0,Salaried,Male,3,6.0,Standard,3.0,Unmarried,6.0,0,2,0,1.0,Senior Manager,25938.0,0,0,0.048220534,0,True
58.0,Company Invited,3,8.0,Small Business,Male,2,3.0,Super Deluxe,4.0,Married,5.0,0,4,1,0.0,AVP,17705.0,0,0,0.00012384735,0,True
43.0,Company Invited,1,9.0,Small Business,Male,3,4.0,Basic,3.0,Single,7.0,1,2,0,2.0,Executive,21193.0,0,1,0.555992,0,False
51.0,Company Invited,1,6.0,Small Business,Female,1,4.0,Standard,5.0,Unmarried,4.0,0,1,1,0.0,Senior Manager,22484.0,0,0,0.00019689718,0,True
47.0,Self Enquiry,3,8.0,Salaried,Female,3,4.0,Basic,3.0,Single,2.0,1,1,0,0.0,Executive,18294.0,0,1,0.9121937,0,False
46.0,Company Invited,1,24.0,Small Business,Female,2,3.0,Standard,3.0,Divorced,6.0,0,3,1,0.0,Senior Manager,25527.0,0,0,0.0076282197,0,True
22.0,Self Enquiry,1,7.0,Large Business,Female,4,5.0,Basic,4.0,Single,3.0,1,5,0,3.0,Executive,20748.0,0,1,0.8558023,0,False
50.0,Self Enquiry,1,16.0,Large Business,Male,3,4.0,Standard,3.0,Unmarried,7.0,0,5,1,1.0,Senior Manager,25496.0,0,0,0.015606846,0,True
37.0,Self Enquiry,3,17.0,Large Business,Female,4,5.0,Deluxe,3.0,Married,3.0,1,1,1,3.0,Manager,24351.0,0,0,0.002902669,0,True
35.0,Self Enquiry,1,7.0,Salaried,Female,4,2.0,Basic,3.0,Unmarried,4.0,0,2,0,1.0,Executive,21958.0,0,0,0.0001260705,0,True
39.0,Self Enquiry,3,7.0,Salaried,Female,3,5.0,Deluxe,3.0,Unmarried,6.0,0,1,0,2.0,Manager,27364.0,0,0,0.0134559,0,True
36.0,Self Enquiry,1,32.0,Salaried,Male,3,3.0,Deluxe,3.0,Married,7.0,0,3,1,0.0,Manager,20347.0,0,0,0.039297365,0,True
26.0,Self Enquiry,1,27.0,Small Business,Male,2,3.0,Basic,3.0,Married,2.0,0,5,1,0.0,Executive,17377.0,1,0,0.3350578,1,False
35.0,Company Invited,1,23.0,Salaried,Female,4,5.0,Basic,3.0,Single,3.0,0,5,1,3.0,Executive,21231.0,0,0,0.4828206,0,True
33.0,Self Enquiry,1,21.0,Small Business,Male,2,3.0,Standard,3.0,Divorced,1.0,1,5,0,0.0,Senior Manager,28610.0,1,1,0.89482147,1,True
37.0,Self Enquiry,3,16.0,Salaried,Male,3,5.0,Deluxe,5.0,Unmarried,2.0,0,2,0,1.0,Manager,22085.0,1,1,0.87618077,1,True
18.0,Company Invited,1,14.0,Small Business,Male,3,3.0,Basic,3.0,Single,2.0,0,5,1,0.0,Executive,16904.0,1,1,0.893797,1,True
38.0,Self Enquiry,3,16.0,Salaried,Female,3,3.0,Deluxe,3.0,Married,2.0,0,4,0,2.0,Manager,20343.0,0,0,0.00636264,0,True
32.0,Self Enquiry,1,16.0,Salaried,Male,3,5.0,Basic,4.0,Unmarried,2.0,1,3,1,1.0,Executive,21335.0,0,1,0.79594666,0,False
33.0,Company Invited,3,12.0,Salaried,Male,3,4.0,Deluxe,4.0,Divorced,3.0,0,3,1,2.0,Manager,25202.0,0,0,0.015315247,0,True
34.0,Self Enquiry,1,21.0,Small Business,Male,3,4.0,Basic,3.0,Divorced,7.0,1,2,0,2.0,Executive,21114.0,1,1,0.9514383,1,True
33.0,Company Invited,3,11.0,Salaried,Male,3,3.0,Deluxe,3.0,Divorced,7.0,0,1,1,2.0,Manager,24998.0,0,0,0.027875295,0,True
45.0,Company Invited,3,8.0,Salaried,Female,3,3.0,Deluxe,3.0,Married,5.0,0,1,1,2.0,Manager,20154.0,0,0,0.0015834644,0,True
40.0,Company Invited,3,34.0,Salaried,Male,2,5.0,Standard,5.0,Married,4.0,0,5,1,0.0,Senior Manager,25932.0,0,0,0.115648076,0,True
36.0,Self Enquiry,3,7.0,Small Business,Female,4,4.0,Deluxe,3.0,Unmarried,3.0,0,4,1,1.0,Manager,23537.0,0,0,0.017118141,0,True
42.0,Company Invited,1,27.0,Small Business,Female,2,3.0,Deluxe,3.0,Married,3.0,0,2,0,0.0,Manager,20265.0,0,0,0.000172062,0,True
23.0,Self Enquiry,1,13.0,Small Business,Male,4,4.0,Basic,3.0,Divorced,2.0,0,2,1,1.0,Executive,21451.0,0,0,0.006472552,0,True
43.0,Company Invited,1,27.0,Small Business,Male,3,3.0,Basic,3.0,Divorced,1.0,0,4,0,2.0,Executive,17258.0,0,0,0.006472435,0,True
33.0,Self Enquiry,1,14.0,Salaried,Male,3,3.0,Deluxe,3.0,Unmarried,3.0,1,3,0,2.0,Manager,21388.0,0,0,0.0332647,0,True
37.0,Self Enquiry,1,6.0,Large Business,Female,2,3.0,Standard,3.0,Unmarried,5.0,0,5,1,0.0,Senior Manager,22491.0,0,0,0.0013253427,0,True
29.0,Company Invited,3,6.0,Small Business,Female,2,3.0,Standard,3.0,Married,2.0,0,3,1,1.0,Senior Manager,22918.0,0,0,0.0019845662,0,True
34.0,Company Invited,3,12.0,Small Business,Female,2,5.0,Basic,3.0,Married,1.0,0,4,0,1.0,Executive,17351.0,1,1,0.9741964,1,True
42.0,Company Invited,1,8.0,Small Business,Male,2,3.0,Basic,3.0,Single,6.0,1,1,1,1.0,Executive,17515.0,0,0,0.4597594,0,True
55.0,Self Enquiry,1,20.0,Small Business,Male,3,2.0,King,4.0,Single,1.0,0,2,0,2.0,VP,33722.0,0,0,0.00024432736,0,True
52.0,Self Enquiry,1,8.0,Salaried,Female,2,4.0,Basic,3.0,Single,1.0,0,3,0,0.0,Executive,18212.0,0,0,0.06051068,0,True
32.0,Company Invited,1,6.0,Salaried,Male,3,3.0,Basic,3.0,Married,1.0,0,5,1,0.0,Executive,17314.0,0,0,0.020645028,0,True
38.0,Self Enquiry,1,17.0,Small Business,Female,4,4.0,Basic,5.0,Divorced,8.0,0,2,1,2.0,Executive,22130.0,0,0,0.01768426,0,True
38.0,Self Enquiry,3,20.0,Salaried,Male,3,3.0,Deluxe,4.0,Married,1.0,0,5,1,2.0,Manager,24924.0,0,0,0.0036818206,0,True
39.0,Company Invited,1,13.0,Small Business,Female,4,6.0,Deluxe,3.0,Married,2.0,1,1,0,3.0,Manager,24007.0,0,0,4.3485292e-05,0,True
38.0,Company Invited,1,9.0,Salaried,Male,4,5.0,Deluxe,3.0,Married,7.0,0,1,1,3.0,Manager,23841.0,0,0,0.0131116975,0,True
36.0,Self Enquiry,1,16.0,Salaried,Male,4,5.0,Deluxe,4.0,Unmarried,2.0,0,1,0,2.0,Manager,25218.0,0,0,0.029536245,0,True
46.0,Self Enquiry,1,9.0,Salaried,Female,4,5.0,Basic,3.0,Single,3.0,0,3,1,2.0,Executive,20952.0,0,0,0.055102147,0,True
38.0,Self Enquiry,1,14.0,Small Business,Male,4,4.0,Deluxe,5.0,Married,7.0,1,3,0,1.0,Manager,22962.0,0,0,0.05767911,0,True
39.0,Company Invited,1,15.0,Salaried,Male,3,3.0,Deluxe,4.0,Unmarried,21.0,0,2,1,0.0,Manager,21782.0,0,0,0.0026475573,0,True
40.0,Self Enquiry,3,28.0,Small Business,Male,3,4.0,Deluxe,3.0,Divorced,3.0,1,3,1,1.0,Manager,21380.0,1,1,0.9275549,1,True
34.0,Company Invited,1,7.0,Salaried,Female,4,4.0,Standard,3.0,Single,3.0,1,2,1,1.0,Senior Manager,32136.0,0,0,0.009447057,0,True
41.0,Self Enquiry,3,21.0,Salaried,Female,3,4.0,Deluxe,5.0,Married,3.0,0,3,0,2.0,Manager,23317.0,0,0,0.03519417,0,True
34.0,Self Enquiry,3,16.0,Salaried,Female,2,3.0,Basic,3.0,Divorced,2.0,1,2,0,1.0,Executive,17220.0,0,1,0.7348039,0,False
26.0,Self Enquiry,3,11.0,Salaried,Female,3,5.0,Deluxe,3.0,Unmarried,3.0,1,2,0,2.0,Manager,23165.0,0,1,0.90767056,0,False
37.0,Company Invited,1,11.0,Salaried,Female,4,4.0,Deluxe,4.0,Married,2.0,0,3,1,2.0,Manager,23809.0,0,0,0.00473154,0,True
50.0,Company Invited,1,15.0,Salaried,Male,4,5.0,Deluxe,4.0,Married,3.0,0,1,0,1.0,Manager,23808.0,0,0,0.22423601,0,True
45.0,Self Enquiry,1,6.0,Small Business,Female,3,3.0,Basic,3.0,Married,4.0,0,5,0,1.0,Executive,17270.0,0,0,9.0754525e-05,0,True
36.0,Company Invited,1,15.0,Salaried,Female,3,4.0,Deluxe,3.0,Married,3.0,0,5,1,2.0,Manager,22826.0,0,0,0.0034597386,0,True
53.0,Self Enquiry,3,6.0,Small Business,Female,2,3.0,Deluxe,5.0,Unmarried,1.0,0,2,1,1.0,Manager,23381.0,0,0,0.020920377,0,True
33.0,Self Enquiry,3,31.0,Small Business,Male,2,4.0,Standard,4.0,Unmarried,3.0,1,5,1,0.0,Senior Manager,23380.0,1,1,0.96030825,1,True
41.0,Self Enquiry,1,7.0,Salaried,Female,3,4.0,Deluxe,3.0,Married,6.0,0,3,0,2.0,Manager,25191.0,0,0,0.0004552149,0,True
55.0,Self Enquiry,3,32.0,Small Business,Male,2,4.0,King,3.0,Married,2.0,0,3,1,1.0,VP,34586.0,0,0,0.0010311858,0,True
28.0,Self Enquiry,1,15.0,Small Business,Female,4,4.0,Basic,3.0,Unmarried,3.0,0,4,1,3.0,Executive,22123.0,0,0,0.082989365,0,True
35.0,Self Enquiry,1,10.0,Salaried,Female,4,4.0,Deluxe,4.0,Married,3.0,0,5,1,3.0,Manager,24111.0,0,0,0.03823713,0,True
41.0,Company Invited,1,33.0,Small Business,Female,3,4.0,Deluxe,4.0,Married,3.0,0,2,1,1.0,Manager,24283.0,0,0,0.004743421,0,True
30.0,Self Enquiry,1,14.0,Salaried,Male,3,4.0,Basic,5.0,Single,5.0,0,4,0,1.0,Executive,20740.0,0,1,0.75323224,0,False
41.0,Self Enquiry,3,8.0,Salaried,Female,3,3.0,Super Deluxe,5.0,Married,1.0,0,5,1,2.0,AVP,31595.0,0,0,5.2367236e-06,0,True
36.0,Self Enquiry,1,16.0,Salaried,Male,4,5.0,Deluxe,4.0,Unmarried,2.0,0,2,1,3.0,Manager,25218.0,0,0,0.018474603,0,True
40.0,Self Enquiry,1,19.0,Small Business,Male,4,4.0,Deluxe,4.0,Married,6.0,0,3,1,2.0,Manager,23973.0,0,1,0.82398736,0,False
36.0,Self Enquiry,3,22.0,Small Business,Male,3,6.0,Deluxe,3.0,Married,8.0,1,1,1,2.0,Manager,24118.0,1,1,0.9990203,1,True
46.0,Self Enquiry,3,9.0,Large Business,Female,2,1.0,Super Deluxe,5.0,Married,3.0,0,3,1,0.0,AVP,28225.0,0,0,2.1838447e-07,0,True
32.0,Self Enquiry,3,16.0,Small Business,Male,2,3.0,Deluxe,3.0,Single,2.0,0,4,1,1.0,Manager,20396.0,0,0,0.04780275,0,True
31.0,Self Enquiry,1,15.0,Salaried,Male,2,3.0,Standard,4.0,Married,2.0,0,3,1,1.0,Senior Manager,25648.0,0,0,0.009185768,0,True
45.0,Self Enquiry,1,13.0,Salaried,Male,2,3.0,Standard,5.0,Married,3.0,0,3,1,1.0,Senior Manager,24724.0,0,0,0.014165759,0,True
36.0,Self Enquiry,1,8.0,Salaried,Female,2,3.0,Deluxe,4.0,Single,1.0,1,3,1,0.0,Manager,20410.0,0,0,0.02766746,0,True
39.0,Self Enquiry,1,7.0,Salaried,Female,3,3.0,Deluxe,3.0,Unmarried,2.0,0,2,1,2.0,Manager,26303.0,0,0,6.008225e-05,0,True
29.0,Self Enquiry,1,21.0,Salaried,Female,3,5.0,Basic,3.0,Divorced,1.0,1,5,1,0.0,Executive,17168.0,0,1,0.68747383,0,False
36.0,Self Enquiry,1,23.0,Salaried,Female,4,5.0,Standard,4.0,Unmarried,3.0,0,1,1,3.0,Senior Manager,27284.0,0,0,0.011062425,0,True
43.0,Self Enquiry,1,25.0,Salaried,Male,3,4.0,Deluxe,5.0,Married,8.0,1,1,0,1.0,Manager,24088.0,0,0,0.015590823,0,True
36.0,Self Enquiry,3,19.0,Small Business,Male,3,4.0,Deluxe,5.0,Married,6.0,1,1,1,0.0,Manager,21134.0,1,1,0.97800344,1,True
36.0,Company Invited,3,6.0,Small Business,Female,2,3.0,Deluxe,3.0,Unmarried,5.0,0,2,1,1.0,Manager,21653.0,0,0,0.00056636735,0,True
36.0,Self Enquiry,1,17.0,Salaried,Male,3,4.0,Basic,3.0,Married,3.0,0,5,0,1.0,Executive,22595.0,0,0,0.0053539043,0,True
47.0,Company Invited,1,20.0,Large Business,Male,3,3.0,Deluxe,4.0,Married,1.0,0,3,0,2.0,Manager,20467.0,0,0,0.073309965,0,True
41.0,Company Invited,3,12.0,Salaried,Male,3,5.0,Standard,5.0,Married,7.0,1,5,0,1.0,Senior Manager,29153.0,0,0,0.025643388,0,True
35.0,Company Invited,1,10.0,Salaried,Male,3,4.0,Deluxe,3.0,Unmarried,2.0,0,1,1,1.0,Manager,26434.0,0,0,0.00052144355,0,True
28.0,Self Enquiry,1,30.0,Salaried,Male,2,4.0,Basic,3.0,Single,6.0,1,2,0,0.0,Executive,17028.0,1,1,0.99869,1,True
31.0,Company Invited,3,8.0,Salaried,Female,2,3.0,Standard,3.0,Married,2.0,1,1,1,0.0,Senior Manager,24852.0,0,0,0.0014165541,0,True
39.0,Self Enquiry,3,7.0,Salaried,Male,3,4.0,Deluxe,4.0,Married,2.0,0,4,1,2.0,Manager,23118.0,0,0,0.015282105,0,True
39.0,Self Enquiry,3,10.0,Salaried,Female,2,4.0,Deluxe,3.0,Divorced,5.0,0,5,1,0.0,Manager,20902.0,0,0,0.0034366092,0,True
28.0,Self Enquiry,1,18.0,Salaried,Male,4,4.0,Basic,5.0,Divorced,2.0,0,5,1,3.0,Executive,20777.0,0,0,0.29911017,0,True
54.0,Self Enquiry,1,9.0,Salaried,Male,2,3.0,Super Deluxe,3.0,Divorced,4.0,0,5,1,1.0,AVP,32779.0,0,0,1.3053601e-06,0,True
42.0,Company Invited,1,11.0,Salaried,Male,3,3.0,Basic,3.0,Married,5.0,0,3,0,1.0,Executive,17093.0,0,0,0.0008832604,0,True
42.0,Company Invited,1,9.0,Salaried,Female,4,5.0,Deluxe,3.0,Unmarried,4.0,1,2,0,1.0,Manager,25489.0,0,0,0.0012264338,0,True
36.0,Self Enquiry,1,6.0,Large Business,Female,3,5.0,Standard,5.0,Married,3.0,1,2,1,2.0,Senior Manager,25252.0,0,0,0.00010280994,0,True
31.0,Company Invited,1,16.0,Small Business,Male,4,4.0,Deluxe,5.0,Married,3.0,0,1,1,2.0,Manager,21750.0,0,0,0.001920866,0,True
46.0,Company Invited,3,16.0,Salaried,Female,4,5.0,Deluxe,3.0,Divorced,3.0,0,3,0,1.0,Manager,24271.0,0,0,0.006363248,0,True
38.0,Self Enquiry,1,35.0,Large Business,Male,2,3.0,Deluxe,3.0,Divorced,4.0,0,2,0,1.0,Manager,21261.0,0,0,0.006075915,0,True
36.0,Self Enquiry,1,7.0,Small Business,Male,3,5.0,Basic,3.0,Divorced,8.0,0,2,1,2.0,Executive,20936.0,0,0,0.008889849,0,True
28.0,Self Enquiry,1,27.0,Small Business,Male,2,3.0,Basic,3.0,Divorced,2.0,0,2,0,0.0,Executive,17713.0,0,0,0.008603031,0,True
24.0,Self Enquiry,1,23.0,Salaried,Male,3,4.0,Basic,4.0,Married,2.0,0,3,1,1.0,Executive,17127.0,0,0,0.4301755,0,True
29.0,Self Enquiry,1,6.0,Salaried,Male,2,3.0,Deluxe,5.0,Married,1.0,0,3,1,0.0,Manager,20373.0,0,0,0.0075873155,0,True
41.0,Self Enquiry,3,33.0,Small Business,Male,4,4.0,Deluxe,5.0,Married,3.0,0,1,1,3.0,Manager,27074.0,0,0,0.01073668,0,True
27.0,Self Enquiry,1,24.0,Small Business,Male,4,6.0,Basic,3.0,Married,3.0,0,3,0,3.0,Executive,20983.0,0,0,0.2923748,0,True
28.0,Company Invited,3,7.0,Small Business,Male,4,4.0,Deluxe,4.0,Divorced,2.0,1,2,0,3.0,Manager,25027.0,0,0,0.00030131216,0,True
28.0,Self Enquiry,1,11.0,Salaried,Female,4,4.0,Basic,3.0,Single,3.0,0,2,1,2.0,Executive,20996.0,0,0,0.09377899,0,True
47.0,Company Invited,1,25.0,Small Business,Female,3,4.0,Standard,3.0,Married,7.0,0,3,0,2.0,Senior Manager,29205.0,0,0,0.009389819,0,True
36.0,Self Enquiry,1,20.0,Salaried,Male,3,3.0,Deluxe,3.0,Divorced,1.0,1,5,1,2.0,Manager,21586.0,0,0,0.1490117,0,True
32.0,Self Enquiry,1,14.0,Small Business,Female,3,1.0,Deluxe,3.0,Divorced,6.0,0,3,1,2.0,Manager,20175.0,0,0,0.00025725356,0,True
52.0,Self Enquiry,1,8.0,Salaried,Female,2,4.0,Basic,3.0,Single,1.0,0,3,1,0.0,Executive,18212.0,0,0,0.04358206,0,True
53.0,Self Enquiry,1,13.0,Large Business,Male,4,4.0,Deluxe,5.0,Married,5.0,1,4,1,2.0,Manager,24255.0,0,0,0.020484934,0,True
29.0,Company Invited,3,19.0,Large Business,Female,2,3.0,Deluxe,4.0,Single,6.0,0,3,0,1.0,Manager,20765.0,1,1,0.98637617,1,True
33.0,Self Enquiry,1,11.0,Salaried,Female,3,4.0,Basic,3.0,Divorced,2.0,0,2,0,2.0,Executive,17911.0,0,0,0.004770941,0,True
35.0,Self Enquiry,3,9.0,Salaried,Male,3,3.0,Standard,3.0,Married,7.0,0,5,0,1.0,Senior Manager,22823.0,0,0,0.015422526,0,True
39.0,Self Enquiry,2,9.0,Salaried,Female,2,2.0,Deluxe,4.0,Divorced,1.0,0,2,1,0.0,Manager,21389.0,0,0,0.0014799414,0,True
21.0,Self Enquiry,1,16.0,Salaried,Female,2,4.0,Basic,5.0,Single,2.0,0,3,1,0.0,Executive,16416.0,1,1,0.9305833,1,True
40.0,Company Invited,1,22.0,Small Business,Male,2,4.0,Deluxe,3.0,Single,7.0,0,5,1,1.0,Manager,20094.0,0,0,0.031127287,0,True
30.0,Self Enquiry,1,15.0,Small Business,Male,2,4.0,Basic,3.0,Single,2.0,0,4,0,1.0,Executive,17206.0,0,0,0.2797818,0,True
32.0,Self Enquiry,3,12.0,Salaried,Female,4,4.0,Deluxe,3.0,Married,3.0,0,1,0,3.0,Manager,24154.0,0,0,0.0015082862,0,True
43.0,Company Invited,3,32.0,Salaried,Male,3,3.0,Super Deluxe,3.0,Divorced,2.0,1,2,0,0.0,AVP,31959.0,0,0,0.01783866,0,True
30.0,Self Enquiry,1,7.0,Large Business,Male,3,4.0,Basic,3.0,Single,2.0,0,1,0,1.0,Executive,20736.0,1,1,0.8950594,1,True
46.0,Company Invited,3,13.0,Small Business,Female,3,5.0,Standard,3.0,Unmarried,8.0,0,4,1,1.0,Senior Manager,27543.0,0,0,0.0507697,0,True
33.0,Company Invited,1,7.0,Salaried,Male,4,4.0,Basic,3.0,Married,2.0,0,5,0,1.0,Executive,20992.0,0,0,0.006547477,0,True
49.0,Self Enquiry,1,11.0,Large Business,Male,3,3.0,Deluxe,3.0,Divorced,3.0,0,3,0,0.0,Manager,21651.0,0,0,0.07943064,0,True
37.0,Self Enquiry,1,8.0,Large Business,Female,4,6.0,Standard,5.0,Married,4.0,1,1,1,1.0,Senior Manager,28930.0,0,0,1.8015324e-05,0,True
28.0,Company Invited,1,12.0,Salaried,Male,2,4.0,Basic,3.0,Married,2.0,1,4,1,0.0,Executive,17703.0,0,1,0.7478162,0,False
34.0,Self Enquiry,1,8.0,Salaried,Male,3,4.0,Basic,3.0,Married,4.0,0,5,1,2.0,Executive,17768.0,0,0,0.017066535,0,True
35.0,Self Enquiry,3,22.0,Small Business,Male,3,3.0,Standard,4.0,Married,1.0,0,1,1,1.0,Senior Manager,23020.0,0,0,0.028158147,0,True
39.0,Company Invited,1,30.0,Salaried,Male,3,5.0,Standard,3.0,Unmarried,2.0,0,3,1,1.0,Senior Manager,28204.0,0,0,0.46397737,0,True
51.0,Company Invited,1,12.0,Small Business,Female,2,4.0,Basic,3.0,Single,1.0,0,5,1,1.0,Executive,17838.0,0,0,0.04304508,0,True
47.0,Company Invited,1,14.0,Small Business,Female,2,4.0,Deluxe,3.0,Married,4.0,0,5,1,1.0,Manager,23936.0,0,0,0.00079847645,0,True
34.0,Company Invited,1,7.0,Salaried,Female,4,4.0,Standard,3.0,Single,3.0,1,1,1,1.0,Senior Manager,32136.0,0,0,0.0015238777,0,True
26.0,Company Invited,1,11.0,Small Business,Female,2,4.0,Basic,3.0,Divorced,2.0,1,2,0,1.0,Executive,17366.0,1,0,0.1046152,1,False
34.0,Company Invited,1,10.0,Salaried,Male,4,4.0,Basic,5.0,Unmarried,3.0,1,5,1,1.0,Executive,22026.0,1,1,0.97887194,1,True
39.0,Self Enquiry,2,7.0,Salaried,Male,3,2.0,Basic,3.0,Divorced,3.0,0,4,1,1.0,Executive,21522.0,0,0,0.003728896,0,True
37.0,Company Invited,1,30.0,Small Business,Male,3,2.0,Deluxe,3.0,Married,6.0,0,3,0,1.0,Manager,21249.0,0,0,0.024127005,0,True
47.0,Company Invited,3,9.0,Small Business,Female,2,3.0,Super Deluxe,3.0,Married,1.0,1,5,1,1.0,AVP,28770.0,0,0,0.00015131972,0,True
32.0,Self Enquiry,3,13.0,Salaried,Male,4,6.0,Deluxe,3.0,Married,6.0,1,3,0,3.0,Manager,24850.0,1,1,0.8453631,1,True
20.0,Company Invited,3,7.0,Large Business,Female,4,6.0,Basic,5.0,Single,2.0,0,3,1,1.0,Executive,21003.0,1,1,0.9262751,1,True
51.0,Company Invited,1,6.0,Small Business,Female,1,4.0,Standard,5.0,Unmarried,4.0,0,2,1,0.0,Senior Manager,22484.0,0,0,0.00089732744,0,True
37.0,Self Enquiry,3,12.0,Small Business,Male,3,3.0,Deluxe,3.0,Married,5.0,0,3,1,0.0,Manager,21502.0,0,0,0.03626004,0,True
34.0,Self Enquiry,3,23.0,Small Business,Female,4,4.0,Deluxe,5.0,Unmarried,7.0,0,3,1,1.0,Manager,24002.0,1,1,0.5143013,1,True
52.0,Self Enquiry,3,28.0,Small Business,Male,4,4.0,Deluxe,3.0,Unmarried,2.0,1,5,1,2.0,Manager,24119.0,0,1,0.53785926,0,False
43.0,Company Invited,1,9.0,Salaried,Male,3,4.0,Standard,3.0,Married,4.0,1,3,1,1.0,Senior Manager,28802.0,0,0,0.056477606,0,True
31.0,Company Invited,3,26.0,Small Business,Female,2,3.0,Deluxe,3.0,Divorced,2.0,0,2,1,0.0,Manager,21932.0,0,0,0.0014981776,0,True
45.0,Self Enquiry,1,15.0,Salaried,Male,2,3.0,Deluxe,4.0,Married,1.0,0,4,1,0.0,Manager,17348.0,0,0,0.059252366,0,True
28.0,Self Enquiry,1,6.0,Salaried,Male,2,3.0,Basic,3.0,Married,2.0,0,1,0,0.0,Executive,17044.0,0,0,0.0029920628,0,True
43.0,Self Enquiry,1,36.0,Small Business,Male,3,6.0,Deluxe,3.0,Unmarried,6.0,0,3,1,1.0,Manager,22950.0,0,0,0.025031388,0,True
42.0,Self Enquiry,1,14.0,Small Business,Female,3,4.0,Deluxe,3.0,Unmarried,8.0,0,3,1,2.0,Manager,23681.0,0,0,0.0025998862,0,True
32.0,Self Enquiry,1,14.0,Salaried,Male,3,4.0,Deluxe,3.0,Married,5.0,0,3,0,2.0,Manager,24593.0,0,0,0.030533655,0,True
50.0,Self Enquiry,1,10.0,Small Business,Female,3,5.0,Deluxe,5.0,Divorced,6.0,0,3,1,2.0,Manager,23467.0,0,0,0.03959211,0,True
45.0,Self Enquiry,1,9.0,Salaried,Female,4,2.0,Basic,3.0,Married,3.0,0,4,1,3.0,Executive,20689.0,0,0,0.0011105719,0,True
45.0,Self Enquiry,3,15.0,Small Business,Male,3,3.0,Standard,5.0,Married,5.0,1,1,0,0.0,Senior Manager,25761.0,0,0,0.0148425,0,True
45.0,Company Invited,1,8.0,Small Business,Male,3,4.0,Super Deluxe,3.0,Married,1.0,0,4,1,2.0,AVP,31792.0,0,0,2.5174859e-06,0,True
43.0,Company Invited,1,30.0,Salaried,Male,3,5.0,Deluxe,3.0,Unmarried,3.0,0,3,1,2.0,Manager,23010.0,0,0,0.00945397,0,True
39.0,Company Invited,1,30.0,Salaried,Male,3,5.0,Standard,3.0,Unmarried,2.0,0,3,0,1.0,Senior Manager,28204.0,0,0,0.4466247,0,True
31.0,Self Enquiry,1,30.0,Small Business,Female,3,4.0,Deluxe,5.0,Unmarried,2.0,0,5,0,2.0,Manager,21812.0,0,0,0.3710887,0,True
34.0,Self Enquiry,3,9.0,Small Business,Male,4,4.0,Deluxe,3.0,Married,3.0,0,3,1,2.0,Manager,24183.0,0,0,0.013181623,0,True
52.0,Self Enquiry,1,13.0,Salaried,Male,2,3.0,Standard,4.0,Unmarried,1.0,0,3,1,1.0,Senior Manager,25445.0,0,0,0.039388336,0,True
31.0,Self Enquiry,3,14.0,Salaried,Male,2,3.0,Standard,3.0,Married,2.0,0,3,1,0.0,Senior Manager,25793.0,0,0,0.069658734,0,True
22.0,Company Invited,3,16.0,Small Business,Male,3,4.0,Basic,3.0,Unmarried,3.0,0,4,1,1.0,Executive,21288.0,0,1,0.9038191,0,False
27.0,Company Invited,1,11.0,Salaried,Female,2,3.0,Basic,3.0,Single,1.0,1,1,1,1.0,Executive,17379.0,0,1,0.6434163,0,False
40.0,Self Enquiry,3,11.0,Salaried,Female,3,5.0,Deluxe,3.0,Divorced,6.0,0,5,1,1.0,Manager,24580.0,0,0,0.0049799224,0,True
42.0,Company Invited,3,17.0,Small Business,Male,3,6.0,Deluxe,4.0,Unmarried,3.0,0,1,1,1.0,Manager,24829.0,0,0,0.34571168,0,True
31.0,Self Enquiry,3,36.0,Salaried,Male,4,4.0,Deluxe,5.0,Married,2.0,0,2,1,2.0,Manager,22793.0,0,0,0.01585668,0,True
30.0,Self Enquiry,3,16.0,Small Business,Male,3,4.0,Deluxe,3.0,Divorced,2.0,0,2,1,0.0,Manager,21578.0,0,0,0.005298198,0,True
41.0,Self Enquiry,3,12.0,Small Business,Male,2,3.0,Standard,3.0,Unmarried,2.0,0,5,1,0.0,Senior Manager,24241.0,0,0,0.11349085,0,True
37.0,Self Enquiry,1,11.0,Salaried,Male,3,5.0,Deluxe,3.0,Unmarried,3.0,0,5,1,2.0,Manager,24488.0,0,0,0.01610701,0,True
30.0,Self Enquiry,3,15.0,Small Business,Male,2,3.0,Basic,3.0,Single,2.0,0,5,0,0.0,Executive,16081.0,1,1,0.6938516,1,True
57.0,Self Enquiry,1,14.0,Large Business,Male,4,4.0,Basic,3.0,Married,2.0,0,4,1,3.0,Executive,21017.0,1,1,0.9053413,1,True
42.0,Self Enquiry,3,14.0,Small Business,Male,2,3.0,Deluxe,4.0,Divorced,1.0,0,3,0,1.0,Manager,21825.0,0,0,0.011258054,0,True
43.0,Company Invited,1,12.0,Salaried,Male,4,4.0,Basic,3.0,Divorced,6.0,0,3,1,1.0,Executive,20771.0,0,0,0.011949132,0,True
31.0,Self Enquiry,1,6.0,Salaried,Male,3,4.0,Basic,5.0,Divorced,2.0,0,4,0,0.0,Executive,17218.0,0,0,0.28972054,0,True
29.0,Self Enquiry,1,9.0,Salaried,Male,4,4.0,Basic,3.0,Unmarried,4.0,0,4,0,2.0,Executive,22163.0,1,0,0.06924446,1,False
31.0,Company Invited,3,26.0,Salaried,Male,3,1.0,Basic,3.0,Married,1.0,0,5,1,0.0,Executive,17791.0,0,0,0.022275358,0,True
28.0,Company Invited,1,16.0,Small Business,Male,3,4.0,Basic,4.0,Married,8.0,0,3,1,2.0,Executive,20702.0,0,1,0.9159678,0,False
34.0,Self Enquiry,1,11.0,Small Business,Female,2,4.0,Standard,5.0,Unmarried,3.0,0,1,1,1.0,Senior Manager,26631.0,0,0,0.0002771399,0,True
36.0,Company Invited,3,21.0,Small Business,Male,2,5.0,Deluxe,3.0,Married,2.0,0,1,1,0.0,Manager,20406.0,0,0,0.011619595,0,True
25.0,Self Enquiry,1,13.0,Small Business,Male,3,4.0,Basic,3.0,Divorced,2.0,0,2,1,2.0,Executive,17889.0,0,0,0.010690662,0,True
57.0,Self Enquiry,1,6.0,Small Business,Male,2,3.0,Deluxe,3.0,Married,3.0,0,3,0,1.0,Manager,21755.0,0,0,0.0056338888,0,True
36.0,Self Enquiry,2,19.0,Salaried,Male,2,3.0,Basic,4.0,Divorced,5.0,0,3,1,0.0,Executive,17143.0,0,0,0.10829772,0,True
56.0,Company Invited,1,9.0,Salaried,Male,4,4.0,Standard,4.0,Divorced,5.0,0,2,1,2.0,Senior Manager,29654.0,0,0,0.21543725,0,True
50.0,Self Enquiry,1,14.0,Salaried,Male,3,4.0,Standard,4.0,Married,5.0,0,4,0,2.0,Senior Manager,29144.0,0,0,0.0134393135,0,True
36.0,Self Enquiry,1,18.0,Small Business,Female,2,4.0,Standard,3.0,Unmarried,1.0,0,1,1,0.0,Senior Manager,23858.0,0,0,0.0011707597,0,True
27.0,Company Invited,1,14.0,Small Business,Male,4,4.0,Basic,3.0,Single,3.0,0,4,1,3.0,Executive,21248.0,0,0,0.30519515,0,True
29.0,Company Invited,1,16.0,Salaried,Female,3,3.0,Basic,4.0,Married,1.0,0,5,0,0.0,Executive,18291.0,0,0,0.046577558,0,True
21.0,Company Invited,3,6.0,Large Business,Female,3,4.0,Basic,4.0,Single,2.0,1,5,1,2.0,Executive,17174.0,1,1,0.9790577,1,True
44.0,Self Enquiry,1,10.0,Small Business,Male,2,3.0,Deluxe,4.0,Single,1.0,0,1,1,1.0,Manager,20933.0,0,0,0.0039076027,0,True
35.0,Self Enquiry,3,7.0,Small Business,Male,4,2.0,Deluxe,3.0,Married,2.0,0,5,0,2.0,Manager,28403.0,0,0,3.969506e-05,0,True
58.0,Self Enquiry,1,8.0,Salaried,Male,2,3.0,King,4.0,Single,1.0,1,3,1,1.0,VP,34246.0,1,1,0.93505615,1,True
33.0,Self Enquiry,3,7.0,Small Business,Male,4,5.0,Basic,4.0,Married,2.0,0,1,0,3.0,Executive,20947.0,0,0,0.0051526367,0,True
30.0,Self Enquiry,1,7.0,Salaried,Male,3,4.0,Deluxe,5.0,Married,2.0,0,3,1,1.0,Manager,24051.0,0,0,0.011061641,0,True
28.0,Self Enquiry,1,25.0,Small Business,Male,3,4.0,Basic,5.0,Divorced,2.0,0,3,1,2.0,Executive,18196.0,0,0,0.17031267,0,True
20.0,Self Enquiry,1,9.0,Salaried,Male,2,4.0,Basic,3.0,Single,2.0,0,3,0,1.0,Executive,18033.0,0,0,0.42157677,0,True
33.0,Self Enquiry,1,32.0,Salaried,Male,3,4.0,Basic,3.0,Unmarried,3.0,1,5,0,1.0,Executive,21473.0,1,1,0.7041795,1,True
48.0,Company Invited,3,10.0,Small Business,Female,3,4.0,Super Deluxe,3.0,Married,2.0,1,5,1,1.0,AVP,32448.0,0,0,0.0005647569,0,True
37.0,Self Enquiry,1,22.0,Salaried,Male,3,4.0,Deluxe,3.0,Married,2.0,0,4,0,2.0,Manager,23512.0,1,0,0.05573191,1,False
36.0,Self Enquiry,3,24.0,Salaried,Male,4,4.0,Deluxe,5.0,Divorced,5.0,1,3,1,2.0,Manager,27644.0,0,1,0.82608086,0,False
44.0,Company Invited,1,16.0,Salaried,Male,3,4.0,Basic,3.0,Single,6.0,0,3,0,2.0,Executive,21116.0,0,0,0.06589003,0,True
47.0,Company Invited,3,12.0,Small Business,Male,4,4.0,Deluxe,3.0,Unmarried,6.0,1,5,1,2.0,Manager,24450.0,0,1,0.7642921,0,False
57.0,Self Enquiry,1,15.0,Salaried,Female,4,4.0,Basic,5.0,Married,6.0,1,4,1,2.0,Executive,22935.0,0,0,0.11314364,0,True
45.0,Company Invited,1,13.0,Salaried,Male,3,3.0,Standard,5.0,Married,2.0,0,1,1,0.0,Senior Manager,20210.0,0,0,0.038667876,0,True
45.0,Self Enquiry,1,14.0,Small Business,Female,3,5.0,Standard,3.0,Married,5.0,0,4,0,1.0,Senior Manager,28926.0,0,0,0.021656107,0,True
51.0,Self Enquiry,1,35.0,Small Business,Male,4,3.0,Basic,3.0,Divorced,3.0,1,2,1,3.0,Executive,21899.0,0,1,0.5539919,0,False
50.0,Self Enquiry,1,30.0,Salaried,Male,3,3.0,Super Deluxe,3.0,Married,4.0,1,4,1,2.0,AVP,28973.0,0,0,0.00068777177,0,True
37.0,Company Invited,3,17.0,Small Business,Male,3,4.0,Standard,3.0,Single,3.0,0,1,1,2.0,Senior Manager,28658.0,0,0,0.02973212,0,True
38.0,Self Enquiry,1,6.0,Salaried,Female,2,3.0,Basic,5.0,Single,4.0,0,2,1,1.0,Executive,17619.0,0,0,0.45601058,0,True
46.0,Self Enquiry,1,6.0,Small Business,Male,2,3.0,King,3.0,Married,1.0,0,5,1,1.0,VP,34627.0,0,0,9.955017e-05,0,True
36.0,Self Enquiry,1,11.0,Salaried,Female,2,3.0,Standard,5.0,Married,5.0,0,4,1,1.0,Senior Manager,23008.0,0,0,0.016254244,0,True
28.0,Self Enquiry,1,24.0,Large Business,Male,3,4.0,Basic,4.0,Married,2.0,1,4,0,1.0,Executive,21736.0,0,1,0.6668448,0,False
46.0,Self Enquiry,1,27.0,Small Business,Male,4,4.0,Super Deluxe,3.0,Divorced,2.0,1,3,0,1.0,AVP,32174.0,0,0,1.5109726e-05,0,True
34.0,Company Invited,1,10.0,Salaried,Female,3,4.0,Basic,3.0,Married,3.0,1,1,1,2.0,Executive,21587.0,0,0,0.012330806,0,True
46.0,Company Invited,1,11.0,Salaried,Male,3,4.0,Deluxe,4.0,Married,3.0,0,4,1,1.0,Manager,23125.0,0,0,0.07549921,0,True
58.0,Company Invited,1,6.0,Salaried,Male,2,5.0,Deluxe,3.0,Married,3.0,1,2,1,1.0,Manager,20660.0,0,0,0.013228629,0,True
31.0,Self Enquiry,3,13.0,Small Business,Male,3,3.0,Deluxe,3.0,Married,5.0,0,1,0,0.0,Manager,22547.0,0,0,0.004514224,0,True
60.0,Self Enquiry,1,9.0,Salaried,Female,4,5.0,Super Deluxe,3.0,Single,5.0,1,5,0,3.0,AVP,32404.0,0,0,0.0036777612,0,True
38.0,Self Enquiry,1,35.0,Small Business,Male,3,3.0,Deluxe,5.0,Divorced,1.0,1,3,0,1.0,Manager,21673.0,1,1,0.9219122,1,True
32.0,Self Enquiry,3,10.0,Small Business,Male,2,5.0,Standard,3.0,Married,2.0,0,1,1,0.0,Senior Manager,25400.0,1,1,0.98841804,1,True
41.0,Self Enquiry,1,9.0,Small Business,Female,3,5.0,Basic,3.0,Single,2.0,1,3,1,2.0,Executive,21020.0,0,1,0.59701884,0,False
46.0,Self Enquiry,1,28.0,Small Business,Male,3,3.0,Deluxe,3.0,Married,2.0,1,5,1,2.0,Manager,33789.0,1,1,0.74722975,1,True
34.0,Company Invited,1,13.0,Salaried,Male,3,5.0,Deluxe,3.0,Single,2.0,1,5,1,0.0,Manager,21074.0,1,1,0.9211556,1,True
38.0,Self Enquiry,3,15.0,Small Business,Male,3,4.0,Basic,4.0,Divorced,1.0,0,4,0,0.0,Executive,17899.0,0,0,0.06743195,0,True
33.0,Company Invited,1,12.0,Salaried,Female,3,2.0,Basic,3.0,Single,5.0,1,1,0,2.0,Executive,21110.0,1,1,0.7586482,1,True
56.0,Company Invited,1,15.0,Small Business,Female,3,3.0,Basic,3.0,Married,3.0,0,1,1,0.0,Executive,17942.0,0,0,0.00012501513,0,True
30.0,Company Invited,1,13.0,Large Business,Male,3,3.0,Basic,3.0,Married,2.0,0,5,0,0.0,Executive,16274.0,0,0,0.2888054,0,True
49.0,Self Enquiry,1,27.0,Small Business,Male,3,4.0,Basic,3.0,Divorced,6.0,0,2,0,1.0,Executive,20937.0,0,0,0.00084685447,0,True
43.0,Self Enquiry,1,13.0,Salaried,Female,2,3.0,Standard,5.0,Divorced,1.0,0,5,1,0.0,Senior Manager,24985.0,0,0,0.026706338,0,True
30.0,Self Enquiry,1,35.0,Salaried,Female,4,4.0,Basic,3.0,Married,6.0,0,5,0,2.0,Executive,21192.0,0,0,0.014339733,0,True
34.0,Company Invited,3,7.0,Salaried,Female,3,3.0,Deluxe,5.0,Divorced,4.0,0,3,1,1.0,Manager,24054.0,0,0,0.0052951793,0,True
30.0,Self Enquiry,1,15.0,Small Business,Male,2,4.0,Basic,3.0,Single,2.0,0,4,1,1.0,Executive,17206.0,0,0,0.33353534,0,True
56.0,Company Invited,3,12.0,Salaried,Female,2,1.0,Super Deluxe,5.0,Married,1.0,0,3,1,0.0,AVP,28212.0,0,0,2.337505e-06,0,True
35.0,Self Enquiry,1,36.0,Small Business,Male,3,4.0,Deluxe,3.0,Divorced,6.0,0,3,0,1.0,Manager,24107.0,0,0,0.0071184775,0,True
38.0,Self Enquiry,1,10.0,Salaried,Female,3,4.0,Deluxe,4.0,Unmarried,5.0,0,4,1,1.0,Manager,22785.0,0,0,0.0016908711,0,True
27.0,Self Enquiry,1,9.0,Small Business,Male,3,2.0,Deluxe,3.0,Divorced,3.0,0,3,1,2.0,Manager,24150.0,0,0,0.0001812263,0,True
25.0,Self Enquiry,1,16.0,Small Business,Male,4,2.0,Basic,3.0,Married,3.0,0,1,0,1.0,Executive,23079.0,0,0,4.5447632e-05,0,True
37.0,Self Enquiry,3,23.0,Small Business,Female,4,5.0,Deluxe,5.0,Divorced,6.0,0,5,1,1.0,Manager,24325.0,0,0,0.04709781,0,True
49.0,Self Enquiry,3,14.0,Large Business,Male,2,4.0,Super Deluxe,4.0,Divorced,7.0,0,4,1,0.0,AVP,28120.0,0,0,0.0023918892,0,True
23.0,Self Enquiry,1,13.0,Small Business,Male,4,4.0,Basic,3.0,Married,2.0,0,1,1,2.0,Executive,21451.0,0,0,0.006204217,0,True
48.0,Self Enquiry,3,8.0,Small Business,Male,2,2.0,Deluxe,4.0,Divorced,4.0,0,3,1,0.0,Manager,23120.0,0,0,0.01893702,0,True
42.0,Self Enquiry,2,8.0,Large Business,Male,2,3.0,Basic,3.0,Married,1.0,1,4,1,1.0,Executive,17696.0,0,0,0.46565583,0,True
28.0,Company Invited,1,7.0,Large Business,Male,3,5.0,Deluxe,5.0,Divorced,7.0,0,3,0,2.0,Manager,22976.0,0,0,0.0073421076,0,True
34.0,Self Enquiry,1,8.0,Small Business,Male,3,1.0,Basic,3.0,Married,1.0,1,1,0,1.0,Executive,17932.0,0,0,8.848541e-05,0,True
43.0,Company Invited,3,33.0,Small Business,Female,4,4.0,Super Deluxe,4.0,Divorced,7.0,0,3,1,3.0,AVP,32203.0,0,0,6.421842e-05,0,True
49.0,Self Enquiry,1,9.0,Large Business,Male,4,2.0,Basic,4.0,Single,7.0,0,2,0,3.0,Executive,21237.0,0,1,0.5827665,0,False
29.0,Company Invited,3,20.0,Large Business,Female,3,4.0,Deluxe,4.0,Unmarried,7.0,0,3,1,1.0,Manager,22545.0,1,1,0.98838437,1,True
33.0,Company Invited,1,6.0,Small Business,Male,2,4.0,Basic,3.0,Married,2.0,0,3,0,0.0,Executive,17008.0,0,0,0.024553074,0,True
34.0,Self Enquiry,3,19.0,Small Business,Male,2,3.0,Standard,3.0,Married,2.0,0,1,1,1.0,Senior Manager,23628.0,0,0,0.27552092,0,True
34.0,Self Enquiry,1,11.0,Small Business,Female,3,5.0,Basic,4.0,Married,8.0,0,4,0,2.0,Executive,21300.0,0,0,0.03948939,0,True
37.0,Self Enquiry,1,15.0,Large Business,Female,3,4.0,Standard,3.0,Married,3.0,0,4,1,2.0,Senior Manager,28774.0,0,0,0.006283111,0,True
46.0,Self Enquiry,3,16.0,Small Business,Male,4,4.0,Standard,5.0,Married,6.0,1,1,0,1.0,Senior Manager,29439.0,0,0,0.003845396,0,True
27.0,Self Enquiry,1,9.0,Small Business,Male,3,2.0,Deluxe,3.0,Married,3.0,0,3,1,2.0,Manager,24150.0,0,0,0.0011606163,0,True
42.0,Self Enquiry,1,10.0,Large Business,Male,2,3.0,King,3.0,Married,2.0,0,1,0,0.0,VP,34232.0,0,0,0.0011297559,0,True
34.0,Self Enquiry,3,15.0,Salaried,Female,3,3.0,Deluxe,3.0,Divorced,2.0,0,2,1,2.0,Manager,20714.0,0,0,0.011789474,0,True
41.0,Self Enquiry,1,17.0,Salaried,Female,3,2.0,Basic,3.0,Married,5.0,1,3,0,2.0,Executive,20891.0,0,0,0.029102955,0,True
41.0,Self Enquiry,1,9.0,Small Business,Female,3,2.0,Deluxe,3.0,Married,7.0,0,3,1,1.0,Manager,25055.0,0,0,0.00084688835,0,True
32.0,Self Enquiry,1,8.0,Salaried,Male,3,3.0,Basic,4.0,Single,2.0,0,3,1,1.0,Executive,16393.0,1,1,0.6012956,1,True
35.0,Self Enquiry,1,28.0,Salaried,Female,3,1.0,Standard,4.0,Married,1.0,0,5,1,2.0,Senior Manager,26996.0,0,0,0.019158628,0,True
35.0,Company Invited,3,30.0,Small Business,Male,4,4.0,Deluxe,3.0,Unmarried,2.0,0,5,1,2.0,Manager,23246.0,0,0,0.103029504,0,True
32.0,Self Enquiry,3,14.0,Small Business,Male,4,4.0,Deluxe,3.0,Married,6.0,0,1,0,1.0,Manager,26225.0,0,0,0.0029649672,0,True
28.0,Self Enquiry,3,16.0,Small Business,Male,3,3.0,Basic,4.0,Married,2.0,0,5,0,2.0,Executive,16052.0,0,0,0.058017142,0,True
25.0,Self Enquiry,3,17.0,Small Business,Female,4,4.0,Deluxe,3.0,Married,3.0,1,1,0,1.0,Manager,22938.0,0,0,0.0037658254,0,True
34.0,Company Invited,1,6.0,Small Business,Male,3,4.0,Deluxe,5.0,Single,1.0,0,2,1,2.0,Manager,20343.0,0,0,0.0022332168,0,True
36.0,Self Enquiry,3,7.0,Small Business,Male,3,4.0,Deluxe,3.0,Divorced,2.0,0,3,1,1.0,Manager,23395.0,0,0,0.007958024,0,True
27.0,Company Invited,3,26.0,Salaried,Female,2,3.0,Deluxe,3.0,Unmarried,2.0,0,1,1,1.0,Manager,24981.0,0,0,0.010071422,0,True
24.0,Company Invited,1,13.0,Salaried,Female,2,3.0,Basic,3.0,Married,2.0,1,4,0,0.0,Executive,17886.0,1,1,0.9429603,1,True
49.0,Self Enquiry,1,10.0,Small Business,Male,2,4.0,King,3.0,Divorced,3.0,0,3,0,0.0,VP,33711.0,0,0,4.9428243e-05,0,True
21.0,Self Enquiry,3,9.0,Small Business,Female,3,5.0,Basic,3.0,Single,3.0,0,4,0,2.0,Executive,20722.0,1,1,0.96802074,1,True
32.0,Self Enquiry,3,15.0,Salaried,Male,3,4.0,Standard,3.0,Married,3.0,0,3,1,1.0,Senior Manager,29471.0,0,0,0.048406743,0,True
49.0,Self Enquiry,1,6.0,Large Business,Female,2,4.0,Super Deluxe,3.0,Single,1.0,1,3,0,0.0,AVP,28964.0,0,0,1.262457e-05,0,True
32.0,Company Invited,3,27.0,Small Business,Female,3,4.0,Deluxe,3.0,Married,3.0,0,1,1,2.0,Manager,25610.0,0,0,0.0006512982,0,True
28.0,Self Enquiry,3,11.0,Small Business,Male,3,3.0,Deluxe,3.0,Single,2.0,0,3,1,0.0,Manager,19908.0,0,0,0.041464273,0,True
50.0,Self Enquiry,1,6.0,Small Business,Male,3,3.0,Super Deluxe,3.0,Married,1.0,0,5,0,2.0,AVP,32399.0,0,0,1.0749904e-07,0,True
38.0,Self Enquiry,1,6.0,Salaried,Female,2,1.0,Deluxe,3.0,Unmarried,1.0,0,1,0,0.0,Manager,22625.0,0,0,2.391872e-06,0,True
54.0,Self Enquiry,1,8.0,Large Business,Female,2,3.0,Standard,3.0,Divorced,1.0,0,4,1,0.0,Senior Manager,28549.0,0,0,0.0040027583,0,True
42.0,Self Enquiry,1,12.0,Small Business,Male,2,3.0,Standard,5.0,Married,1.0,0,3,1,0.0,Senior Manager,28348.0,0,0,0.0536747,0,True
35.0,Self Enquiry,1,13.0,Salaried,Female,3,5.0,Deluxe,4.0,Married,8.0,0,3,0,2.0,Manager,23183.0,0,0,0.0051585017,0,True
28.0,Company Invited,1,6.0,Small Business,Male,2,4.0,Basic,4.0,Married,2.0,0,4,0,0.0,Executive,17596.0,1,1,0.8571485,1,True
35.0,Self Enquiry,3,20.0,Small Business,Male,3,4.0,Standard,3.0,Married,3.0,0,1,1,2.0,Senior Manager,27306.0,0,0,0.10928505,0,True
35.0,Company Invited,1,23.0,Salaried,Female,4,5.0,Basic,3.0,Single,3.0,0,5,1,2.0,Executive,21231.0,0,0,0.32950884,0,True
31.0,Self Enquiry,1,9.0,Salaried,Female,3,6.0,Deluxe,3.0,Unmarried,4.0,0,2,0,2.0,Manager,24769.0,0,0,0.00091159646,0,True
30.0,Company Invited,1,10.0,Large Business,Male,2,3.0,Basic,3.0,Single,1.0,1,4,1,0.0,Executive,17285.0,1,1,0.936059,1,True
34.0,Self Enquiry,1,8.0,Large Business,Female,3,3.0,Deluxe,3.0,Unmarried,2.0,0,5,1,1.0,Manager,21687.0,0,0,0.0035508315,0,True
57.0,Self Enquiry,1,30.0,Salaried,Male,4,4.0,Super Deluxe,4.0,Divorced,6.0,1,4,1,3.0,AVP,32080.0,0,0,0.0022237534,0,True
34.0,Self Enquiry,1,14.0,Salaried,Female,2,3.0,Deluxe,5.0,Married,4.0,0,5,1,1.0,Manager,20121.0,0,0,0.017594595,0,True
58.0,Self Enquiry,1,7.0,Salaried,Male,4,2.0,Deluxe,3.0,Divorced,2.0,0,3,1,3.0,Manager,23578.0,0,0,0.0055748755,0,True
55.0,Self Enquiry,1,26.0,Small Business,Female,4,4.0,Deluxe,5.0,Married,2.0,1,3,0,1.0,Manager,24163.0,0,0,0.036110375,0,True
36.0,Self Enquiry,3,15.0,Salaried,Female,4,4.0,Basic,3.0,Married,3.0,0,3,1,3.0,Executive,21250.0,0,0,0.016865276,0,True
38.0,Self Enquiry,1,8.0,Small Business,Male,3,3.0,Basic,3.0,Divorced,7.0,1,4,0,0.0,Executive,18057.0,0,0,0.05907437,0,True
58.0,Self Enquiry,3,27.0,Salaried,Female,3,3.0,Super Deluxe,3.0,Married,5.0,1,5,1,0.0,AVP,32875.0,0,0,0.0018621057,0,True
45.0,Company Invited,1,13.0,Salaried,Male,3,1.0,Deluxe,3.0,Married,5.0,0,1,1,0.0,Manager,21434.0,0,0,0.0034968958,0,True
32.0,Self Enquiry,1,29.0,Small Business,Male,4,4.0,Deluxe,3.0,Divorced,3.0,1,5,1,1.0,Manager,24857.0,1,1,0.9611427,1,True
35.0,Company Invited,1,29.0,Salaried,Male,3,5.0,Deluxe,3.0,Married,3.0,1,1,1,1.0,Manager,24425.0,0,0,0.008991988,0,True
29.0,Self Enquiry,1,27.0,Salaried,Female,2,1.0,Standard,5.0,Married,2.0,0,5,1,1.0,Senior Manager,24980.0,0,0,0.02938689,0,True
25.0,Self Enquiry,1,24.0,Small Business,Female,3,5.0,Deluxe,3.0,Married,3.0,0,3,0,1.0,Manager,23055.0,0,0,0.014303572,0,True
46.0,Self Enquiry,1,27.0,Small Business,Female,3,3.0,Deluxe,4.0,Married,5.0,0,3,1,2.0,Manager,23926.0,1,1,0.91432333,1,True
51.0,Self Enquiry,3,33.0,Salaried,Male,2,3.0,Deluxe,3.0,Single,2.0,1,5,1,1.0,Manager,29026.0,1,1,0.8516373,1,True
48.0,Self Enquiry,1,7.0,Large Business,Male,4,4.0,Basic,3.0,Divorced,2.0,0,3,1,1.0,Executive,22098.0,0,1,0.60337985,0,False
23.0,Company Invited,1,33.0,Salaried,Female,3,5.0,Basic,3.0,Married,3.0,1,3,0,1.0,Executive,21492.0,0,1,0.995831,0,False
36.0,Self Enquiry,1,17.0,Small Business,Female,3,4.0,Deluxe,3.0,Unmarried,5.0,1,1,1,1.0,Manager,24820.0,0,0,0.0010169152,0,True
34.0,Self Enquiry,3,9.0,Salaried,Female,2,5.0,Deluxe,3.0,Single,6.0,0,1,1,0.0,Manager,21029.0,0,0,0.2544174,0,True
30.0,Company Invited,2,14.0,Salaried,Female,3,4.0,Basic,3.0,Married,7.0,0,5,1,2.0,Executive,17180.0,1,0,0.4023837,1,False
52.0,Company Invited,1,31.0,Small Business,Female,2,4.0,Super Deluxe,3.0,Married,4.0,0,5,0,1.0,AVP,28826.0,0,0,1.1884626e-05,0,True
32.0,Self Enquiry,1,10.0,Salaried,Female,3,4.0,Deluxe,3.0,Married,2.0,0,4,1,1.0,Manager,21162.0,0,0,0.006185611,0,True
33.0,Self Enquiry,1,20.0,Small Business,Female,3,3.0,Basic,4.0,Married,2.0,0,5,1,1.0,Executive,17756.0,0,0,0.10921163,0,True
35.0,Company Invited,1,16.0,Salaried,Male,4,4.0,Deluxe,5.0,Married,6.0,0,3,0,2.0,Manager,24024.0,1,1,0.9487028,1,True
33.0,Self Enquiry,3,14.0,Salaried,Male,2,3.0,Deluxe,5.0,Married,3.0,0,5,1,0.0,Manager,21392.0,0,0,0.027759153,0,True
28.0,Self Enquiry,1,16.0,Small Business,Female,5,4.0,Basic,4.0,Single,3.0,0,3,0,2.0,Executive,20957.0,0,0,0.051181797,0,True
41.0,Self Enquiry,3,17.0,Small Business,Male,4,5.0,Standard,4.0,Married,4.0,0,4,0,1.0,Senior Manager,28383.0,0,0,0.059465602,0,True
44.0,Company Invited,2,6.0,Salaried,Male,2,3.0,Deluxe,3.0,Married,5.0,1,5,1,1.0,Manager,20743.0,0,0,0.0848635,0,True
41.0,Self Enquiry,1,21.0,Small Business,Male,3,5.0,King,3.0,Single,3.0,0,3,1,2.0,VP,38304.0,0,0,0.046191163,0,True
38.0,Self Enquiry,1,14.0,Small Business,Male,2,4.0,Standard,3.0,Single,6.0,0,2,0,1.0,Senior Manager,32342.0,0,0,0.028234083,0,True
23.0,Company Invited,1,10.0,Salaried,Male,3,5.0,Basic,3.0,Divorced,2.0,1,3,0,1.0,Executive,21531.0,1,1,0.8764985,1,True
34.0,Company Invited,1,13.0,Salaried,Male,2,4.0,Deluxe,3.0,Married,5.0,0,5,1,1.0,Manager,26403.0,0,0,0.005512067,0,True
24.0,Self Enquiry,1,33.0,Salaried,Male,3,4.0,Basic,3.0,Married,3.0,0,1,0,2.0,Executive,21582.0,0,0,0.04922822,0,True
30.0,Company Invited,1,7.0,Large Business,Male,3,4.0,Deluxe,3.0,Married,3.0,0,3,0,1.0,Manager,22997.0,0,0,0.0033780884,0,True
25.0,Self Enquiry,1,25.0,Salaried,Male,3,4.0,Basic,3.0,Married,2.0,0,4,0,1.0,Executive,21452.0,0,0,0.043604173,0,True
34.0,Self Enquiry,3,15.0,Small Business,Male,3,4.0,Deluxe,3.0,Married,2.0,0,2,1,2.0,Manager,25782.0,0,0,0.0084079495,0,True
25.0,Self Enquiry,1,24.0,Small Business,Female,3,5.0,Deluxe,3.0,Married,3.0,0,3,1,2.0,Manager,23055.0,0,0,0.010608125,0,True
41.0,Self Enquiry,3,17.0,Small Business,Male,4,5.0,Standard,4.0,Married,4.0,0,4,1,2.0,Senior Manager,28383.0,0,0,0.1222279,0,True
20.0,Self Enquiry,2,9.0,Large Business,Male,3,5.0,Basic,3.0,Single,3.0,0,3,0,1.0,Executive,21242.0,1,1,0.9506833,1,True
41.0,Company Invited,1,15.0,Small Business,Male,3,3.0,King,3.0,Married,3.0,0,4,0,2.0,VP,34419.0,0,0,3.180347e-06,0,True
37.0,Self Enquiry,3,12.0,Small Business,Male,3,3.0,Deluxe,3.0,Divorced,5.0,0,3,0,0.0,Manager,21502.0,0,0,0.0038170556,0,True
45.0,Company Invited,1,30.0,Small Business,Male,4,4.0,Deluxe,4.0,Married,6.0,0,3,0,2.0,Manager,20720.0,0,0,0.19181412,0,True
23.0,Self Enquiry,3,13.0,Salaried,Male,2,3.0,Basic,3.0,Married,2.0,1,1,1,0.0,Executive,17275.0,1,1,0.94370747,1,True
41.0,Self Enquiry,1,7.0,Salaried,Male,3,4.0,Basic,4.0,Divorced,5.0,0,1,1,2.0,Executive,21065.0,0,0,0.034605842,0,True
59.0,Self Enquiry,3,9.0,Salaried,Female,2,4.0,Deluxe,3.0,Single,6.0,0,3,0,0.0,Manager,20171.0,0,0,0.07153984,0,True
28.0,Self Enquiry,1,9.0,Salaried,Female,3,4.0,Deluxe,3.0,Divorced,2.0,0,5,0,2.0,Manager,22905.0,0,0,0.0032810764,0,True
41.0,Self Enquiry,1,11.0,Small Business,Male,2,1.0,Basic,3.0,Divorced,3.0,1,1,1,1.0,Executive,17127.0,0,0,0.0012655159,0,True
29.0,Self Enquiry,1,8.0,Salaried,Male,3,3.0,Basic,4.0,Married,1.0,0,4,1,0.0,Executive,17703.0,0,0,0.08070787,0,True
43.0,Self Enquiry,3,7.0,Salaried,Male,3,4.0,Deluxe,3.0,Divorced,3.0,0,3,1,1.0,Manager,23585.0,0,0,0.047307078,0,True
36.0,Self Enquiry,1,13.0,Salaried,Male,3,6.0,Deluxe,3.0,Unmarried,3.0,0,5,0,2.0,Manager,25324.0,0,0,0.0632562,0,True
28.0,Company Invited,1,12.0,Salaried,Female,3,4.0,Basic,3.0,Single,2.0,1,1,1,2.0,Executive,21057.0,0,1,0.6310588,0,False
30.0,Self Enquiry,3,33.0,Small Business,Male,3,3.0,Deluxe,3.0,Married,1.0,0,3,1,2.0,Manager,20304.0,0,0,0.00811871,0,True
32.0,Company Invited,1,22.0,Small Business,Male,4,4.0,Basic,3.0,Divorced,3.0,0,4,1,3.0,Executive,21288.0,1,0,0.3444282,1,False
42.0,Company Invited,1,16.0,Large Business,Male,2,3.0,Basic,3.0,Married,4.0,0,4,1,0.0,Executive,17936.0,0,0,0.20317304,0,True
54.0,Self Enquiry,3,9.0,Small Business,Female,2,3.0,Deluxe,5.0,Divorced,3.0,0,4,1,1.0,Manager,20940.0,0,0,0.0130747575,0,True
39.0,Company Invited,1,8.0,Large Business,Female,3,3.0,Standard,3.0,Unmarried,1.0,0,1,1,2.0,Senior Manager,25938.0,0,0,2.2111053e-05,0,True
21.0,Company Invited,3,16.0,Small Business,Female,3,4.0,Basic,3.0,Single,3.0,1,4,1,1.0,Executive,21001.0,1,1,0.99726063,1,True
50.0,Self Enquiry,1,10.0,Salaried,Male,3,3.0,King,4.0,Married,4.0,0,5,1,0.0,VP,34144.0,0,0,0.00025457548,0,True
31.0,Self Enquiry,3,8.0,Salaried,Male,3,3.0,Deluxe,3.0,Unmarried,5.0,1,5,1,1.0,Manager,21582.0,0,0,0.2584838,0,True
31.0,Self Enquiry,1,9.0,Small Business,Female,3,5.0,Deluxe,3.0,Unmarried,7.0,1,1,1,2.0,Manager,25555.0,0,0,0.0009888503,0,True
31.0,Self Enquiry,1,9.0,Small Business,Male,3,5.0,Basic,3.0,Unmarried,2.0,0,4,0,1.0,Executive,21398.0,0,0,0.15939178,0,True
39.0,Self Enquiry,1,9.0,Salaried,Male,3,4.0,Basic,3.0,Unmarried,7.0,1,4,0,2.0,Executive,22622.0,0,0,0.49235326,0,True
29.0,Self Enquiry,1,34.0,Salaried,Female,3,3.0,Basic,3.0,Married,5.0,0,5,0,1.0,Executive,17514.0,0,0,0.013154926,0,True
41.0,Company Invited,1,23.0,Salaried,Male,4,4.0,Basic,3.0,Married,2.0,0,3,1,3.0,Executive,22222.0,0,0,0.05082128,0,True
30.0,Self Enquiry,3,26.0,Salaried,Male,4,5.0,Deluxe,3.0,Married,3.0,0,4,1,1.0,Manager,27298.0,0,0,0.008756923,0,True
47.0,Self Enquiry,1,11.0,Salaried,Male,2,3.0,King,3.0,Divorced,5.0,0,2,0,1.0,VP,33300.0,0,0,3.6534246e-05,0,True
30.0,Company Invited,1,17.0,Salaried,Female,4,4.0,Basic,4.0,Married,2.0,0,5,1,1.0,Executive,21969.0,0,0,0.11946926,0,True
42.0,Self Enquiry,3,11.0,Small Business,Female,3,4.0,Standard,3.0,Married,2.0,1,1,0,2.0,Senior Manager,29125.0,0,0,0.0003550329,0,True
32.0,Self Enquiry,1,14.0,Salaried,Male,3,4.0,Deluxe,3.0,Married,5.0,0,3,1,1.0,Manager,24593.0,0,0,0.053325858,0,True
36.0,Self Enquiry,1,15.0,Small Business,Male,2,4.0,Deluxe,4.0,Married,3.0,1,4,1,0.0,Manager,23847.0,0,0,0.21279015,0,True
35.0,Self Enquiry,1,14.0,Salaried,Male,2,2.0,Basic,3.0,Divorced,2.0,0,5,1,1.0,Executive,17269.0,0,0,0.012035687,0,True
25.0,Self Enquiry,3,19.0,Small Business,Male,2,3.0,Basic,3.0,Married,2.0,0,3,1,1.0,Executive,17096.0,0,0,0.1299176,0,True
36.0,Self Enquiry,1,8.0,Small Business,Male,3,3.0,Basic,3.0,Single,5.0,0,5,1,0.0,Executive,17519.0,0,0,0.108918406,0,True
49.0,Self Enquiry,1,7.0,Salaried,Male,4,5.0,Standard,3.0,Unmarried,2.0,1,5,0,3.0,Senior Manager,24059.0,1,1,0.95104325,1,True
45.0,Company Invited,3,8.0,Large Business,Male,4,4.0,Basic,3.0,Married,5.0,0,3,1,2.0,Executive,26656.0,1,1,0.8667485,1,True
42.0,Company Invited,1,27.0,Small Business,Female,2,3.0,Deluxe,3.0,Married,3.0,0,1,0,0.0,Manager,20265.0,0,0,4.4206216e-05,0,True
40.0,Self Enquiry,1,7.0,Small Business,Female,4,4.0,Basic,3.0,Married,2.0,0,3,1,1.0,Executive,20910.0,0,0,0.001794658,0,True
36.0,Self Enquiry,3,14.0,Salaried,Male,4,4.0,Basic,3.0,Divorced,3.0,0,3,1,1.0,Executive,21082.0,0,0,0.017357564,0,True
35.0,Self Enquiry,1,34.0,Small Business,Female,4,4.0,Basic,4.0,Single,4.0,0,3,1,1.0,Executive,20989.0,0,0,0.14685807,0,True
36.0,Self Enquiry,3,25.0,Small Business,Male,4,4.0,Deluxe,5.0,Married,2.0,0,3,0,1.0,Manager,20822.0,0,0,0.04893853,0,True
55.0,Self Enquiry,1,8.0,Large Business,Male,3,4.0,Basic,3.0,Married,1.0,0,5,0,0.0,Executive,17662.0,0,1,0.64015174,0,False
35.0,Company Invited,1,24.0,Large Business,Male,3,5.0,Basic,3.0,Married,2.0,1,5,1,2.0,Executive,27178.0,1,1,0.8659142,1,True
41.0,Company Invited,3,10.0,Small Business,Male,2,3.0,Deluxe,4.0,Unmarried,2.0,0,3,1,0.0,Manager,24355.0,1,1,0.7958508,1,True
34.0,Self Enquiry,1,15.0,Small Business,Female,2,4.0,Standard,4.0,Unmarried,2.0,0,1,1,0.0,Senior Manager,23621.0,0,0,0.0011704407,0,True
37.0,Company Invited,1,15.0,Salaried,Female,4,2.0,Standard,5.0,Married,2.0,0,3,0,2.0,Senior Manager,30391.0,0,0,0.006333497,0,True
27.0,Self Enquiry,3,11.0,Small Business,Male,3,5.0,Deluxe,3.0,Unmarried,3.0,1,1,1,1.0,Manager,24506.0,1,1,0.94430786,1,True
27.0,Company Invited,1,7.0,Small Business,Female,4,5.0,Basic,3.0,Married,3.0,0,2,1,1.0,Executive,20685.0,0,0,0.0019385812,0,True
61.0,Self Enquiry,1,7.0,Small Business,Male,4,6.0,Standard,3.0,Married,5.0,0,5,0,1.0,Senior Manager,29561.0,0,0,0.24255937,0,True
29.0,Self Enquiry,3,9.0,Small Business,Female,3,3.0,Deluxe,3.0,Married,2.0,0,1,0,0.0,Manager,20561.0,0,0,7.8626974e-05,0,True
30.0,Self Enquiry,3,33.0,Small Business,Male,2,3.0,Deluxe,3.0,Married,1.0,0,3,1,0.0,Manager,20304.0,0,0,0.021384453,0,True
48.0,Company Invited,3,16.0,Salaried,Male,3,6.0,Super Deluxe,3.0,Married,2.0,0,5,1,2.0,AVP,31614.0,1,1,0.8975957,1,True
34.0,Self Enquiry,3,15.0,Small Business,Male,3,4.0,Deluxe,3.0,Married,2.0,0,1,0,1.0,Manager,25782.0,0,0,0.0027038346,0,True
48.0,Self Enquiry,3,9.0,Small Business,Female,3,4.0,Deluxe,3.0,Divorced,2.0,1,2,1,1.0,Manager,23215.0,0,0,0.01617298,0,True
30.0,Self Enquiry,1,23.0,Small Business,Female,3,3.0,Standard,5.0,Divorced,2.0,1,4,0,2.0,Senior Manager,26916.0,0,0,0.08290833,0,True
28.0,Self Enquiry,1,22.0,Small Business,Male,3,1.0,Deluxe,5.0,Single,1.0,0,5,0,1.0,Manager,20661.0,0,0,0.20183282,0,True
29.0,Self Enquiry,1,24.0,Small Business,Male,2,4.0,Basic,3.0,Single,2.0,1,3,0,0.0,Executive,17389.0,1,1,0.97677827,1,True
55.0,Company Invited,1,7.0,Salaried,Female,3,4.0,Standard,3.0,Married,2.0,0,5,1,2.0,Senior Manager,29180.0,0,0,0.053464282,0,True
45.0,Self Enquiry,1,13.0,Salaried,Male,2,3.0,Standard,5.0,Married,3.0,0,3,0,0.0,Senior Manager,24724.0,0,0,0.012221236,0,True
31.0,Company Invited,1,21.0,Small Business,Male,3,3.0,Basic,3.0,Married,2.0,0,4,1,0.0,Executive,17610.0,1,1,0.7554439,1,True
39.0,Self Enquiry,1,7.0,Salaried,Female,3,4.0,Basic,5.0,Unmarried,5.0,0,2,1,2.0,Executive,21297.0,0,0,0.2939403,0,True
31.0,Self Enquiry,3,35.0,Small Business,Female,3,4.0,Deluxe,3.0,Married,2.0,0,3,1,0.0,Manager,20468.0,0,0,0.015039718,0,True
33.0,Self Enquiry,1,11.0,Salaried,Female,4,5.0,Deluxe,3.0,Married,3.0,0,4,1,2.0,Manager,24840.0,0,0,0.015599537,0,True
39.0,Self Enquiry,3,10.0,Salaried,Male,4,4.0,Standard,3.0,Married,2.0,0,2,1,2.0,Senior Manager,29287.0,0,0,0.01957951,0,True
43.0,Self Enquiry,1,7.0,Salaried,Female,4,4.0,Basic,5.0,Married,5.0,0,3,0,3.0,Executive,21254.0,0,0,0.01244385,0,True
29.0,Self Enquiry,1,9.0,Small Business,Male,3,4.0,Standard,3.0,Married,2.0,0,1,0,2.0,Senior Manager,26935.0,0,0,0.00042363233,0,True
43.0,Self Enquiry,1,13.0,Small Business,Male,3,4.0,Standard,5.0,Married,2.0,0,3,1,1.0,Senior Manager,32026.0,0,0,0.041110042,0,True
58.0,Self Enquiry,1,29.0,Salaried,Male,2,3.0,Basic,3.0,Married,2.0,0,3,1,1.0,Executive,17372.0,0,0,0.0123125035,0,True
39.0,Self Enquiry,3,17.0,Salaried,Female,4,4.0,Deluxe,3.0,Married,3.0,0,4,0,3.0,Manager,24021.0,0,0,0.005205536,0,True
59.0,Company Invited,1,9.0,Salaried,Male,3,5.0,Basic,3.0,Married,2.0,1,2,0,1.0,Executive,21058.0,1,1,0.9944734,1,True
28.0,Self Enquiry,1,6.0,Salaried,Male,3,4.0,Basic,3.0,Married,2.0,0,4,0,1.0,Executive,16563.0,0,0,0.012482412,0,True
43.0,Self Enquiry,1,13.0,Salaried,Female,2,3.0,Standard,5.0,Married,1.0,0,5,1,0.0,Senior Manager,24985.0,0,0,0.012852744,0,True
59.0,Company Invited,2,8.0,Salaried,Female,2,4.0,King,3.0,Married,1.0,0,1,0,1.0,VP,33844.0,0,0,1.9807743e-07,0,True
32.0,Self Enquiry,1,27.0,Salaried,Male,3,4.0,Deluxe,3.0,Married,3.0,0,5,0,1.0,Manager,22875.0,0,0,0.0085341595,0,True
43.0,Self Enquiry,1,15.0,Salaried,Male,3,4.0,Basic,3.0,Unmarried,6.0,0,1,1,2.0,Executive,22646.0,0,0,0.014411533,0,True
26.0,Self Enquiry,3,11.0,Small Business,Male,3,5.0,Deluxe,5.0,Divorced,3.0,0,3,1,2.0,Manager,22934.0,0,0,0.024361655,0,True
39.0,Self Enquiry,1,10.0,Large Business,Female,3,4.0,Deluxe,3.0,Single,5.0,1,5,0,1.0,Manager,4678.0,0,0,0.22240868,0,True
36.0,Self Enquiry,1,12.0,Large Business,Male,4,4.0,Standard,4.0,Unmarried,2.0,0,3,0,1.0,Senior Manager,26773.0,0,0,0.05099941,0,True
22.0,Self Enquiry,1,10.0,Small Business,Male,4,5.0,Basic,3.0,Unmarried,3.0,0,5,1,2.0,Executive,21908.0,0,0,0.38620672,0,True
59.0,Company Invited,1,7.0,Salaried,Male,3,6.0,Deluxe,3.0,Married,4.0,1,2,1,2.0,Manager,24338.0,0,0,0.028756863,0,True
41.0,Company Invited,3,35.0,Salaried,Male,3,6.0,Standard,5.0,Married,5.0,0,5,1,1.0,Senior Manager,29610.0,0,0,0.08181897,0,True
21.0,Self Enquiry,1,9.0,Small Business,Male,3,4.0,Basic,3.0,Single,2.0,0,5,1,1.0,Executive,18230.0,0,1,0.5186173,0,False
46.0,Self Enquiry,3,11.0,Salaried,Female,2,4.0,Deluxe,5.0,Married,6.0,1,4,0,1.0,Manager,23684.0,0,0,0.030338956,0,True
34.0,Self Enquiry,1,9.0,Salaried,Female,3,4.0,Basic,5.0,Divorced,2.0,0,3,1,1.0,Executive,21385.0,1,0,0.4323336,1,False
42.0,Self Enquiry,3,27.0,Small Business,Female,4,4.0,Basic,4.0,Unmarried,3.0,1,4,0,2.0,Executive,21818.0,1,1,0.991291,1,True
24.0,Company Invited,1,15.0,Small Business,Male,2,3.0,Basic,5.0,Single,3.0,1,3,0,1.0,Executive,18172.0,1,1,0.9226626,1,True
26.0,Self Enquiry,1,7.0,Large Business,Male,3,4.0,Basic,3.0,Divorced,6.0,0,5,1,2.0,Executive,21907.0,0,0,0.31865585,0,True
40.0,Company Invited,3,27.0,Salaried,Male,3,4.0,Deluxe,3.0,Married,4.0,0,3,1,1.0,Manager,22805.0,0,0,0.044826075,0,True
39.0,Self Enquiry,3,12.0,Small Business,Male,2,1.0,Standard,3.0,Married,3.0,0,4,1,1.0,Senior Manager,23237.0,0,0,0.03331233,0,True
37.0,Self Enquiry,1,11.0,Small Business,Male,3,3.0,Deluxe,3.0,Married,1.0,0,3,1,2.0,Manager,21347.0,0,0,0.010642663,0,True
34.0,Self Enquiry,1,14.0,Salaried,Female,2,3.0,Deluxe,5.0,Married,4.0,0,5,1,0.0,Manager,20121.0,0,0,0.011350764,0,True
30.0,Self Enquiry,1,8.0,Small Business,Female,2,4.0,Deluxe,3.0,Unmarried,6.0,1,2,1,1.0,Manager,21877.0,0,0,0.0030412765,0,True
34.0,Company Invited,3,17.0,Small Business,Male,3,5.0,Deluxe,3.0,Unmarried,5.0,0,3,1,1.0,Manager,23360.0,0,0,0.14482439,0,True
30.0,Self Enquiry,1,34.0,Small Business,Female,4,4.0,Deluxe,3.0,Married,6.0,0,1,0,2.0,Manager,23013.0,0,0,0.0025097113,0,True
36.0,Self Enquiry,3,35.0,Salaried,Female,4,5.0,Basic,3.0,Married,2.0,0,4,1,3.0,Executive,21108.0,0,0,0.04552191,0,True
42.0,Self Enquiry,3,11.0,Small Business,Male,2,3.0,King,3.0,Married,7.0,0,4,0,1.0,VP,33303.0,0,0,9.389907e-06,0,True
36.0,Self Enquiry,1,8.0,Small Business,Male,3,3.0,Basic,3.0,Single,5.0,0,5,1,1.0,Executive,17519.0,0,0,0.0748116,0,True
43.0,Self Enquiry,3,15.0,Small Business,Female,2,5.0,Deluxe,3.0,Single,1.0,0,2,1,1.0,Manager,20346.0,1,0,0.044618625,1,False
52.0,Self Enquiry,2,12.0,Salaried,Male,3,4.0,Super Deluxe,4.0,Married,3.0,1,3,1,2.0,AVP,32704.0,0,0,0.00015177998,0,True
26.0,Company Invited,2,23.0,Salaried,Female,2,3.0,Basic,3.0,Married,1.0,1,5,0,1.0,Executive,17741.0,1,1,0.98781466,1,True
37.0,Company Invited,3,15.0,Large Business,Male,3,4.0,Deluxe,3.0,Married,6.0,0,3,1,1.0,Manager,23757.0,0,0,0.33781573,0,True
31.0,Self Enquiry,1,14.0,Salaried,Female,2,4.0,Basic,4.0,Single,2.0,0,4,0,1.0,Executive,16261.0,1,1,0.8860585,1,True
37.0,Self Enquiry,1,13.0,Small Business,Male,3,4.0,Deluxe,4.0,Married,8.0,0,4,1,2.0,Manager,23619.0,0,1,0.7325504,0,False
26.0,Self Enquiry,1,29.0,Salaried,Female,2,3.0,Basic,3.0,Married,2.0,0,3,0,0.0,Executive,17886.0,0,0,0.051880985,0,True
45.0,Company Invited,3,15.0,Salaried,Female,3,4.0,Deluxe,3.0,Divorced,2.0,0,3,0,0.0,Manager,20593.0,0,0,0.0066278777,0,True
49.0,Company Invited,3,14.0,Small Business,Female,4,4.0,Basic,3.0,Married,4.0,1,4,1,2.0,Executive,21333.0,1,1,0.94230765,1,True
21.0,Self Enquiry,3,11.0,Small Business,Male,2,3.0,Basic,5.0,Single,2.0,1,1,1,0.0,Executive,17380.0,0,1,0.99222636,0,False
38.0,Self Enquiry,3,8.0,Salaried,Female,2,3.0,Deluxe,5.0,Married,4.0,0,4,0,1.0,Manager,21893.0,0,0,0.012155147,0,True
42.0,Self Enquiry,2,8.0,Large Business,Male,2,3.0,Basic,3.0,Married,1.0,1,4,1,0.0,Executive,17696.0,0,0,0.45349354,0,True
28.0,Self Enquiry,1,13.0,Salaried,Male,3,5.0,Basic,3.0,Married,3.0,0,1,1,2.0,Executive,21217.0,0,0,0.0576755,0,True
43.0,Self Enquiry,1,9.0,Small Business,Female,3,5.0,Basic,5.0,Married,2.0,1,4,1,2.0,Executive,21271.0,0,0,0.43388835,0,True
55.0,Company Invited,1,8.0,Small Business,Male,2,4.0,Super Deluxe,5.0,Single,1.0,0,3,1,1.0,AVP,31756.0,0,0,0.00010835136,0,True
37.0,Company Invited,3,7.0,Small Business,Female,3,4.0,Deluxe,3.0,Unmarried,6.0,0,2,1,2.0,Manager,25331.0,0,0,0.0020755643,0,True
48.0,Self Enquiry,3,21.0,Small Business,Male,3,4.0,Deluxe,5.0,Unmarried,4.0,0,1,1,2.0,Manager,23638.0,0,0,0.18873836,0,True
33.0,Self Enquiry,1,9.0,Small Business,Female,4,2.0,Deluxe,3.0,Unmarried,2.0,0,3,0,1.0,Manager,23733.0,0,0,5.1271043e-05,0,True
33.0,Self Enquiry,1,16.0,Salaried,Female,4,4.0,Deluxe,3.0,Married,3.0,1,5,1,3.0,Manager,25000.0,0,0,0.13746348,0,True
31.0,Self Enquiry,1,31.0,Salaried,Male,4,4.0,Basic,3.0,Married,3.0,0,3,1,3.0,Executive,21371.0,0,0,0.05463643,0,True
51.0,Self Enquiry,3,15.0,Small Business,Male,3,4.0,Basic,4.0,Married,2.0,0,1,0,2.0,Executive,22553.0,0,0,0.014912458,0,True
33.0,Self Enquiry,1,13.0,Salaried,Male,3,4.0,Basic,3.0,Unmarried,5.0,0,1,0,2.0,Executive,21716.0,0,0,0.0086621735,0,True
51.0,Company Invited,3,19.0,Small Business,Female,4,4.0,Standard,3.0,Unmarried,6.0,0,5,0,1.0,Senior Manager,27886.0,0,0,0.02586919,0,True
43.0,Self Enquiry,1,10.0,Salaried,Female,4,2.0,Deluxe,3.0,Divorced,4.0,1,5,0,1.0,Manager,23909.0,0,0,0.008167498,0,True
18.0,Self Enquiry,1,9.0,Small Business,Male,2,3.0,Basic,3.0,Single,2.0,0,4,1,0.0,Executive,16420.0,1,1,0.61133915,1,True
32.0,Self Enquiry,1,7.0,Small Business,Male,3,4.0,Basic,4.0,Single,3.0,0,3,0,1.0,Executive,21179.0,0,0,0.2605417,0,True
40.0,Self Enquiry,1,17.0,Small Business,Male,4,4.0,Deluxe,5.0,Married,4.0,0,5,1,3.0,Manager,24055.0,0,0,0.38206846,0,True
31.0,Self Enquiry,1,6.0,Small Business,Male,2,3.0,Basic,4.0,Single,2.0,0,3,0,0.0,Executive,17501.0,0,0,0.25793692,0,True
41.0,Company Invited,1,33.0,Small Business,Female,3,4.0,Deluxe,4.0,Married,3.0,0,1,0,2.0,Manager,24283.0,0,0,0.00018298597,0,True
33.0,Company Invited,1,14.0,Salaried,Male,4,3.0,Basic,4.0,Divorced,3.0,0,2,0,2.0,Executive,21472.0,0,0,0.004964797,0,True
39.0,Company Invited,1,10.0,Salaried,Male,3,4.0,Basic,3.0,Married,5.0,0,3,1,1.0,Executive,21499.0,0,0,0.02090739,0,True
43.0,Company Invited,1,26.0,Small Business,Male,3,3.0,Basic,3.0,Married,8.0,1,3,1,2.0,Executive,21437.0,1,1,0.94685656,1,True
45.0,Self Enquiry,1,8.0,Salaried,Female,3,4.0,Basic,3.0,Single,2.0,0,3,1,0.0,Executive,17274.0,0,0,0.038625993,0,True
26.0,Self Enquiry,3,35.0,Salaried,Male,3,5.0,Deluxe,3.0,Divorced,4.0,0,4,0,1.0,Manager,27317.0,0,0,0.013766589,0,True
26.0,Self Enquiry,1,12.0,Salaried,Female,2,4.0,Basic,4.0,Married,2.0,0,3,1,1.0,Executive,17368.0,0,0,0.36410567,0,True
33.0,Company Invited,3,18.0,Salaried,Male,3,2.0,Deluxe,3.0,Married,2.0,0,3,1,1.0,Manager,23385.0,1,1,0.7373555,1,True
40.0,Company Invited,1,32.0,Salaried,Male,4,4.0,Standard,3.0,Divorced,5.0,0,1,0,1.0,Senior Manager,29598.0,0,0,0.059179552,0,True
38.0,Company Invited,1,12.0,Small Business,Female,3,5.0,Deluxe,3.0,Married,1.0,1,1,0,2.0,Manager,20329.0,0,0,2.5132185e-05,0,True
55.0,Self Enquiry,3,6.0,Salaried,Male,3,3.0,Standard,3.0,Divorced,4.0,0,2,0,1.0,Senior Manager,25239.0,0,0,0.08127155,0,True
38.0,Self Enquiry,1,17.0,Salaried,Female,3,2.0,Standard,3.0,Married,3.0,1,1,0,2.0,Senior Manager,32422.0,0,0,5.7489347e-06,0,True
18.0,Company Invited,1,11.0,Salaried,Male,3,3.0,Basic,3.0,Single,2.0,0,2,1,1.0,Executive,16051.0,0,0,0.24513529,0,True
40.0,Self Enquiry,1,7.0,Salaried,Female,4,5.0,Super Deluxe,3.0,Divorced,3.0,0,3,0,2.0,AVP,31420.0,0,0,7.689629e-08,0,True
35.0,Self Enquiry,1,9.0,Salaried,Male,4,5.0,Basic,3.0,Married,5.0,0,5,1,3.0,Executive,21446.0,0,0,0.032340728,0,True
49.0,Self Enquiry,1,24.0,Salaried,Male,2,4.0,King,3.0,Married,2.0,1,3,0,1.0,VP,34502.0,0,0,0.009984918,0,True
37.0,Self Enquiry,1,16.0,Salaried,Female,2,1.0,Standard,3.0,Married,2.0,1,1,0,1.0,Senior Manager,28744.0,0,0,5.6454664e-06,0,True
47.0,Self Enquiry,1,14.0,Small Business,Male,4,4.0,Standard,3.0,Married,8.0,0,1,1,2.0,Senior Manager,29523.0,0,0,0.036599763,0,True
32.0,Self Enquiry,1,12.0,Large Business,Male,3,4.0,Basic,3.0,Married,2.0,1,4,1,1.0,Executive,23499.0,0,1,0.62350017,0,False
52.0,Self Enquiry,1,10.0,Small Business,Female,4,4.0,Super Deluxe,4.0,Single,5.0,0,5,1,2.0,AVP,32412.0,0,0,0.00012464635,0,True
43.0,Company Invited,3,19.0,Salaried,Male,3,4.0,Super Deluxe,5.0,Single,2.0,1,5,1,2.0,AVP,32436.0,1,1,0.98418874,1,True
32.0,Company Invited,3,27.0,Small Business,Female,3,4.0,Deluxe,3.0,Divorced,3.0,0,2,1,1.0,Manager,25610.0,0,0,0.0012202453,0,True
30.0,Self Enquiry,1,30.0,Salaried,Male,3,2.0,Basic,3.0,Married,3.0,0,1,1,2.0,Executive,21378.0,0,0,0.025025604,0,True
33.0,Self Enquiry,1,16.0,Small Business,Female,3,4.0,Basic,5.0,Unmarried,2.0,0,4,1,2.0,Executive,22878.0,1,1,0.57958007,1,True
41.0,Company Invited,1,16.0,Small Business,Female,3,4.0,Standard,3.0,Single,2.0,0,4,0,1.0,Senior Manager,32177.0,0,0,0.019653639,0,True
35.0,Company Invited,1,14.0,Salaried,Male,4,6.0,Deluxe,3.0,Unmarried,3.0,1,5,1,1.0,Manager,24752.0,1,1,0.92030835,1,True
40.0,Self Enquiry,1,6.0,Salaried,Female,2,3.0,Deluxe,3.0,Married,5.0,0,3,0,1.0,Manager,21513.0,0,0,0.00029638576,0,True
36.0,Self Enquiry,1,18.0,Small Business,Male,3,4.0,Basic,3.0,Married,2.0,1,5,0,1.0,Executive,21338.0,0,1,0.52025574,0,False
36.0,Self Enquiry,1,29.0,Salaried,Male,3,6.0,Basic,3.0,Unmarried,2.0,0,4,1,2.0,Executive,22908.0,0,0,0.14722358,0,True
42.0,Self Enquiry,3,7.0,Salaried,Female,4,4.0,Deluxe,3.0,Unmarried,2.0,1,2,1,1.0,Manager,24671.0,1,0,0.082470305,1,False
35.0,Self Enquiry,1,13.0,Salaried,Male,2,3.0,Standard,3.0,Unmarried,4.0,0,3,0,0.0,Senior Manager,25221.0,0,0,0.0013626171,0,True
53.0,Self Enquiry,1,13.0,Small Business,Female,2,3.0,King,3.0,Married,4.0,0,1,1,1.0,VP,33606.0,0,0,3.5366858e-07,0,True
27.0,Company Invited,1,7.0,Salaried,Female,3,4.0,Deluxe,4.0,Married,3.0,0,5,1,2.0,Manager,25075.0,0,0,0.0022078198,0,True
30.0,Self Enquiry,1,28.0,Salaried,Female,2,3.0,Basic,3.0,Divorced,5.0,1,2,0,1.0,Executive,17132.0,1,1,0.96421874,1,True
26.0,Self Enquiry,3,6.0,Salaried,Male,2,3.0,Deluxe,3.0,Divorced,2.0,0,5,1,0.0,Manager,20296.0,0,0,0.0066180103,0,True
38.0,Self Enquiry,3,9.0,Salaried,Male,2,3.0,Deluxe,3.0,Unmarried,1.0,1,3,1,0.0,Manager,21861.0,0,0,0.35402724,0,True
36.0,Self Enquiry,1,12.0,Salaried,Female,2,1.0,Basic,3.0,Married,4.0,0,1,0,0.0,Executive,18038.0,0,0,0.000108099564,0,True
36.0,Company Invited,1,14.0,Salaried,Female,3,2.0,Standard,5.0,Divorced,1.0,0,3,0,0.0,Senior Manager,26713.0,0,0,0.0036102885,0,True
30.0,Self Enquiry,1,30.0,Salaried,Male,3,3.0,Basic,3.0,Married,2.0,0,3,1,2.0,Executive,17693.0,0,0,0.058014542,0,True
31.0,Company Invited,1,16.0,Small Business,Male,4,4.0,Deluxe,5.0,Married,3.0,0,2,0,2.0,Manager,21750.0,0,0,0.0058233286,0,True
27.0,Company Invited,2,24.0,Salaried,Female,3,4.0,Basic,3.0,Married,2.0,1,5,0,2.0,Executive,21419.0,1,1,0.9927783,1,True
29.0,Self Enquiry,1,9.0,Salaried,Male,4,4.0,Basic,3.0,Unmarried,4.0,0,4,1,2.0,Executive,22163.0,1,0,0.346528,1,False
36.0,Self Enquiry,1,23.0,Small Business,Male,3,2.0,Basic,4.0,Married,2.0,0,4,1,2.0,Executive,21104.0,0,0,0.06862173,0,True
38.0,Self Enquiry,1,21.0,Salaried,Female,4,4.0,Basic,5.0,Married,3.0,0,4,1,1.0,Executive,21712.0,0,0,0.12871343,0,True
35.0,Company Invited,3,13.0,Small Business,Female,3,6.0,Basic,3.0,Married,2.0,0,4,1,2.0,Executive,21029.0,1,1,0.9865073,1,True
30.0,Self Enquiry,3,13.0,Small Business,Male,2,3.0,Basic,4.0,Single,1.0,0,1,0,0.0,Executive,17983.0,0,0,0.2079583,0,True
37.0,Self Enquiry,3,9.0,Salaried,Male,2,3.0,Standard,3.0,Unmarried,3.0,0,3,0,1.0,Senior Manager,22428.0,0,0,0.034693915,0,True
21.0,Self Enquiry,1,18.0,Small Business,Female,4,5.0,Basic,5.0,Unmarried,3.0,1,3,0,2.0,Executive,21278.0,1,1,0.9908379,1,True
27.0,Self Enquiry,1,7.0,Salaried,Female,3,5.0,Basic,3.0,Married,3.0,1,4,0,1.0,Executive,21611.0,0,1,0.6429995,0,False
38.0,Self Enquiry,3,16.0,Small Business,Male,3,5.0,Deluxe,4.0,Married,3.0,0,4,0,2.0,Manager,22867.0,0,0,0.08825747,0,True
35.0,Self Enquiry,3,21.0,Small Business,Male,2,5.0,Deluxe,3.0,Married,7.0,1,1,1,1.0,Manager,20440.0,1,1,0.9988504,1,True
27.0,Company Invited,1,7.0,Salaried,Female,4,6.0,Basic,3.0,Married,5.0,0,4,1,3.0,Executive,23042.0,0,0,0.064129986,0,True
29.0,Company Invited,3,14.0,Salaried,Male,3,4.0,Deluxe,5.0,Unmarried,2.0,0,3,1,2.0,Manager,23576.0,0,0,0.09517516,0,True
25.0,Self Enquiry,3,14.0,Salaried,Female,2,3.0,Deluxe,3.0,Married,1.0,1,1,1,1.0,Manager,19907.0,0,0,0.008657385,0,True
50.0,Company Invited,3,6.0,Salaried,Male,3,3.0,Deluxe,3.0,Married,1.0,0,3,1,1.0,Manager,21728.0,1,1,0.93369186,1,True
32.0,Company Invited,1,9.0,Salaried,Female,2,3.0,Basic,3.0,Single,2.0,0,4,1,0.0,Executive,21209.0,1,0,0.08538125,1,False
37.0,Self Enquiry,1,11.0,Small Business,Male,3,3.0,Deluxe,3.0,Married,1.0,0,3,0,0.0,Manager,21347.0,0,0,0.014142698,0,True
21.0,Company Invited,3,24.0,Small Business,Female,3,3.0,Deluxe,3.0,Married,1.0,1,5,0,1.0,Manager,17625.0,1,1,0.93734586,1,True
52.0,Self Enquiry,3,21.0,Salaried,Female,3,4.0,Deluxe,3.0,Divorced,6.0,0,3,0,2.0,Manager,23614.0,0,0,0.020254012,0,True
35.0,Company Invited,3,13.0,Small Business,Female,3,6.0,Basic,3.0,Married,2.0,0,4,0,2.0,Executive,21029.0,1,1,0.98835593,1,True
34.0,Company Invited,3,29.0,Small Business,Male,4,4.0,Deluxe,4.0,Divorced,2.0,0,2,0,2.0,Manager,24824.0,0,0,0.001535826,0,True
42.0,Self Enquiry,1,14.0,Large Business,Female,3,2.0,Basic,3.0,Divorced,3.0,0,3,1,2.0,Executive,22054.0,0,0,0.010796368,0,True
52.0,Self Enquiry,1,10.0,Salaried,Female,1,3.0,Super Deluxe,3.0,Divorced,3.0,0,5,1,0.0,AVP,31555.0,0,0,5.9392885e-08,0,True
39.0,Company Invited,1,19.0,Salaried,Male,3,5.0,Deluxe,5.0,Married,4.0,0,5,1,1.0,Manager,24966.0,0,0,0.029520841,0,True
31.0,Self Enquiry,1,7.0,Small Business,Male,4,4.0,Basic,4.0,Married,3.0,0,5,0,2.0,Executive,22426.0,0,0,0.026352523,0,True
42.0,Company Invited,3,17.0,Salaried,Male,3,4.0,Deluxe,3.0,Unmarried,2.0,0,1,0,2.0,Manager,24908.0,0,0,0.03928753,0,True
43.0,Self Enquiry,2,9.0,Large Business,Male,3,4.0,Basic,3.0,Married,2.0,1,4,1,2.0,Executive,21374.0,0,1,0.5313372,0,False
56.0,Company Invited,1,9.0,Salaried,Male,4,4.0,Standard,4.0,Married,5.0,0,1,0,2.0,Senior Manager,29654.0,0,0,0.025177117,0,True
32.0,Self Enquiry,1,12.0,Large Business,Male,3,4.0,Basic,3.0,Divorced,2.0,1,4,0,2.0,Executive,23499.0,0,1,0.5634243,0,False
51.0,Company Invited,1,14.0,Salaried,Male,2,5.0,Standard,3.0,Unmarried,3.0,0,2,0,1.0,Senior Manager,25650.0,1,1,0.8555259,1,True
39.0,Company Invited,3,27.0,Salaried,Female,2,5.0,Deluxe,3.0,Married,7.0,0,5,0,0.0,Manager,20736.0,0,0,0.0029840763,0,True
44.0,Company Invited,1,11.0,Salaried,Male,2,4.0,Basic,3.0,Single,4.0,0,1,0,1.0,Executive,18162.0,0,0,0.04128744,0,True
39.0,Self Enquiry,1,25.0,Small Business,Male,3,6.0,Deluxe,3.0,Married,5.0,1,5,0,2.0,Manager,24489.0,0,0,0.24725576,0,True
28.0,Self Enquiry,1,16.0,Small Business,Female,3,4.0,Basic,4.0,Single,3.0,0,3,1,1.0,Executive,20957.0,0,0,0.1976484,0,True
32.0,Company Invited,3,14.0,Small Business,Female,4,4.0,Standard,5.0,Married,4.0,0,1,1,3.0,Senior Manager,28315.0,0,0,0.00023604442,0,True
33.0,Self Enquiry,3,7.0,Small Business,Female,3,4.0,Standard,3.0,Married,3.0,0,5,1,1.0,Senior Manager,29100.0,0,0,0.010781926,0,True
29.0,Self Enquiry,1,13.0,Salaried,Male,2,3.0,Deluxe,3.0,Married,2.0,1,3,0,0.0,Manager,21623.0,0,0,0.011314668,0,True
28.0,Self Enquiry,3,9.0,Small Business,Male,3,4.0,Basic,5.0,Married,2.0,0,5,0,2.0,Executive,21719.0,1,1,0.97071075,1,True
40.0,Self Enquiry,1,7.0,Small Business,Male,3,2.0,Standard,3.0,Married,2.0,0,3,1,1.0,Senior Manager,28291.0,0,0,0.0058539603,0,True
46.0,Self Enquiry,1,36.0,Small Business,Male,3,4.0,Basic,3.0,Unmarried,7.0,0,1,1,1.0,Executive,22130.0,0,0,0.0035241935,0,True
31.0,Company Invited,1,30.0,Salaried,Male,4,6.0,Basic,3.0,Married,3.0,0,3,0,1.0,Executive,21291.0,0,0,0.068853326,0,True
46.0,Company Invited,3,11.0,Small Business,Male,3,3.0,Deluxe,3.0,Single,5.0,1,5,1,1.0,Manager,20772.0,0,1,0.5861839,0,False
34.0,Self Enquiry,1,25.0,Small Business,Male,3,3.0,Basic,3.0,Married,1.0,0,3,0,0.0,Executive,17661.0,0,0,0.014986861,0,True
32.0,Company Invited,1,21.0,Small Business,Female,2,3.0,Deluxe,3.0,Married,6.0,0,3,0,1.0,Manager,21667.0,0,0,0.00015765768,0,True
34.0,Company Invited,1,9.0,Salaried,Male,2,3.0,Deluxe,3.0,Unmarried,1.0,0,1,1,0.0,Manager,22756.0,0,0,0.00015829712,0,True
53.0,Self Enquiry,3,8.0,Small Business,Male,2,3.0,Super Deluxe,3.0,Married,7.0,0,3,1,0.0,AVP,29852.0,0,0,3.894685e-05,0,True
52.0,Company Invited,3,9.0,Small Business,Male,3,4.0,Standard,4.0,Divorced,4.0,0,4,0,1.0,Senior Manager,29274.0,0,0,0.05244236,0,True
41.0,Self Enquiry,1,9.0,Salaried,Male,3,5.0,Basic,3.0,Unmarried,4.0,0,5,0,2.0,Executive,21487.0,0,0,0.099628784,0,True
48.0,Self Enquiry,3,9.0,Salaried,Female,4,5.0,Basic,3.0,Unmarried,3.0,1,2,1,1.0,Executive,21972.0,0,1,0.92357415,0,False
32.0,Company Invited,1,12.0,Small Business,Male,4,4.0,Deluxe,5.0,Single,2.0,0,1,0,3.0,Manager,28614.0,0,0,0.00032778727,0,True
24.0,Self Enquiry,1,11.0,Small Business,Male,3,3.0,Basic,5.0,Divorced,4.0,0,4,0,2.0,Executive,21497.0,0,0,0.06294675,0,True
40.0,Self Enquiry,3,16.0,Small Business,Male,3,4.0,Standard,4.0,Married,3.0,0,4,0,0.0,Senior Manager,24705.0,0,0,0.13276595,0,True
33.0,Self Enquiry,1,10.0,Small Business,Female,2,4.0,Basic,4.0,Married,7.0,0,4,0,1.0,Executive,17622.0,0,0,0.034266155,0,True
46.0,Self Enquiry,3,16.0,Salaried,Female,3,3.0,Standard,4.0,Married,6.0,0,1,0,2.0,Senior Manager,22314.0,1,1,0.82716405,1,True
50.0,Company Invited,3,18.0,Salaried,Male,2,3.0,Deluxe,3.0,Single,4.0,1,3,1,1.0,Manager,31880.0,1,1,0.98659015,1,True
51.0,Self Enquiry,1,13.0,Small Business,Male,2,4.0,Deluxe,3.0,Married,3.0,0,3,1,1.0,Manager,21132.0,0,1,0.6481115,0,False
33.0,Company Invited,1,7.0,Salaried,Male,4,4.0,Basic,3.0,Married,2.0,0,5,1,1.0,Executive,20992.0,0,0,0.029162569,0,True
33.0,Self Enquiry,1,7.0,Small Business,Male,3,4.0,Deluxe,3.0,Divorced,3.0,1,4,1,1.0,Manager,24840.0,0,0,0.22893272,0,True
31.0,Self Enquiry,2,24.0,Salaried,Male,2,1.0,Basic,5.0,Married,1.0,0,1,1,0.0,Executive,17956.0,1,1,0.8480274,1,True
57.0,Self Enquiry,1,30.0,Salaried,Male,2,1.0,Standard,3.0,Married,4.0,1,4,1,0.0,Senior Manager,24439.0,0,0,0.008035936,0,True
24.0,Self Enquiry,1,11.0,Small Business,Male,3,2.0,Basic,5.0,Married,4.0,0,4,0,2.0,Executive,21497.0,0,0,0.048868164,0,True
55.0,Self Enquiry,1,8.0,Salaried,Female,3,3.0,Super Deluxe,3.0,Single,3.0,1,5,0,1.0,AVP,31659.0,0,0,0.00012165133,0,True
50.0,Self Enquiry,1,15.0,Salaried,Female,3,4.0,Standard,4.0,Divorced,6.0,0,4,0,1.0,Senior Manager,26081.0,0,0,0.009929722,0,True
26.0,Self Enquiry,3,10.0,Small Business,Male,2,4.0,Deluxe,3.0,Single,2.0,1,1,1,0.0,Manager,20828.0,1,1,0.98489213,1,True
43.0,Company Invited,1,35.0,Large Business,Female,3,5.0,Deluxe,3.0,Married,2.0,0,3,0,2.0,Manager,23201.0,0,0,0.001274671,0,True
38.0,Self Enquiry,1,35.0,Small Business,Male,3,3.0,Deluxe,5.0,Married,1.0,1,3,1,2.0,Manager,21673.0,1,1,0.9453112,1,True
55.0,Self Enquiry,1,15.0,Salaried,Female,3,4.0,Deluxe,3.0,Unmarried,2.0,0,2,1,1.0,Manager,22458.0,0,0,0.0015190722,0,True
39.0,Company Invited,1,9.0,Salaried,Male,3,4.0,Basic,3.0,Divorced,3.0,1,5,1,2.0,Executive,20380.0,0,1,0.7301724,0,False
22.0,Self Enquiry,3,14.0,Small Business,Male,3,4.0,Basic,4.0,Unmarried,3.0,0,5,1,2.0,Executive,21357.0,1,1,0.90614325,1,True
46.0,Self Enquiry,1,8.0,Salaried,Male,2,3.0,Super Deluxe,3.0,Married,7.0,0,5,1,0.0,AVP,32861.0,0,0,1.1892109e-05,0,True
38.0,Company Invited,1,16.0,Small Business,Male,3,3.0,Basic,3.0,Married,1.0,0,5,0,0.0,Executive,17684.0,0,0,0.030470612,0,True
34.0,Self Enquiry,3,7.0,Small Business,Male,3,2.0,Deluxe,5.0,Married,3.0,0,4,0,1.0,Manager,22715.0,0,0,0.0031241295,0,True
21.0,Company Invited,3,15.0,Small Business,Male,2,3.0,Basic,3.0,Single,2.0,0,4,1,0.0,Executive,17610.0,0,1,0.9197783,0,False
36.0,Self Enquiry,3,22.0,Small Business,Female,3,4.0,Deluxe,5.0,Divorced,5.0,0,5,1,0.0,Manager,20647.0,0,0,0.052250303,0,True
39.0,Self Enquiry,3,16.0,Small Business,Male,4,5.0,Basic,4.0,Divorced,2.0,0,4,0,1.0,Executive,21577.0,0,0,0.05285513,0,True
56.0,Self Enquiry,1,15.0,Small Business,Female,3,4.0,Super Deluxe,3.0,Married,4.0,1,3,0,2.0,AVP,33434.0,0,0,7.745167e-08,0,True
35.0,Company Invited,1,10.0,Salaried,Male,3,5.0,Basic,3.0,Married,5.0,0,1,0,1.0,Executive,21657.0,0,0,0.0039091385,0,True
27.0,Self Enquiry,1,10.0,Salaried,Female,3,3.0,Basic,3.0,Single,2.0,0,1,0,0.0,Executive,17318.0,0,0,0.031186827,0,True
37.0,Self Enquiry,1,10.0,Large Business,Male,2,4.0,Deluxe,4.0,Unmarried,6.0,0,2,1,1.0,Manager,23163.0,0,0,0.004229997,0,True
43.0,Self Enquiry,1,19.0,Small Business,Male,3,4.0,Basic,4.0,Married,2.0,0,1,1,2.0,Executive,21444.0,0,0,0.025962226,0,True
55.0,Self Enquiry,1,8.0,Small Business,Male,2,4.0,King,5.0,Married,1.0,0,5,0,1.0,VP,34038.0,0,0,0.0005612884,0,True
44.0,Self Enquiry,1,9.0,Salaried,Male,2,3.0,Basic,5.0,Divorced,5.0,0,5,1,1.0,Executive,17362.0,1,0,0.27855602,1,False
45.0,Self Enquiry,3,8.0,Large Business,Male,2,5.0,Deluxe,3.0,Unmarried,1.0,0,5,0,0.0,Manager,21632.0,0,0,0.17873353,0,True
39.0,Self Enquiry,1,6.0,Small Business,Male,2,1.0,Standard,3.0,Married,1.0,0,3,1,0.0,Senior Manager,24613.0,0,0,0.0018790676,0,True
28.0,Company Invited,3,9.0,Salaried,Male,3,6.0,Deluxe,3.0,Unmarried,5.0,0,4,1,2.0,Manager,23749.0,0,0,0.07829567,0,True
42.0,Self Enquiry,1,19.0,Large Business,Female,3,4.0,King,3.0,Divorced,3.0,0,4,1,1.0,VP,38223.0,1,1,0.97218525,1,True
33.0,Self Enquiry,1,6.0,Salaried,Female,2,4.0,Deluxe,3.0,Unmarried,1.0,0,4,0,0.0,Manager,21949.0,0,0,0.0016126767,0,True
45.0,Self Enquiry,1,35.0,Large Business,Male,2,3.0,Standard,3.0,Divorced,5.0,1,5,1,0.0,Senior Manager,24380.0,0,0,0.20637442,0,True
30.0,Self Enquiry,3,14.0,Salaried,Male,3,3.0,Standard,3.0,Married,6.0,0,3,1,0.0,Senior Manager,22264.0,0,0,0.41521496,0,True
55.0,Self Enquiry,3,10.0,Small Business,Female,3,4.0,Deluxe,5.0,Married,4.0,0,4,1,1.0,Manager,24618.0,0,0,0.014887087,0,True
37.0,Self Enquiry,1,34.0,Small Business,Male,4,4.0,Deluxe,3.0,Married,8.0,0,3,0,1.0,Manager,23915.0,0,0,0.063314654,0,True
36.0,Company Invited,1,8.0,Small Business,Male,4,4.0,Basic,4.0,Married,3.0,1,3,1,1.0,Executive,22927.0,1,1,0.9004431,1,True
43.0,Self Enquiry,3,22.0,Small Business,Female,3,3.0,Super Deluxe,3.0,Married,6.0,1,3,0,0.0,AVP,31064.0,0,0,0.000118729426,0,True
37.0,Self Enquiry,1,17.0,Large Business,Female,4,4.0,Standard,3.0,Divorced,5.0,0,3,0,3.0,Senior Manager,25772.0,0,0,0.040091425,0,True
30.0,Self Enquiry,3,12.0,Small Business,Male,3,5.0,Deluxe,4.0,Married,3.0,1,5,0,1.0,Manager,22865.0,0,0,0.44686753,0,True
33.0,Company Invited,3,12.0,Salaried,Male,3,4.0,Deluxe,4.0,Married,3.0,0,3,1,2.0,Manager,25202.0,0,0,0.041902423,0,True
59.0,Self Enquiry,3,6.0,Large Business,Male,3,3.0,Standard,3.0,Divorced,4.0,1,2,0,1.0,Senior Manager,26904.0,0,0,0.02128616,0,True
28.0,Self Enquiry,1,7.0,Large Business,Male,3,4.0,Basic,5.0,Single,7.0,0,3,1,1.0,Executive,17080.0,1,1,0.99043167,1,True
32.0,Self Enquiry,1,8.0,Large Business,Male,3,3.0,Basic,5.0,Single,2.0,0,1,1,1.0,Executive,17439.0,0,1,0.77789825,0,False
46.0,Self Enquiry,3,6.0,Small Business,Female,3,3.0,Standard,5.0,Married,2.0,0,2,1,1.0,Senior Manager,25453.0,0,0,0.0024299691,0,True
36.0,Company Invited,1,32.0,Salaried,Female,4,4.0,Basic,4.0,Married,3.0,1,3,0,1.0,Executive,20700.0,1,1,0.9779297,1,True
43.0,Self Enquiry,1,9.0,Small Business,Female,3,5.0,Basic,5.0,Married,2.0,1,4,1,1.0,Executive,21271.0,0,0,0.37354976,0,True
42.0,Self Enquiry,3,20.0,Small Business,Female,3,4.0,Deluxe,3.0,Single,1.0,0,3,1,0.0,Manager,21244.0,0,0,0.052296773,0,True
43.0,Self Enquiry,1,18.0,Salaried,Male,2,4.0,Super Deluxe,4.0,Married,2.0,0,3,1,1.0,AVP,29336.0,0,0,2.5980803e-06,0,True
35.0,Self Enquiry,1,34.0,Small Business,Female,4,4.0,Basic,4.0,Single,4.0,0,3,0,1.0,Executive,20989.0,0,0,0.1848816,0,True
47.0,Self Enquiry,2,12.0,Small Business,Male,4,4.0,Deluxe,4.0,Married,2.0,1,5,0,2.0,Manager,23699.0,0,0,0.07793325,0,True
36.0,Company Invited,3,9.0,Small Business,Male,2,4.0,Standard,3.0,Divorced,5.0,0,2,0,1.0,Senior Manager,24699.0,0,0,0.027035145,0,True
30.0,Self Enquiry,1,10.0,Small Business,Male,4,5.0,Standard,3.0,Married,3.0,0,1,0,3.0,Senior Manager,30613.0,0,0,0.00065323873,0,True
31.0,Company Invited,3,32.0,Small Business,Male,3,3.0,Deluxe,3.0,Married,2.0,1,3,0,1.0,Manager,20617.0,1,1,0.9490132,1,True
36.0,Self Enquiry,1,29.0,Salaried,Female,4,3.0,Standard,4.0,Married,2.0,0,5,1,2.0,Senior Manager,30674.0,0,0,0.01794717,0,True
43.0,Self Enquiry,1,14.0,Small Business,Female,4,2.0,Deluxe,4.0,Divorced,8.0,1,1,0,1.0,Manager,21050.0,0,0,6.629667e-05,0,True
38.0,Self Enquiry,3,8.0,Small Business,Male,2,3.0,Standard,4.0,Unmarried,1.0,0,4,1,1.0,Senior Manager,22351.0,0,0,0.13628003,0,True
27.0,Company Invited,3,6.0,Small Business,Male,3,3.0,Deluxe,4.0,Divorced,1.0,1,2,0,2.0,Manager,21349.0,0,0,0.00039879206,0,True
40.0,Company Invited,1,9.0,Large Business,Female,4,4.0,Standard,3.0,Single,2.0,0,1,1,3.0,Senior Manager,29616.0,0,0,7.539142e-05,0,True
28.0,Self Enquiry,1,9.0,Salaried,Female,3,4.0,Basic,5.0,Married,3.0,0,3,1,2.0,Executive,21019.0,0,1,0.59786254,0,False
29.0,Self Enquiry,1,24.0,Small Business,Male,4,4.0,Deluxe,5.0,Married,3.0,0,2,0,1.0,Manager,23236.0,0,0,0.079175174,0,True
33.0,Company Invited,3,33.0,Small Business,Male,4,4.0,Deluxe,3.0,Married,2.0,0,4,1,2.0,Manager,23143.0,0,0,0.053584427,0,True
48.0,Self Enquiry,1,6.0,Salaried,Male,3,4.0,Standard,3.0,Single,1.0,1,5,0,0.0,Senior Manager,20381.0,1,1,0.9512033,1,True
23.0,Self Enquiry,1,9.0,Large Business,Male,4,4.0,Basic,3.0,Divorced,2.0,0,5,1,3.0,Executive,21201.0,0,0,0.10844369,0,True
43.0,Company Invited,1,33.0,Salaried,Female,2,3.0,Standard,5.0,Married,1.0,0,4,1,0.0,Senior Manager,25820.0,0,0,0.08328346,0,True
36.0,Self Enquiry,1,9.0,Salaried,Female,4,4.0,Basic,5.0,Married,3.0,1,1,1,2.0,Executive,20752.0,1,1,0.85240793,1,True
38.0,Self Enquiry,1,7.0,Salaried,Male,3,5.0,Deluxe,3.0,Married,3.0,0,5,0,1.0,Manager,24671.0,0,0,0.019520327,0,True
37.0,Self Enquiry,1,16.0,Small Business,Male,4,5.0,Basic,3.0,Divorced,2.0,1,2,0,2.0,Executive,22066.0,1,1,0.8786136,1,True
32.0,Self Enquiry,1,9.0,Salaried,Female,2,3.0,Standard,3.0,Unmarried,4.0,0,2,1,1.0,Senior Manager,26159.0,0,0,0.0004387216,0,True
20.0,Self Enquiry,1,16.0,Small Business,Male,2,3.0,Basic,3.0,Single,2.0,1,5,0,0.0,Executive,16009.0,1,1,0.9659448,1,True
34.0,Company Invited,3,32.0,Small Business,Female,3,4.0,Deluxe,3.0,Divorced,3.0,0,3,0,2.0,Manager,23217.0,0,0,0.0022227655,0,True
33.0,Self Enquiry,1,13.0,Salaried,Male,3,4.0,Basic,3.0,Unmarried,5.0,0,2,0,2.0,Executive,21716.0,0,0,0.02319148,0,True
42.0,Self Enquiry,3,27.0,Small Business,Female,4,4.0,Basic,4.0,Unmarried,3.0,1,4,0,3.0,Executive,21818.0,1,1,0.99409884,1,True
37.0,Company Invited,3,18.0,Large Business,Female,4,4.0,Standard,3.0,Divorced,2.0,0,5,0,1.0,Senior Manager,28416.0,0,0,0.02152781,0,True
50.0,Company Invited,1,6.0,Salaried,Female,3,3.0,King,4.0,Married,4.0,1,1,0,2.0,VP,33172.0,0,0,1.1067351e-06,0,True
34.0,Self Enquiry,3,15.0,Salaried,Female,3,3.0,Deluxe,3.0,Married,2.0,0,1,0,0.0,Manager,20714.0,0,0,0.0069784094,0,True
34.0,Self Enquiry,1,35.0,Salaried,Male,4,4.0,Deluxe,3.0,Married,3.0,1,1,1,1.0,Manager,23885.0,0,0,0.034333218,0,True
41.0,Self Enquiry,3,8.0,Salaried,Female,3,3.0,Super Deluxe,5.0,Divorced,1.0,0,5,1,1.0,AVP,31595.0,0,0,3.8715975e-06,0,True
35.0,Self Enquiry,1,24.0,Salaried,Female,3,4.0,Basic,3.0,Unmarried,3.0,1,5,1,1.0,Executive,23216.0,1,1,0.7523707,1,True
24.0,Self Enquiry,1,11.0,Small Business,Female,3,4.0,Basic,4.0,Unmarried,3.0,0,3,1,2.0,Executive,21973.0,0,0,0.17329043,0,True
31.0,Self Enquiry,2,16.0,Salaried,Male,3,4.0,Deluxe,3.0,Divorced,2.0,1,3,1,2.0,Manager,25025.0,0,0,0.1507226,0,True
20.0,Self Enquiry,3,12.0,Salaried,Male,4,4.0,Standard,4.0,Unmarried,2.0,1,4,1,1.0,Senior Manager,21672.0,1,1,0.92246026,1,True
38.0,Company Invited,1,8.0,Small Business,Female,2,4.0,Basic,4.0,Single,2.0,0,1,1,0.0,Executive,17440.0,0,0,0.017300677,0,True
53.0,Self Enquiry,1,12.0,Salaried,Male,2,3.0,Deluxe,3.0,Single,3.0,0,5,1,1.0,Manager,17450.0,0,0,0.01732507,0,True
33.0,Self Enquiry,1,9.0,Small Business,Female,4,3.0,Deluxe,3.0,Unmarried,2.0,0,3,1,3.0,Manager,23733.0,0,0,0.0005424337,0,True
35.0,Company Invited,3,9.0,Small Business,Female,4,4.0,Basic,3.0,Married,8.0,0,5,0,1.0,Executive,20909.0,0,0,0.001326816,0,True
39.0,Company Invited,1,17.0,Small Business,Male,4,4.0,Basic,3.0,Divorced,2.0,0,5,0,3.0,Executive,21362.0,0,0,0.0213086,0,True
38.0,Company Invited,1,35.0,Salaried,Female,2,3.0,Deluxe,3.0,Single,2.0,0,3,1,0.0,Manager,17406.0,0,0,0.0030430525,0,True
47.0,Self Enquiry,1,8.0,Salaried,Female,2,3.0,Super Deluxe,3.0,Divorced,2.0,1,4,1,0.0,AVP,31752.0,0,0,8.28946e-07,0,True
31.0,Self Enquiry,3,17.0,Small Business,Male,4,5.0,Deluxe,3.0,Married,3.0,0,1,0,2.0,Manager,25256.0,0,0,0.0036587308,0,True
40.0,Self Enquiry,2,24.0,Salaried,Male,2,1.0,Basic,5.0,Married,1.0,0,1,1,1.0,Executive,17387.0,1,1,0.88022596,1,True
28.0,Company Invited,1,12.0,Salaried,Male,2,4.0,Basic,3.0,Married,2.0,1,4,1,1.0,Executive,17703.0,0,1,0.7668796,0,False
30.0,Self Enquiry,1,15.0,Salaried,Male,4,6.0,Basic,5.0,Married,3.0,1,3,0,2.0,Executive,20797.0,1,1,0.9418924,1,True
42.0,Self Enquiry,3,13.0,Salaried,Female,4,4.0,Standard,3.0,Single,5.0,1,1,0,1.0,Senior Manager,32269.0,0,0,0.024446405,0,True
26.0,Self Enquiry,1,13.0,Small Business,Female,2,4.0,Standard,5.0,Married,1.0,1,4,1,1.0,Senior Manager,17875.0,1,1,0.93421715,1,True
36.0,Company Invited,3,9.0,Small Business,Male,2,4.0,Standard,3.0,Married,5.0,0,1,0,0.0,Senior Manager,24699.0,0,0,0.033380173,0,True
42.0,Self Enquiry,1,8.0,Small Business,Male,2,3.0,Super Deluxe,5.0,Divorced,1.0,0,3,1,1.0,AVP,32665.0,0,0,1.7540167e-08,0,True
35.0,Self Enquiry,3,14.0,Large Business,Male,3,4.0,Basic,3.0,Married,2.0,1,1,0,2.0,Executive,20986.0,0,1,0.8088195,0,False
31.0,Self Enquiry,3,13.0,Salaried,Male,2,4.0,Basic,3.0,Married,4.0,0,4,1,1.0,Executive,17329.0,0,0,0.13051836,0,True
37.0,Self Enquiry,3,10.0,Salaried,Male,3,5.0,Standard,3.0,Divorced,3.0,1,2,1,1.0,Senior Manager,29003.0,1,1,0.94930935,1,True
44.0,Self Enquiry,3,11.0,Small Business,Male,2,3.0,King,4.0,Divorced,1.0,0,5,1,1.0,VP,33213.0,0,0,0.00105456,0,True
29.0,Self Enquiry,1,27.0,Salaried,Female,2,2.0,Standard,5.0,Married,2.0,0,5,1,1.0,Senior Manager,24980.0,0,0,0.036689043,0,True
45.0,Self Enquiry,3,17.0,Salaried,Female,2,3.0,Super Deluxe,3.0,Divorced,4.0,0,4,1,1.0,AVP,32650.0,0,0,1.9699473e-05,0,True
25.0,Self Enquiry,1,36.0,Small Business,Male,4,4.0,Basic,5.0,Married,3.0,0,4,1,2.0,Executive,22585.0,0,0,0.39779422,0,True
27.0,Company Invited,1,15.0,Small Business,Male,2,3.0,Basic,4.0,Married,7.0,0,3,0,0.0,Executive,17024.0,0,0,0.31286126,0,True
27.0,Company Invited,1,10.0,Large Business,Male,4,4.0,Basic,5.0,Unmarried,2.0,0,3,0,3.0,Executive,21780.0,1,1,0.7961669,1,True
45.0,Self Enquiry,1,16.0,Salaried,Male,4,4.0,Basic,5.0,Divorced,3.0,1,3,1,1.0,Executive,21237.0,0,1,0.7188531,0,False
37.0,Self Enquiry,2,16.0,Large Business,Female,3,4.0,Basic,3.0,Married,3.0,0,1,1,1.0,Executive,24088.0,1,0,0.035836376,1,False
47.0,Self Enquiry,3,17.0,Small Business,Female,4,5.0,Standard,3.0,Divorced,4.0,1,2,1,2.0,Senior Manager,27749.0,0,0,0.03091494,0,True
33.0,Self Enquiry,1,9.0,Small Business,Female,4,4.0,Basic,4.0,Divorced,3.0,0,4,0,1.0,Executive,21048.0,0,0,0.0037958093,0,True
31.0,Self Enquiry,3,19.0,Large Business,Female,3,4.0,Deluxe,3.0,Unmarried,2.0,0,2,1,1.0,Manager,25255.0,0,0,0.002871066,0,True
44.0,Self Enquiry,2,6.0,Small Business,Male,3,4.0,Standard,5.0,Divorced,1.0,0,4,1,0.0,Senior Manager,25482.0,1,0,0.22123967,1,False
41.0,Company Invited,3,31.0,Salaried,Female,4,2.0,Super Deluxe,4.0,Single,6.0,1,3,1,1.0,AVP,31872.0,1,1,0.98614895,1,True
46.0,Company Invited,1,14.0,Salaried,Male,4,3.0,Deluxe,3.0,Divorced,6.0,0,2,0,3.0,Manager,25112.0,0,0,0.0012403349,0,True
24.0,Self Enquiry,1,6.0,Small Business,Male,3,3.0,Basic,3.0,Divorced,3.0,1,3,1,2.0,Executive,17293.0,1,1,0.88292414,1,True
30.0,Self Enquiry,1,16.0,Small Business,Female,3,4.0,Basic,3.0,Married,2.0,0,5,1,2.0,Executive,21652.0,0,0,0.067819394,0,True
35.0,Company Invited,1,31.0,Salaried,Female,3,3.0,Basic,4.0,Married,2.0,1,3,1,1.0,Executive,17022.0,1,1,0.9342588,1,True
35.0,Self Enquiry,3,9.0,Salaried,Male,3,3.0,Standard,3.0,Married,7.0,0,5,0,2.0,Senior Manager,22823.0,0,0,0.026060253,0,True
34.0,Company Invited,1,10.0,Salaried,Female,3,4.0,Basic,3.0,Divorced,3.0,1,5,1,2.0,Executive,21587.0,0,1,0.8327833,0,False
52.0,Self Enquiry,1,5.0,Salaried,Male,2,3.0,Standard,4.0,Unmarried,1.0,0,3,1,1.0,Senior Manager,25445.0,0,0,0.03738416,0,True
32.0,Self Enquiry,3,14.0,Large Business,Male,4,3.0,Deluxe,3.0,Divorced,6.0,0,2,1,1.0,Manager,25607.0,0,0,0.09901233,0,True
31.0,Self Enquiry,1,23.0,Salaried,Male,3,4.0,Basic,3.0,Married,3.0,0,1,0,1.0,Executive,21540.0,0,0,0.015470685,0,True
50.0,Self Enquiry,3,9.0,Small Business,Male,2,4.0,Basic,3.0,Married,2.0,1,4,1,1.0,Executive,17683.0,1,1,0.83436775,1,True
36.0,Company Invited,3,25.0,Small Business,Female,4,4.0,Deluxe,3.0,Divorced,2.0,1,5,1,3.0,Manager,23292.0,1,1,0.9385871,1,True
52.0,Self Enquiry,3,31.0,Small Business,Female,3,5.0,Deluxe,4.0,Unmarried,2.0,1,5,1,2.0,Manager,21516.0,1,1,0.9149613,1,True
39.0,Self Enquiry,1,24.0,Salaried,Female,4,5.0,Standard,3.0,Divorced,2.0,0,2,0,3.0,Senior Manager,27501.0,0,0,0.05410377,0,True
33.0,Company Invited,3,22.0,Salaried,Female,2,3.0,Deluxe,3.0,Married,2.0,1,1,0,0.0,Manager,20368.0,0,0,0.005328789,0,True
40.0,Company Invited,1,15.0,Salaried,Female,3,4.0,Basic,3.0,Divorced,3.0,0,2,0,1.0,Executive,22433.0,0,0,0.00092531886,0,True
37.0,Self Enquiry,2,20.0,Salaried,Male,3,4.0,Basic,4.0,Divorced,6.0,0,3,1,1.0,Executive,20821.0,0,0,0.11678985,0,True
40.0,Self Enquiry,1,10.0,Small Business,Female,2,3.0,King,3.0,Married,2.0,0,5,1,1.0,VP,34033.0,0,0,1.7413637e-05,0,True
22.0,Self Enquiry,3,19.0,Salaried,Female,3,2.0,Basic,4.0,Unmarried,3.0,0,5,0,2.0,Executive,21394.0,1,1,0.79501307,1,True
26.0,Self Enquiry,1,6.0,Salaried,Female,2,4.0,Basic,3.0,Married,2.0,1,4,0,0.0,Executive,17933.0,0,0,0.46269688,0,True
32.0,Company Invited,1,16.0,Small Business,Male,3,5.0,Basic,5.0,Single,2.0,1,3,1,1.0,Executive,20999.0,1,1,0.94564587,1,True
48.0,Company Invited,3,34.0,Salaried,Female,4,2.0,Deluxe,3.0,Unmarried,6.0,1,4,0,2.0,Manager,25075.0,1,1,0.9892359,1,True
35.0,Self Enquiry,1,29.0,Salaried,Male,2,4.0,Deluxe,3.0,Divorced,4.0,1,4,1,1.0,Manager,20916.0,1,1,0.69407123,1,True
40.0,Self Enquiry,1,25.0,Salaried,Male,3,4.0,Deluxe,3.0,Unmarried,2.0,0,3,0,1.0,Manager,23212.0,0,0,0.014435243,0,True
30.0,Self Enquiry,3,16.0,Small Business,Male,3,4.0,Deluxe,3.0,Married,2.0,0,1,0,1.0,Manager,21578.0,0,0,0.00523694,0,True
30.0,Company Invited,1,9.0,Small Business,Male,3,5.0,Basic,5.0,Unmarried,2.0,0,4,1,2.0,Executive,22017.0,1,1,0.8802104,1,True
29.0,Self Enquiry,3,9.0,Small Business,Female,3,4.0,Deluxe,4.0,Married,3.0,1,3,1,2.0,Manager,23457.0,0,0,0.05330138,0,True
27.0,Self Enquiry,3,36.0,Small Business,Male,3,4.0,Deluxe,3.0,Married,7.0,0,5,0,1.0,Manager,22984.0,0,0,0.049964655,0,True
34.0,Self Enquiry,3,21.0,Small Business,Female,3,3.0,Deluxe,5.0,Single,2.0,0,1,1,2.0,Manager,21125.0,0,0,0.013517717,0,True
30.0,Self Enquiry,1,13.0,Small Business,Female,3,4.0,Basic,3.0,Married,3.0,0,3,0,2.0,Executive,21809.0,0,0,0.002724947,0,True
29.0,Company Invited,1,8.0,Small Business,Male,2,4.0,Basic,5.0,Single,1.0,0,4,1,1.0,Executive,18339.0,1,1,0.7708134,1,True
36.0,Self Enquiry,3,25.0,Small Business,Female,3,4.0,Deluxe,3.0,Married,3.0,0,4,1,2.0,Manager,23279.0,0,0,0.023888584,0,True
38.0,Company Invited,1,17.0,Small Business,Male,4,4.0,Standard,3.0,Married,8.0,0,3,1,3.0,Senior Manager,28726.0,1,1,0.9102972,1,True
35.0,Self Enquiry,1,27.0,Large Business,Female,3,2.0,Basic,3.0,Divorced,2.0,0,1,1,1.0,Executive,21263.0,0,0,0.0032173616,0,True
29.0,Self Enquiry,1,10.0,Large Business,Female,3,4.0,Basic,5.0,Married,2.0,0,4,0,0.0,Executive,17109.0,0,0,0.3550293,0,True
19.0,Self Enquiry,3,16.0,Small Business,Male,3,4.0,Basic,3.0,Single,3.0,0,5,0,2.0,Executive,20289.0,1,1,0.92281014,1,True
28.0,Self Enquiry,1,6.0,Salaried,Female,3,5.0,Basic,4.0,Single,1.0,1,2,1,0.0,Executive,17216.0,1,1,0.7330469,1,True
37.0,Company Invited,3,25.0,Small Business,Male,2,3.0,Standard,4.0,Unmarried,2.0,1,5,0,0.0,Senior Manager,22642.0,0,1,0.8978554,0,False
44.0,Self Enquiry,3,34.0,Small Business,Female,2,1.0,Super Deluxe,3.0,Married,4.0,1,1,1,0.0,AVP,28320.0,0,0,5.5355213e-05,0,True
22.0,Self Enquiry,1,14.0,Salaried,Male,3,5.0,Basic,5.0,Divorced,2.0,0,2,1,0.0,Executive,17451.0,0,1,0.50052154,0,False
32.0,Self Enquiry,1,11.0,Salaried,Male,3,1.0,Basic,4.0,Married,1.0,1,1,1,2.0,Executive,18298.0,0,0,0.3094851,0,True
31.0,Company Invited,1,9.0,Small Business,Male,3,3.0,Standard,3.0,Married,1.0,0,4,1,2.0,Senior Manager,28675.0,0,0,0.015541341,0,True
31.0,Company Invited,3,6.0,Salaried,Female,2,5.0,Basic,3.0,Single,2.0,0,3,1,1.0,Executive,16359.0,1,1,0.91960996,1,True
29.0,Self Enquiry,1,24.0,Small Business,Male,2,4.0,Basic,3.0,Single,2.0,1,3,0,1.0,Executive,17389.0,1,1,0.96132314,1,True
33.0,Company Invited,3,6.0,Salaried,Female,2,2.0,Deluxe,5.0,Divorced,3.0,0,3,1,0.0,Manager,20376.0,0,0,0.0053399387,0,True
48.0,Self Enquiry,1,6.0,Salaried,Male,3,4.0,Standard,3.0,Single,1.0,1,5,0,2.0,Senior Manager,20381.0,1,1,0.9655589,1,True
41.0,Self Enquiry,3,6.0,Salaried,Female,3,3.0,Deluxe,3.0,Single,1.0,1,4,0,2.0,Manager,20993.0,1,1,0.90572727,1,True
30.0,Self Enquiry,1,11.0,Large Business,Female,2,3.0,Basic,5.0,Married,6.0,0,5,1,1.0,Executive,18204.0,0,0,0.26199934,0,True
42.0,Self Enquiry,1,7.0,Salaried,Male,4,4.0,Basic,3.0,Married,5.0,0,1,0,1.0,Executive,21460.0,0,0,0.0010245761,0,True
29.0,Self Enquiry,1,16.0,Small Business,Female,4,4.0,Basic,3.0,Married,7.0,0,3,0,1.0,Executive,21055.0,0,0,0.0014502108,0,True
40.0,Self Enquiry,2,9.0,Salaried,Female,3,5.0,Deluxe,3.0,Divorced,2.0,0,3,0,1.0,Manager,23882.0,0,0,0.013605429,0,True
40.0,Self Enquiry,3,10.0,Small Business,Female,3,4.0,Deluxe,3.0,Married,6.0,1,4,1,2.0,Manager,23916.0,1,0,0.12905306,1,False
33.0,Self Enquiry,1,15.0,Small Business,Male,2,3.0,Basic,3.0,Married,1.0,0,1,0,1.0,Executive,17781.0,0,0,0.000813062,0,True
31.0,Company Invited,3,19.0,Salaried,Male,4,5.0,Basic,5.0,Married,3.0,0,5,1,3.0,Executive,20711.0,1,1,0.95127106,1,True
38.0,Company Invited,1,18.0,Salaried,Male,3,4.0,Standard,3.0,Married,3.0,1,3,1,2.0,Senior Manager,30863.0,0,0,0.05533806,0,True
38.0,Self Enquiry,1,32.0,Small Business,Female,3,5.0,Deluxe,3.0,Married,2.0,0,3,0,2.0,Manager,24409.0,0,0,0.01614667,0,True
48.0,Company Invited,1,6.0,Small Business,Male,2,1.0,Super Deluxe,3.0,Single,3.0,0,2,0,0.0,AVP,31885.0,0,0,6.878638e-08,0,True
44.0,Self Enquiry,1,15.0,Salaried,Female,4,4.0,Deluxe,3.0,Married,6.0,1,2,0,1.0,Manager,23200.0,0,0,0.0008058954,0,True
36.0,Self Enquiry,1,13.0,Salaried,Male,4,4.0,Basic,3.0,Divorced,2.0,1,3,1,2.0,Executive,22184.0,0,0,0.3503121,0,True
29.0,Company Invited,1,31.0,Large Business,Male,4,5.0,Standard,5.0,Unmarried,3.0,0,2,0,1.0,Senior Manager,27400.0,1,0,0.034287795,1,False
30.0,Company Invited,1,29.0,Salaried,Male,3,5.0,Basic,3.0,Married,2.0,0,3,0,0.0,Executive,17613.0,0,0,0.095013134,0,True
34.0,Company Invited,1,12.0,Salaried,Female,4,4.0,Standard,4.0,Married,8.0,0,3,1,2.0,Senior Manager,30556.0,0,0,0.031541515,0,True
27.0,Self Enquiry,1,14.0,Small Business,Female,3,5.0,Standard,5.0,Married,2.0,1,4,1,2.0,Senior Manager,21553.0,1,1,0.9383106,1,True
39.0,Self Enquiry,1,6.0,Salaried,Female,3,4.0,Super Deluxe,3.0,Divorced,2.0,0,3,0,1.0,AVP,27742.0,0,0,1.0620259e-08,0,True
53.0,Company Invited,1,26.0,Small Business,Male,3,4.0,Basic,3.0,Divorced,2.0,0,3,1,1.0,Executive,22936.0,0,0,0.039888144,0,True
35.0,Self Enquiry,3,15.0,Salaried,Female,4,4.0,Deluxe,5.0,Divorced,7.0,0,2,1,1.0,Manager,25178.0,0,0,0.1215213,0,True
28.0,Self Enquiry,1,11.0,Salaried,Male,3,2.0,Deluxe,4.0,Married,3.0,1,4,1,1.0,Manager,24820.0,0,0,0.049629733,0,True
27.0,Self Enquiry,3,8.0,Small Business,Male,2,3.0,Basic,5.0,Married,1.0,0,5,1,1.0,Executive,18041.0,1,1,0.95368904,1,True
42.0,Company Invited,1,8.0,Salaried,Male,2,3.0,Super Deluxe,3.0,Divorced,1.0,1,4,0,1.0,AVP,32861.0,0,0,6.6495504e-06,0,True
36.0,Company Invited,3,16.0,Small Business,Male,2,3.0,Standard,3.0,Unmarried,2.0,0,2,1,1.0,Senior Manager,24980.0,0,0,0.039117392,0,True
47.0,Self Enquiry,3,7.0,Small Business,Female,4,4.0,Standard,5.0,Married,3.0,0,1,1,3.0,Senior Manager,29131.0,0,0,0.00037236017,0,True
35.0,Self Enquiry,1,17.0,Salaried,Male,3,4.0,Basic,4.0,Married,3.0,0,2,1,1.0,Executive,20686.0,0,0,0.19162074,0,True
44.0,Self Enquiry,3,6.0,Small Business,Female,3,3.0,Deluxe,5.0,Married,6.0,1,1,1,1.0,Manager,20454.0,0,0,0.008928669,0,True
51.0,Self Enquiry,3,27.0,Small Business,Male,3,3.0,Deluxe,3.0,Single,1.0,1,5,1,1.0,Manager,20441.0,0,1,0.62538815,0,False
35.0,Self Enquiry,1,15.0,Small Business,Female,4,4.0,Deluxe,3.0,Unmarried,5.0,0,4,1,2.0,Manager,24820.0,0,0,0.025817115,0,True
58.0,Self Enquiry,1,11.0,Large Business,Female,2,4.0,Standard,4.0,Married,3.0,1,5,1,1.0,Senior Manager,25552.0,0,0,0.01272285,0,True
59.0,Self Enquiry,2,12.0,Small Business,Male,2,3.0,Basic,3.0,Married,1.0,0,4,0,0.0,Executive,17267.0,0,0,0.010013031,0,True
40.0,Self Enquiry,1,26.0,Salaried,Male,3,4.0,Deluxe,3.0,Married,2.0,0,5,1,1.0,Manager,22580.0,0,0,0.0068455264,0,True
37.0,Company Invited,3,6.0,Small Business,Male,2,5.0,Deluxe,3.0,Married,2.0,0,1,0,1.0,Manager,24525.0,0,0,0.00085603684,0,True
47.0,Self Enquiry,1,9.0,Large Business,Male,3,4.0,Deluxe,3.0,Married,4.0,0,2,1,1.0,Manager,26057.0,0,0,0.007284146,0,True
34.0,Self Enquiry,2,10.0,Salaried,Male,3,4.0,Basic,4.0,Married,5.0,1,5,0,2.0,Executive,20955.0,0,0,0.44603363,0,True
37.0,Self Enquiry,1,9.0,Salaried,Female,3,4.0,Deluxe,4.0,Unmarried,2.0,1,3,1,1.0,Manager,24088.0,0,0,0.01097594,0,True
47.0,Company Invited,3,33.0,Salaried,Female,3,1.0,Deluxe,3.0,Unmarried,5.0,1,4,0,1.0,Manager,21397.0,1,1,0.9904103,1,True
31.0,Self Enquiry,1,16.0,Small Business,Male,3,5.0,Basic,3.0,Single,3.0,0,4,0,2.0,Executive,20884.0,0,0,0.29251644,0,True
35.0,Self Enquiry,3,23.0,Salaried,Male,3,3.0,Deluxe,5.0,Divorced,4.0,1,3,1,1.0,Manager,23966.0,0,1,0.7679154,0,False
23.0,Self Enquiry,1,7.0,Salaried,Male,3,5.0,Deluxe,3.0,Divorced,8.0,0,2,1,1.0,Manager,23453.0,0,0,0.030528959,0,True
22.0,Self Enquiry,1,14.0,Salaried,Male,3,5.0,Basic,5.0,Married,2.0,0,1,0,1.0,Executive,17451.0,0,1,0.7218195,0,False
59.0,Self Enquiry,2,12.0,Small Business,Male,2,3.0,Basic,3.0,Divorced,1.0,0,4,1,0.0,Executive,17267.0,0,0,0.019122716,0,True
21.0,Self Enquiry,1,16.0,Salaried,Female,2,4.0,Basic,5.0,Single,2.0,0,3,0,1.0,Executive,16416.0,1,1,0.926493,1,True
38.0,Self Enquiry,3,13.0,Small Business,Female,2,2.0,Deluxe,5.0,Married,2.0,1,3,0,0.0,Manager,20605.0,0,0,0.06319373,0,True
31.0,Self Enquiry,3,12.0,Small Business,Male,3,1.0,Deluxe,3.0,Married,5.0,0,5,1,1.0,Manager,20460.0,0,0,0.0049422598,0,True
32.0,Self Enquiry,3,13.0,Small Business,Male,4,3.0,Deluxe,3.0,Married,6.0,0,5,1,3.0,Manager,24138.0,0,0,0.011648452,0,True
37.0,Company Invited,3,10.0,Small Business,Male,3,5.0,Standard,3.0,Married,6.0,0,1,0,1.0,Senior Manager,28377.0,0,0,0.019706635,0,True
26.0,Company Invited,1,9.0,Salaried,Male,4,2.0,Deluxe,3.0,Married,3.0,0,1,0,2.0,Manager,23884.0,0,0,0.0002120929,0,True
54.0,Self Enquiry,1,25.0,Small Business,Female,3,3.0,Deluxe,5.0,Married,1.0,1,3,0,2.0,Manager,20485.0,0,0,0.041970387,0,True
35.0,Self Enquiry,1,22.0,Small Business,Male,2,1.0,Basic,4.0,Married,1.0,0,4,1,1.0,Executive,17426.0,0,0,0.060618874,0,True
56.0,Self Enquiry,3,20.0,Small Business,Male,3,2.0,Super Deluxe,3.0,Single,8.0,1,3,1,2.0,AVP,32373.0,1,1,0.9370558,1,True
29.0,Self Enquiry,1,15.0,Salaried,Female,4,4.0,Basic,3.0,Unmarried,3.0,0,4,1,2.0,Executive,21988.0,0,0,0.16917495,0,True
29.0,Self Enquiry,3,29.0,Salaried,Female,2,4.0,Standard,5.0,Married,2.0,0,3,1,1.0,Senior Manager,22336.0,1,1,0.90507287,1,True
46.0,Company Invited,1,14.0,Salaried,Male,4,4.0,Standard,5.0,Married,3.0,0,2,1,3.0,Senior Manager,23888.0,0,0,0.266961,0,True
41.0,Self Enquiry,3,26.0,Small Business,Female,3,3.0,Basic,4.0,Single,2.0,1,4,0,1.0,Executive,18140.0,1,1,0.9645055,1,True
34.0,Self Enquiry,3,14.0,Large Business,Male,3,1.0,Deluxe,3.0,Married,2.0,0,1,0,2.0,Manager,21799.0,0,0,0.0040761996,0,True
25.0,Self Enquiry,1,28.0,Large Business,Male,3,5.0,Basic,5.0,Married,2.0,0,3,0,1.0,Executive,20974.0,0,1,0.5143973,0,False
56.0,Company Invited,3,9.0,Salaried,Female,3,5.0,Basic,3.0,Single,2.0,0,5,0,1.0,Executive,32255.0,1,1,0.995628,1,True
37.0,Self Enquiry,3,16.0,Salaried,Female,2,4.0,Deluxe,3.0,Married,3.0,1,4,0,0.0,Manager,21694.0,0,0,0.042542126,0,True
25.0,Self Enquiry,3,7.0,Large Business,Female,4,4.0,Basic,4.0,Unmarried,3.0,1,4,0,1.0,Executive,21880.0,1,1,0.960526,1,True
32.0,Company Invited,1,10.0,Small Business,Male,4,4.0,Standard,3.0,Married,2.0,0,4,1,1.0,Senior Manager,32353.0,0,0,0.034145147,0,True
56.0,Company Invited,1,15.0,Small Business,Male,3,5.0,Super Deluxe,4.0,Married,3.0,1,3,1,2.0,AVP,32255.0,0,0,0.00030812758,0,True
30.0,Company Invited,3,32.0,Small Business,Female,2,4.0,Deluxe,5.0,Unmarried,6.0,0,1,1,1.0,Manager,21696.0,1,1,0.69141114,1,True
29.0,Self Enquiry,3,25.0,Salaried,Male,3,4.0,Deluxe,3.0,Married,2.0,0,4,1,0.0,Manager,23620.0,0,0,0.009332438,0,True
26.0,Self Enquiry,2,27.0,Small Business,Female,4,4.0,Basic,4.0,Married,2.0,1,3,0,2.0,Executive,22347.0,1,1,0.9926879,1,True
40.0,Company Invited,1,11.0,Small Business,Female,3,4.0,Deluxe,3.0,Unmarried,2.0,0,3,1,1.0,Manager,23720.0,0,0,0.00043692737,0,True
40.0,Self Enquiry,1,14.0,Salaried,Female,3,3.0,Deluxe,5.0,Married,3.0,1,1,0,0.0,Manager,21516.0,0,0,0.00090332626,0,True
51.0,Self Enquiry,1,31.0,Salaried,Male,4,4.0,Super Deluxe,3.0,Divorced,5.0,1,4,0,1.0,AVP,32651.0,0,0,0.000844376,0,True
50.0,Self Enquiry,1,35.0,Salaried,Male,2,4.0,Super Deluxe,3.0,Divorced,1.0,0,5,1,1.0,AVP,32046.0,0,0,0.00013193466,0,True
41.0,Self Enquiry,1,22.0,Salaried,Female,4,5.0,Standard,3.0,Married,3.0,0,1,1,2.0,Senior Manager,29113.0,0,0,0.009448207,0,True
37.0,Self Enquiry,3,9.0,Salaried,Male,2,3.0,Standard,3.0,Unmarried,3.0,0,3,0,0.0,Senior Manager,22428.0,0,0,0.03345457,0,True
28.0,Self Enquiry,3,17.0,Small Business,Female,4,5.0,Deluxe,3.0,Divorced,3.0,1,3,1,3.0,Manager,24447.0,0,1,0.6114166,0,False
35.0,Self Enquiry,1,14.0,Salaried,Female,3,4.0,Standard,4.0,Single,2.0,0,5,0,1.0,Senior Manager,30672.0,0,0,0.015630411,0,True
37.0,Self Enquiry,1,23.0,Salaried,Female,3,2.0,Basic,5.0,Unmarried,3.0,0,1,1,1.0,Executive,21421.0,1,1,0.6027519,1,True
24.0,Self Enquiry,1,16.0,Small Business,Male,3,4.0,Basic,5.0,Divorced,3.0,0,3,0,2.0,Executive,21178.0,0,0,0.10746913,0,True
23.0,Self Enquiry,1,22.0,Small Business,Female,3,4.0,Basic,3.0,Unmarried,3.0,0,2,1,2.0,Executive,21549.0,0,0,0.05152075,0,True
60.0,Self Enquiry,1,10.0,Small Business,Female,3,3.0,Basic,5.0,Divorced,6.0,1,2,1,2.0,Executive,21348.0,0,0,0.020129174,0,True
30.0,Self Enquiry,3,10.0,Small Business,Female,3,4.0,Deluxe,4.0,Married,2.0,1,3,1,1.0,Manager,20209.0,0,0,0.06263296,0,True
31.0,Self Enquiry,3,19.0,Large Business,Female,3,4.0,Deluxe,3.0,Unmarried,2.0,0,1,1,2.0,Manager,25255.0,0,0,0.00077952794,0,True
22.0,Self Enquiry,1,25.0,Small Business,Male,3,3.0,Basic,3.0,Married,2.0,0,1,1,0.0,Executive,17323.0,0,0,0.06385307,0,True
40.0,Self Enquiry,1,30.0,Small Business,Male,4,4.0,Basic,5.0,Unmarried,2.0,0,3,0,3.0,Executive,22582.0,1,1,0.7369783,1,True
42.0,Self Enquiry,1,13.0,Small Business,Male,3,4.0,Basic,5.0,Unmarried,4.0,1,4,1,2.0,Executive,23399.0,0,1,0.87130994,0,False
20.0,Self Enquiry,3,28.0,Salaried,Male,3,5.0,Basic,4.0,Single,3.0,1,2,0,2.0,Executive,20799.0,1,1,0.9980765,1,True
30.0,Self Enquiry,1,16.0,Small Business,Female,3,3.0,Standard,3.0,Unmarried,1.0,0,4,0,0.0,Senior Manager,24667.0,0,0,0.046740368,0,True
43.0,Company Invited,1,36.0,Salaried,Female,4,4.0,Deluxe,3.0,Married,4.0,0,3,1,3.0,Manager,23234.0,0,0,0.012905308,0,True
48.0,Company Invited,3,30.0,Salaried,Male,3,5.0,Basic,3.0,Single,2.0,1,1,1,2.0,Executive,17559.0,1,1,0.9822966,1,True
34.0,Self Enquiry,1,33.0,Small Business,Female,3,3.0,Basic,4.0,Single,3.0,0,3,1,0.0,Executive,17311.0,0,0,0.20632622,0,True
27.0,Self Enquiry,1,7.0,Small Business,Male,3,5.0,Basic,5.0,Married,3.0,0,3,1,2.0,Executive,22633.0,0,1,0.67029315,0,False
54.0,Self Enquiry,3,14.0,Small Business,Female,4,5.0,Standard,3.0,Married,2.0,1,1,0,2.0,Senior Manager,29612.0,0,0,0.0027799883,0,True
35.0,Company Invited,1,9.0,Salaried,Male,4,4.0,Deluxe,3.0,Unmarried,4.0,0,4,1,3.0,Manager,22711.0,0,0,0.03713975,0,True
49.0,Company Invited,1,24.0,Salaried,Male,3,3.0,Deluxe,3.0,Married,2.0,1,2,0,1.0,Manager,21804.0,0,0,0.031061605,0,True
56.0,Self Enquiry,1,29.0,Large Business,Male,4,5.0,Basic,4.0,Married,7.0,0,1,1,2.0,Executive,22215.0,0,0,0.31353322,0,True
31.0,Self Enquiry,3,12.0,Small Business,Female,2,5.0,Deluxe,3.0,Married,3.0,0,1,1,1.0,Manager,24796.0,0,0,0.0027213914,0,True
33.0,Company Invited,1,9.0,Salaried,Male,4,4.0,Basic,3.0,Unmarried,2.0,0,5,1,2.0,Executive,21746.0,0,0,0.1567669,0,True
45.0,Self Enquiry,3,17.0,Salaried,Female,2,3.0,Super Deluxe,3.0,Married,4.0,0,4,0,1.0,AVP,32650.0,0,0,6.513218e-06,0,True
23.0,Self Enquiry,1,12.0,Salaried,Male,3,1.0,Basic,5.0,Married,2.0,1,3,0,0.0,Executive,16601.0,1,1,0.86693597,1,True
25.0,Self Enquiry,1,24.0,Salaried,Male,4,5.0,Basic,4.0,Married,3.0,0,3,1,2.0,Executive,20805.0,0,0,0.35036063,0,True
28.0,Self Enquiry,1,21.0,Salaried,Male,3,4.0,Basic,5.0,Divorced,3.0,1,4,1,1.0,Executive,20913.0,0,1,0.6712633,0,False
52.0,Self Enquiry,1,11.0,Salaried,Male,3,4.0,Basic,3.0,Married,2.0,1,1,0,1.0,Executive,21139.0,1,1,0.9185915,1,True
29.0,Self Enquiry,1,6.0,Large Business,Male,2,3.0,Basic,3.0,Single,1.0,0,2,0,0.0,Executive,17058.0,1,1,0.8123657,1,True
30.0,Company Invited,1,7.0,Large Business,Male,3,4.0,Deluxe,3.0,Divorced,3.0,0,3,0,2.0,Manager,22997.0,0,0,0.0003975967,0,True
50.0,Self Enquiry,1,8.0,Small Business,Male,3,3.0,King,3.0,Divorced,3.0,1,2,1,1.0,VP,34237.0,0,0,0.0035232059,0,True
46.0,Self Enquiry,3,15.0,Small Business,Male,3,4.0,Standard,3.0,Unmarried,2.0,0,5,0,1.0,Senior Manager,24619.0,1,0,0.4447615,1,False
47.0,Company Invited,1,14.0,Small Business,Female,2,4.0,Deluxe,3.0,Divorced,4.0,0,5,0,1.0,Manager,23936.0,0,0,0.00015321093,0,True
47.0,Company Invited,1,6.0,Small Business,Female,3,3.0,Standard,4.0,Married,1.0,0,5,0,0.0,Senior Manager,26957.0,0,0,0.0029523806,0,True
43.0,Company Invited,3,32.0,Salaried,Male,3,3.0,Super Deluxe,3.0,Married,2.0,1,1,1,0.0,AVP,31959.0,0,0,0.058722187,0,True
35.0,Self Enquiry,1,6.0,Small Business,Male,1,4.0,Basic,3.0,Single,2.0,0,4,1,0.0,Executive,17859.0,0,0,0.24191242,0,True
30.0,Company Invited,1,17.0,Salaried,Female,3,5.0,Basic,3.0,Unmarried,3.0,0,4,1,1.0,Executive,25301.0,1,0,0.44004104,1,False
45.0,Company Invited,1,31.0,Small Business,Male,3,6.0,Basic,3.0,Unmarried,4.0,0,3,0,2.0,Executive,22386.0,0,0,0.34996295,0,True
30.0,Self Enquiry,3,27.0,Small Business,Male,3,4.0,Deluxe,3.0,Married,4.0,0,1,1,1.0,Manager,25609.0,0,0,0.039850406,0,True
35.0,Self Enquiry,2,10.0,Salaried,Male,3,4.0,Basic,3.0,Married,2.0,0,1,1,1.0,Executive,22415.0,0,0,0.026724143,0,True
40.0,Self Enquiry,1,17.0,Small Business,Male,4,4.0,Standard,3.0,Single,2.0,0,3,1,1.0,Senior Manager,32142.0,0,0,0.2928264,0,True
33.0,Self Enquiry,3,14.0,Salaried,Male,4,5.0,Deluxe,3.0,Married,3.0,0,3,1,1.0,Manager,24162.0,0,0,0.033857267,0,True
30.0,Self Enquiry,1,30.0,Salaried,Male,3,4.0,Basic,3.0,Single,2.0,0,3,0,1.0,Executive,20879.0,0,0,0.29071948,0,True
34.0,Self Enquiry,3,17.0,Small Business,Male,3,4.0,Deluxe,3.0,Unmarried,3.0,0,1,0,1.0,Manager,24165.0,0,0,0.024688158,0,True
38.0,Self Enquiry,1,18.0,Small Business,Female,4,6.0,Deluxe,4.0,Married,7.0,0,4,1,1.0,Manager,23455.0,1,1,0.79554236,1,True
40.0,Self Enquiry,1,22.0,Salaried,Female,2,3.0,Standard,3.0,Unmarried,7.0,1,4,1,0.0,Senior Manager,22945.0,0,0,0.0066251466,0,True
46.0,Self Enquiry,1,16.0,Salaried,Male,3,4.0,Deluxe,4.0,Married,2.0,0,4,1,1.0,Manager,21026.0,0,0,0.17120959,0,True
51.0,Company Invited,1,27.0,Small Business,Male,3,4.0,Super Deluxe,3.0,Married,4.0,1,4,1,2.0,AVP,29923.0,0,0,0.0049366946,0,True
42.0,Self Enquiry,3,6.0,Salaried,Male,2,3.0,Deluxe,3.0,Divorced,2.0,0,3,1,0.0,Manager,19907.0,0,0,0.027571283,0,True
34.0,Self Enquiry,1,6.0,Salaried,Female,2,4.0,Basic,4.0,Divorced,6.0,0,1,1,1.0,Executive,18294.0,0,0,0.021198584,0,True
30.0,Company Invited,1,7.0,Salaried,Male,4,2.0,Deluxe,3.0,Unmarried,2.0,1,3,0,2.0,Manager,24972.0,0,0,0.015754957,0,True
41.0,Self Enquiry,2,6.0,Salaried,Male,2,4.0,King,3.0,Divorced,2.0,0,2,1,1.0,VP,34189.0,0,0,0.00020017182,0,True
30.0,Company Invited,1,9.0,Salaried,Male,3,4.0,Deluxe,3.0,Married,3.0,0,3,0,1.0,Manager,27531.0,0,0,0.0019214355,0,True
50.0,Self Enquiry,1,8.0,Small Business,Male,3,3.0,King,3.0,Married,3.0,1,1,1,2.0,VP,34237.0,0,0,9.971605e-05,0,True
51.0,Company Invited,3,7.0,Salaried,Male,3,4.0,Deluxe,3.0,Unmarried,5.0,1,1,1,2.0,Manager,23406.0,1,1,0.8752861,1,True
26.0,Company Invited,1,13.0,Small Business,Male,3,3.0,Basic,3.0,Single,2.0,0,4,1,2.0,Executive,17570.0,0,0,0.20790234,0,True
38.0,Self Enquiry,1,21.0,Salaried,Male,3,4.0,Standard,3.0,Married,1.0,1,5,1,1.0,Senior Manager,26510.0,0,0,0.20232032,0,True
31.0,Self Enquiry,1,7.0,Small Business,Male,4,4.0,Basic,4.0,Divorced,2.0,1,4,1,3.0,Executive,22257.0,0,1,0.8423685,0,False
33.0,Self Enquiry,3,9.0,Small Business,Male,3,5.0,Deluxe,4.0,Single,2.0,1,1,1,1.0,Manager,28585.0,1,1,0.8629773,1,True
20.0,Self Enquiry,1,32.0,Salaried,Female,3,2.0,Basic,3.0,Unmarried,3.0,1,5,1,1.0,Executive,21672.0,0,1,0.8273107,0,False
41.0,Self Enquiry,1,9.0,Salaried,Male,4,4.0,Deluxe,3.0,Unmarried,3.0,0,3,1,3.0,Manager,23339.0,0,0,0.028547963,0,True
31.0,Self Enquiry,3,14.0,Small Business,Male,3,4.0,Basic,4.0,Unmarried,2.0,0,2,1,1.0,Executive,21661.0,0,0,0.37726596,0,True
35.0,Self Enquiry,1,7.0,Salaried,Male,3,5.0,Basic,3.0,Divorced,3.0,1,2,0,1.0,Executive,22300.0,0,1,0.7533715,0,False
52.0,Self Enquiry,1,9.0,Small Business,Male,2,4.0,Standard,3.0,Married,3.0,1,1,1,0.0,Senior Manager,22969.0,0,0,0.0085950745,0,True
28.0,Company Invited,1,6.0,Small Business,Male,2,4.0,Basic,4.0,Married,2.0,0,4,1,0.0,Executive,17596.0,1,1,0.9032072,1,True
26.0,Self Enquiry,3,17.0,Salaried,Male,3,4.0,Deluxe,3.0,Unmarried,2.0,0,2,0,2.0,Manager,23628.0,0,0,0.02688465,0,True
27.0,Self Enquiry,1,14.0,Salaried,Male,4,2.0,Basic,5.0,Unmarried,2.0,0,1,1,1.0,Executive,22256.0,0,0,0.42701098,0,True
45.0,Self Enquiry,2,7.0,Small Business,Male,4,5.0,Standard,5.0,Married,2.0,0,4,1,1.0,Senior Manager,29160.0,1,0,0.24697824,1,False
35.0,Self Enquiry,1,15.0,Salaried,Female,3,4.0,Standard,3.0,Married,2.0,1,4,1,2.0,Senior Manager,25685.0,0,0,0.04034944,0,True
45.0,Self Enquiry,2,7.0,Salaried,Female,3,5.0,Deluxe,3.0,Unmarried,6.0,0,5,1,2.0,Manager,24663.0,0,0,0.0023559013,0,True
25.0,Self Enquiry,3,11.0,Small Business,Male,2,4.0,Deluxe,3.0,Single,2.0,1,3,0,1.0,Manager,20744.0,1,1,0.9778554,1,True
24.0,Company Invited,3,30.0,Small Business,Male,2,3.0,Basic,3.0,Divorced,1.0,0,4,0,1.0,Executive,17400.0,0,0,0.22975722,0,True
35.0,Self Enquiry,1,16.0,Salaried,Male,3,4.0,Standard,3.0,Married,2.0,0,5,1,2.0,Senior Manager,27178.0,0,0,0.017863248,0,True
35.0,Self Enquiry,3,16.0,Small Business,Male,2,4.0,Standard,5.0,Married,1.0,0,5,1,1.0,Senior Manager,25306.0,1,1,0.9012445,1,True
35.0,Company Invited,3,26.0,Small Business,Male,4,3.0,Deluxe,3.0,Unmarried,2.0,1,2,1,3.0,Manager,23982.0,1,1,0.90778375,1,True
38.0,Self Enquiry,1,8.0,Salaried,Male,2,3.0,Deluxe,3.0,Divorced,1.0,0,2,0,1.0,Manager,21553.0,0,0,0.0014248019,0,True
27.0,Self Enquiry,1,7.0,Small Business,Male,4,4.0,Basic,5.0,Unmarried,2.0,0,5,1,3.0,Executive,21545.0,0,1,0.69376403,0,False
36.0,Self Enquiry,1,11.0,Salaried,Male,3,3.0,Deluxe,4.0,Single,1.0,0,2,0,2.0,Manager,20914.0,0,0,0.04916454,0,True
27.0,Company Invited,1,9.0,Salaried,Male,3,4.0,Basic,5.0,Married,8.0,1,5,0,1.0,Executive,20720.0,1,1,0.979552,1,True
26.0,Self Enquiry,3,15.0,Salaried,Male,3,2.0,Deluxe,4.0,Married,2.0,0,4,1,1.0,Manager,23529.0,0,0,0.014381491,0,True
43.0,Self Enquiry,3,10.0,Small Business,Female,2,4.0,Standard,3.0,Unmarried,4.0,0,3,1,0.0,Senior Manager,25231.0,0,0,0.14929213,0,True
24.0,Company Invited,3,8.0,Salaried,Female,3,4.0,Basic,4.0,Single,3.0,1,5,1,2.0,Executive,19901.0,1,1,0.99543476,1,True
21.0,Company Invited,3,6.0,Large Business,Female,2,4.0,Basic,4.0,Single,2.0,1,5,1,1.0,Executive,17174.0,1,1,0.9861018,1,True
37.0,Self Enquiry,1,13.0,Salaried,Male,3,6.0,Basic,3.0,Married,3.0,0,1,1,1.0,Executive,21419.0,0,0,0.09788644,0,True
29.0,Self Enquiry,1,13.0,Large Business,Female,2,3.0,Basic,3.0,Married,4.0,1,4,1,0.0,Executive,31124.0,1,1,0.9531782,1,True
59.0,Company Invited,3,6.0,Salaried,Female,2,4.0,Deluxe,3.0,Single,1.0,0,5,1,0.0,Manager,20473.0,0,0,0.013899456,0,True
35.0,Self Enquiry,3,31.0,Small Business,Female,3,5.0,Deluxe,4.0,Unmarried,2.0,1,5,1,1.0,Manager,23277.0,1,1,0.94991666,1,True
33.0,Self Enquiry,3,7.0,Salaried,Male,3,6.0,Deluxe,4.0,Unmarried,8.0,0,3,0,2.0,Manager,25413.0,1,1,0.9456882,1,True
39.0,Self Enquiry,1,6.0,Salaried,Female,3,4.0,Super Deluxe,3.0,Married,2.0,0,3,1,0.0,AVP,27742.0,0,0,7.1911444e-08,0,True
31.0,Self Enquiry,3,23.0,Salaried,Male,4,4.0,Deluxe,3.0,Divorced,2.0,0,3,0,3.0,Manager,23979.0,0,0,0.009211992,0,True
38.0,Self Enquiry,1,6.0,Salaried,Female,2,3.0,Basic,5.0,Single,4.0,0,1,0,1.0,Executive,17619.0,0,0,0.24817713,0,True
38.0,Self Enquiry,1,21.0,Salaried,Female,4,4.0,Basic,5.0,Married,3.0,0,4,1,2.0,Executive,21712.0,0,0,0.17230713,0,True
37.0,Company Invited,1,25.0,Salaried,Male,4,4.0,Deluxe,3.0,Unmarried,4.0,0,3,0,2.0,Manager,26457.0,0,0,0.015293725,0,True
31.0,Company Invited,3,33.0,Small Business,Female,3,5.0,Deluxe,5.0,Unmarried,7.0,0,2,0,2.0,Manager,25374.0,1,1,0.8270682,1,True
37.0,Self Enquiry,1,9.0,Salaried,Male,2,3.0,Standard,3.0,Divorced,2.0,0,2,1,0.0,Senior Manager,24434.0,0,0,0.0041978783,0,True
54.0,Self Enquiry,3,13.0,Small Business,Male,3,4.0,Deluxe,3.0,Married,4.0,1,5,0,2.0,Manager,20984.0,0,0,0.086546496,0,True
27.0,Self Enquiry,1,8.0,Large Business,Male,2,3.0,Basic,4.0,Married,2.0,0,4,1,1.0,Executive,17226.0,0,0,0.2695365,0,True
43.0,Self Enquiry,3,8.0,Small Business,Male,3,3.0,Deluxe,3.0,Married,2.0,1,3,0,0.0,Manager,22847.0,0,0,0.035301093,0,True
35.0,Company Invited,3,8.0,Salaried,Female,3,6.0,Basic,3.0,Unmarried,3.0,0,3,0,2.0,Executive,23122.0,1,1,0.9796368,1,True
24.0,Self Enquiry,1,27.0,Large Business,Male,2,4.0,Basic,5.0,Married,1.0,0,3,0,0.0,Executive,17296.0,0,1,0.5413032,0,False
46.0,Company Invited,3,9.0,Salaried,Female,4,4.0,Deluxe,3.0,Married,6.0,0,1,1,3.0,Manager,23832.0,0,0,0.0026041889,0,True
28.0,Self Enquiry,1,9.0,Small Business,Female,3,3.0,Standard,4.0,Married,1.0,0,4,0,0.0,Senior Manager,22655.0,0,0,0.0099659385,0,True
57.0,Self Enquiry,1,7.0,Salaried,Female,3,4.0,Basic,5.0,Divorced,4.0,0,5,1,2.0,Executive,20744.0,0,0,0.037869338,0,True
26.0,Self Enquiry,1,27.0,Small Business,Male,2,3.0,Basic,3.0,Married,2.0,0,5,1,1.0,Executive,17377.0,1,0,0.34850043,1,False
32.0,Company Invited,3,27.0,Salaried,Male,4,2.0,Basic,3.0,Divorced,2.0,0,5,1,2.0,Executive,21469.0,0,0,0.023511894,0,True
59.0,Self Enquiry,1,9.0,Salaried,Male,3,4.0,Basic,3.0,Married,4.0,0,3,0,0.0,Executive,17177.0,0,0,0.0035985794,0,True
58.0,Self Enquiry,3,36.0,Small Business,Male,3,5.0,Super Deluxe,3.0,Married,5.0,0,3,1,1.0,AVP,32796.0,0,0,0.0032760964,0,True
29.0,Self Enquiry,1,21.0,Salaried,Male,2,3.0,Basic,3.0,Single,2.0,0,3,0,0.0,Executive,17340.0,0,0,0.3599685,0,True
23.0,Self Enquiry,1,7.0,Salaried,Male,3,5.0,Deluxe,3.0,Married,8.0,0,1,1,2.0,Manager,23453.0,0,0,0.014915062,0,True
23.0,Self Enquiry,1,14.0,Salaried,Male,4,4.0,Basic,4.0,Single,3.0,1,3,1,1.0,Executive,21150.0,1,1,0.94008976,1,True
45.0,Self Enquiry,2,7.0,Salaried,Female,3,4.0,Basic,3.0,Married,6.0,1,3,1,1.0,Executive,21873.0,0,0,0.18464766,0,True
43.0,Self Enquiry,1,7.0,Salaried,Female,4,4.0,Basic,5.0,Married,5.0,0,3,1,2.0,Executive,21254.0,0,0,0.046783436,0,True
21.0,Company Invited,1,13.0,Salaried,Female,4,5.0,Basic,3.0,Unmarried,3.0,1,2,1,2.0,Executive,21604.0,1,1,0.9290585,1,True
31.0,Company Invited,1,30.0,Salaried,Male,4,6.0,Basic,3.0,Married,3.0,0,3,1,3.0,Executive,21291.0,0,0,0.14782485,0,True
48.0,Self Enquiry,1,8.0,Large Business,Male,3,1.0,Basic,4.0,Single,6.0,0,2,0,2.0,Executive,17559.0,0,0,0.43756732,0,True
32.0,Company Invited,3,12.0,Small Business,Female,3,4.0,Basic,4.0,Married,3.0,0,3,0,2.0,Executive,21467.0,0,0,0.033537697,0,True
34.0,Self Enquiry,3,16.0,Salaried,Female,2,3.0,Basic,3.0,Married,2.0,1,1,0,1.0,Executive,17220.0,0,1,0.73184186,0,False
33.0,Self Enquiry,1,32.0,Salaried,Male,3,4.0,Basic,3.0,Unmarried,3.0,1,5,1,1.0,Executive,21473.0,1,1,0.6122774,1,True
37.0,Self Enquiry,1,34.0,Small Business,Male,4,4.0,Deluxe,3.0,Divorced,8.0,0,3,1,1.0,Manager,23915.0,0,0,0.03782822,0,True
41.0,Self Enquiry,1,9.0,Salaried,Female,3,4.0,Basic,5.0,Married,6.0,0,4,1,2.0,Executive,22055.0,0,0,0.09301173,0,True
25.0,Self Enquiry,3,10.0,Salaried,Female,4,4.0,Deluxe,3.0,Unmarried,2.0,0,2,1,1.0,Manager,23255.0,1,0,0.017381135,1,False
38.0,Company Invited,1,29.0,Salaried,Male,2,4.0,Standard,3.0,Unmarried,1.0,0,3,0,0.0,Senior Manager,24526.0,0,0,0.12943663,0,True
44.0,Self Enquiry,1,34.0,Large Business,Male,3,2.0,Basic,4.0,Married,7.0,0,5,1,2.0,Executive,23554.0,0,0,0.113408454,0,True
55.0,Company Invited,1,14.0,Small Business,Male,2,4.0,Super Deluxe,4.0,Married,2.0,1,3,1,1.0,AVP,28577.0,0,0,0.00010444127,0,True
33.0,Self Enquiry,1,10.0,Small Business,Female,2,4.0,Basic,4.0,Divorced,7.0,0,4,0,0.0,Executive,17622.0,0,0,0.01603148,0,True
33.0,Company Invited,1,12.0,Salaried,Male,1,3.0,Deluxe,3.0,Married,4.0,0,5,1,0.0,Manager,22725.0,0,0,0.0037989502,0,True
34.0,Company Invited,1,23.0,Large Business,Male,2,4.0,Basic,3.0,Married,1.0,1,5,1,1.0,Executive,23500.0,1,1,0.8253666,1,True
42.0,Self Enquiry,3,20.0,Small Business,Female,3,4.0,Deluxe,3.0,Single,1.0,0,3,0,0.0,Manager,21244.0,0,0,0.115242615,0,True
31.0,Company Invited,3,26.0,Small Business,Female,2,3.0,Deluxe,3.0,Married,2.0,0,1,1,1.0,Manager,21932.0,0,0,0.00070001587,0,True
43.0,Company Invited,1,26.0,Small Business,Male,3,2.0,Basic,3.0,Married,8.0,1,3,0,1.0,Executive,21437.0,1,1,0.6294283,1,True
35.0,Self Enquiry,3,6.0,Small Business,Male,3,3.0,Standard,4.0,Married,2.0,0,4,0,0.0,Senior Manager,22295.0,0,0,0.016449349,0,True
36.0,Self Enquiry,1,28.0,Salaried,Female,3,4.0,Deluxe,3.0,Married,3.0,1,3,0,1.0,Manager,22692.0,0,0,0.009775983,0,True
30.0,Self Enquiry,2,24.0,Salaried,Male,3,5.0,Standard,5.0,Unmarried,3.0,0,3,0,1.0,Senior Manager,26666.0,0,0,0.13791007,0,True
33.0,Company Invited,1,20.0,Salaried,Female,4,5.0,Basic,4.0,Married,3.0,0,5,1,1.0,Executive,21421.0,0,0,0.10236263,0,True
46.0,Self Enquiry,3,9.0,Small Business,Male,2,3.0,Super Deluxe,3.0,Divorced,4.0,0,2,1,0.0,AVP,32465.0,0,0,7.097779e-07,0,True
38.0,Self Enquiry,1,7.0,Large Business,Female,3,4.0,Standard,3.0,Unmarried,6.0,0,5,1,1.0,Senior Manager,26169.0,0,0,0.0027024026,0,True
26.0,Self Enquiry,3,15.0,Salaried,Male,3,3.0,Deluxe,4.0,Divorced,2.0,0,4,0,1.0,Manager,23529.0,0,0,0.010271538,0,True
44.0,Self Enquiry,1,18.0,Salaried,Male,2,4.0,Standard,3.0,Married,3.0,0,1,1,1.0,Senior Manager,26188.0,0,0,0.0112573,0,True
34.0,Company Invited,3,9.0,Small Business,Female,4,4.0,Deluxe,4.0,Unmarried,2.0,0,1,0,1.0,Manager,23825.0,0,0,0.0002824482,0,True
33.0,Self Enquiry,1,9.0,Large Business,Male,4,4.0,Basic,5.0,Single,3.0,0,1,1,2.0,Executive,21117.0,0,1,0.69902164,0,False
43.0,Self Enquiry,1,31.0,Small Business,Male,3,4.0,Standard,5.0,Married,3.0,1,1,1,1.0,Senior Manager,26084.0,0,0,0.021493914,0,True
31.0,Company Invited,3,29.0,Salaried,Female,4,4.0,Standard,5.0,Divorced,2.0,0,2,1,1.0,Senior Manager,27090.0,0,0,0.012503515,0,True
46.0,Self Enquiry,3,8.0,Small Business,Female,3,3.0,Super Deluxe,5.0,Divorced,1.0,0,2,1,0.0,AVP,32048.0,0,0,9.066491e-09,0,True
56.0,Self Enquiry,1,15.0,Small Business,Male,2,3.0,Super Deluxe,3.0,Married,1.0,0,4,0,0.0,AVP,26103.0,0,0,6.57313e-07,0,True
37.0,Self Enquiry,1,8.0,Salaried,Male,3,4.0,Basic,3.0,Single,7.0,1,3,0,2.0,Executive,17090.0,1,1,0.95766497,1,True
29.0,Self Enquiry,3,16.0,Salaried,Male,4,4.0,Deluxe,3.0,Unmarried,3.0,0,3,1,1.0,Manager,23931.0,0,0,0.019581603,0,True
36.0,Self Enquiry,1,32.0,Small Business,Female,3,4.0,Standard,3.0,Married,3.0,1,3,0,2.0,Senior Manager,29066.0,0,0,0.013539571,0,True
34.0,Self Enquiry,1,9.0,Salaried,Female,3,3.0,Deluxe,4.0,Married,2.0,0,5,1,2.0,Manager,20433.0,0,0,0.018972814,0,True
32.0,Self Enquiry,1,9.0,Salaried,Male,4,4.0,Basic,3.0,Married,3.0,0,5,0,3.0,Executive,22155.0,0,0,0.0035926432,0,True
58.0,Self Enquiry,1,8.0,Large Business,Female,3,4.0,Standard,3.0,Married,1.0,0,5,0,0.0,Senior Manager,17372.0,1,1,0.9739431,1,True
35.0,Self Enquiry,3,15.0,Salaried,Female,4,4.0,Deluxe,5.0,Married,7.0,0,1,1,3.0,Manager,25178.0,0,0,0.0608804,0,True
32.0,Company Invited,1,27.0,Salaried,Male,4,4.0,Standard,3.0,Divorced,5.0,0,3,1,1.0,Senior Manager,28502.0,1,1,0.9068671,1,True
40.0,Company Invited,1,9.0,Salaried,Female,3,5.0,Basic,5.0,Unmarried,4.0,1,3,0,1.0,Executive,22324.0,1,1,0.97950935,1,True
36.0,Self Enquiry,1,12.0,Salaried,Male,2,5.0,Basic,3.0,Married,2.0,0,2,0,0.0,Executive,17741.0,0,0,0.15679908,0,True
36.0,Self Enquiry,3,23.0,Small Business,Male,4,4.0,Standard,4.0,Divorced,2.0,0,2,1,3.0,Senior Manager,26698.0,0,0,0.012621453,0,True
30.0,Company Invited,1,7.0,Salaried,Male,4,6.0,Basic,3.0,Married,3.0,0,2,1,1.0,Executive,21398.0,0,0,0.045859266,0,True
60.0,Self Enquiry,3,13.0,Small Business,Male,2,1.0,Deluxe,3.0,Married,1.0,1,5,0,0.0,Manager,20220.0,0,0,0.02575294,0,True
33.0,Self Enquiry,1,9.0,Small Business,Male,3,4.0,Deluxe,4.0,Married,6.0,0,4,1,2.0,Manager,23561.0,1,1,0.7755631,1,True
30.0,Self Enquiry,1,28.0,Salaried,Female,3,3.0,Standard,5.0,Married,3.0,0,5,1,2.0,Senior Manager,28658.0,0,0,0.024258215,0,True
37.0,Self Enquiry,1,13.0,Salaried,Male,3,4.0,Basic,3.0,Divorced,2.0,0,5,1,2.0,Executive,21888.0,0,0,0.03011717,0,True
50.0,Self Enquiry,1,16.0,Large Business,Male,3,4.0,Standard,3.0,Unmarried,7.0,0,5,0,2.0,Senior Manager,25496.0,0,0,0.014328618,0,True
52.0,Self Enquiry,1,12.0,Large Business,Male,3,3.0,Deluxe,5.0,Married,4.0,1,4,1,1.0,Manager,20577.0,0,0,0.025076542,0,True
50.0,Company Invited,1,15.0,Salaried,Male,4,5.0,Deluxe,4.0,Divorced,3.0,0,3,1,3.0,Manager,23808.0,0,0,0.026150402,0,True
49.0,Self Enquiry,1,13.0,Salaried,Male,2,4.0,Standard,3.0,Unmarried,1.0,0,1,1,0.0,Senior Manager,25965.0,0,0,0.013226785,0,True
35.0,Self Enquiry,1,31.0,Large Business,Male,3,4.0,Standard,4.0,Divorced,4.0,0,3,1,1.0,Senior Manager,25903.0,0,0,0.0104062995,0,True
27.0,Company Invited,1,18.0,Small Business,Male,3,4.0,Deluxe,5.0,Divorced,3.0,1,3,1,2.0,Manager,23419.0,0,0,0.0780424,0,True
19.0,Self Enquiry,3,27.0,Salaried,Male,2,4.0,Basic,4.0,Single,2.0,1,2,0,1.0,Executive,17121.0,1,1,0.99744415,1,True
31.0,Self Enquiry,2,14.0,Small Business,Female,3,1.0,Basic,4.0,Single,1.0,0,1,0,2.0,Executive,17109.0,0,0,0.00069971493,0,True
26.0,Self Enquiry,1,11.0,Large Business,Male,3,4.0,Basic,3.0,Divorced,3.0,1,3,1,1.0,Executive,22369.0,1,1,0.91092,1,True
30.0,Self Enquiry,1,17.0,Salaried,Female,4,5.0,Basic,5.0,Single,8.0,1,5,1,2.0,Executive,21082.0,1,1,0.987419,1,True
50.0,Self Enquiry,1,7.0,Large Business,Female,3,5.0,Super Deluxe,3.0,Single,2.0,1,3,1,1.0,AVP,32642.0,0,0,3.590545e-05,0,True
28.0,Self Enquiry,1,26.0,Salaried,Male,4,5.0,Basic,5.0,Married,3.0,0,1,0,1.0,Executive,22744.0,0,1,0.546995,0,False
24.0,Self Enquiry,1,17.0,Large Business,Male,3,2.0,Basic,3.0,Married,4.0,0,1,1,1.0,Executive,20751.0,0,0,0.057175465,0,True
29.0,Company Invited,3,26.0,Large Business,Female,2,3.0,Basic,3.0,Married,2.0,0,3,0,1.0,Executive,17157.0,0,0,0.14564347,0,True
36.0,Self Enquiry,1,20.0,Salaried,Male,3,3.0,Deluxe,3.0,Married,1.0,1,5,1,0.0,Manager,21586.0,0,0,0.058027484,0,True
47.0,Self Enquiry,3,9.0,Salaried,Male,4,4.0,Standard,3.0,Married,6.0,1,3,0,3.0,Senior Manager,29046.0,0,0,0.014832553,0,True
57.0,Self Enquiry,3,35.0,Small Business,Male,2,4.0,Super Deluxe,3.0,Married,4.0,0,3,0,0.0,AVP,29118.0,0,0,0.0006160834,0,True
41.0,Self Enquiry,1,9.0,Small Business,Female,4,5.0,Deluxe,3.0,Married,8.0,0,5,1,2.0,Manager,22126.0,0,0,0.10244411,0,True
37.0,Company Invited,1,13.0,Salaried,Male,4,2.0,Deluxe,5.0,Married,5.0,1,4,1,2.0,Manager,24240.0,0,0,0.13651326,0,True
41.0,Self Enquiry,1,13.0,Salaried,Female,4,4.0,Super Deluxe,3.0,Single,2.0,0,5,1,1.0,AVP,31915.0,0,0,0.00023159324,0,True
37.0,Self Enquiry,1,14.0,Salaried,Male,4,4.0,Basic,4.0,Single,4.0,0,1,0,3.0,Executive,20691.0,0,0,0.23733026,0,True
44.0,Company Invited,1,29.0,Small Business,Male,3,3.0,Deluxe,4.0,Married,5.0,0,3,0,1.0,Manager,17042.0,0,0,0.21092887,0,True
51.0,Self Enquiry,3,27.0,Small Business,Male,3,3.0,Deluxe,3.0,Single,1.0,1,5,0,2.0,Manager,20441.0,0,1,0.6434365,0,False
27.0,Self Enquiry,3,7.0,Salaried,Male,3,4.0,Deluxe,3.0,Married,3.0,0,5,0,2.0,Manager,23974.0,0,0,0.0025959127,0,True
36.0,Company Invited,1,11.0,Salaried,Male,3,5.0,Basic,3.0,Married,3.0,0,1,1,2.0,Executive,21054.0,0,0,0.01708792,0,True
38.0,Self Enquiry,1,7.0,Salaried,Female,3,5.0,Deluxe,3.0,Divorced,3.0,0,2,1,2.0,Manager,25152.0,0,0,0.00020700466,0,True
23.0,Self Enquiry,1,32.0,Salaried,Male,2,3.0,Basic,3.0,Married,2.0,0,2,1,1.0,Executive,17904.0,0,0,0.19888084,0,True
34.0,Company Invited,3,25.0,Small Business,Male,3,1.0,Deluxe,3.0,Single,1.0,1,1,0,0.0,Manager,20304.0,1,1,0.8274793,1,True
30.0,Company Invited,3,18.0,Salaried,Male,3,4.0,Basic,5.0,Married,2.0,0,5,1,2.0,Executive,17033.0,1,1,0.92775226,1,True
30.0,Company Invited,3,20.0,Large Business,Female,3,4.0,Deluxe,4.0,Unmarried,7.0,0,3,0,2.0,Manager,24443.0,1,1,0.9789658,1,True
42.0,Self Enquiry,1,6.0,Salaried,Female,3,3.0,Basic,5.0,Married,4.0,0,3,0,2.0,Executive,17576.0,0,0,0.010530893,0,True
56.0,Self Enquiry,3,7.0,Salaried,Male,4,4.0,Standard,3.0,Married,5.0,0,1,0,3.0,Senior Manager,28917.0,0,0,0.035867378,0,True
39.0,Self Enquiry,1,9.0,Salaried,Male,3,4.0,Deluxe,3.0,Married,2.0,0,1,1,2.0,Manager,25231.0,0,0,0.0035454335,0,True
22.0,Self Enquiry,1,12.0,Small Business,Male,3,3.0,Basic,3.0,Divorced,1.0,0,2,1,0.0,Executive,17773.0,0,0,0.004450534,0,True
51.0,Self Enquiry,1,16.0,Salaried,Male,4,4.0,Basic,3.0,Married,6.0,0,5,1,3.0,Executive,21058.0,0,0,0.0055071944,0,True
39.0,Company Invited,2,7.0,Salaried,Male,3,4.0,Basic,4.0,Married,2.0,1,1,1,2.0,Executive,21669.0,0,1,0.6068187,0,False
41.0,Company Invited,1,28.0,Salaried,Female,3,3.0,Deluxe,3.0,Married,4.0,1,5,0,0.0,Manager,20467.0,0,0,0.021797743,0,True
32.0,Self Enquiry,1,33.0,Salaried,Male,3,4.0,Basic,3.0,Married,3.0,0,3,1,2.0,Executive,21589.0,0,0,0.035299852,0,True
40.0,Company Invited,1,6.0,Salaried,Male,3,4.0,Super Deluxe,4.0,Divorced,2.0,0,2,1,2.0,AVP,28503.0,0,0,1.1834638e-07,0,True
34.0,Company Invited,1,9.0,Salaried,Male,2,4.0,Basic,3.0,Divorced,4.0,0,2,1,0.0,Executive,17979.0,0,0,0.01428484,0,True
51.0,Self Enquiry,1,12.0,Salaried,Male,2,3.0,King,3.0,Single,1.0,0,5,1,0.0,VP,34537.0,0,0,0.007656185,0,True
30.0,Self Enquiry,1,6.0,Salaried,Male,2,4.0,Deluxe,3.0,Divorced,2.0,1,2,1,1.0,Manager,20126.0,0,0,0.00637134,0,True
43.0,Company Invited,1,12.0,Salaried,Male,4,4.0,Basic,3.0,Married,6.0,0,3,0,2.0,Executive,20771.0,0,0,0.002486986,0,True
26.0,Self Enquiry,1,12.0,Salaried,Female,2,4.0,Basic,4.0,Divorced,2.0,0,3,1,0.0,Executive,17368.0,0,0,0.24618272,0,True
50.0,Company Invited,1,25.0,Salaried,Male,4,4.0,Deluxe,3.0,Married,3.0,1,1,0,1.0,Manager,25482.0,0,0,0.010765602,0,True
29.0,Self Enquiry,1,9.0,Small Business,Male,3,4.0,Standard,3.0,Divorced,2.0,0,2,1,2.0,Senior Manager,26935.0,0,0,0.0012975264,0,True
56.0,Self Enquiry,1,27.0,Large Business,Male,3,4.0,Deluxe,3.0,Divorced,5.0,1,2,1,2.0,Manager,24093.0,0,0,0.0071127373,0,True
53.0,Self Enquiry,3,12.0,Salaried,Male,4,4.0,Standard,4.0,Unmarried,2.0,1,4,1,2.0,Senior Manager,27124.0,1,1,0.9176545,1,True
44.0,Company Invited,1,7.0,Salaried,Female,3,4.0,Deluxe,3.0,Divorced,6.0,0,2,1,2.0,Manager,24240.0,0,0,4.8547907e-05,0,True
42.0,Company Invited,2,11.0,Salaried,Male,3,6.0,Deluxe,4.0,Married,8.0,0,5,0,2.0,Manager,25108.0,0,0,0.035789434,0,True
44.0,Self Enquiry,1,13.0,Small Business,Female,4,5.0,Deluxe,3.0,Unmarried,3.0,1,4,1,2.0,Manager,22759.0,0,0,0.1685033,0,True
22.0,Self Enquiry,1,14.0,Small Business,Female,3,3.0,Basic,5.0,Married,2.0,1,3,0,1.0,Executive,17398.0,1,1,0.9701288,1,True
35.0,Self Enquiry,1,12.0,Salaried,Male,2,5.0,Deluxe,3.0,Unmarried,2.0,0,5,1,0.0,Manager,21646.0,0,0,0.0068051736,0,True
22.0,Company Invited,3,25.0,Small Business,Female,4,4.0,Deluxe,3.0,Married,2.0,1,5,0,2.0,Manager,21303.0,1,1,0.97550845,1,True
45.0,Self Enquiry,3,8.0,Large Business,Male,2,5.0,Deluxe,3.0,Unmarried,1.0,0,5,1,1.0,Manager,21632.0,0,0,0.06340793,0,True
29.0,Company Invited,1,8.0,Salaried,Female,3,3.0,Basic,4.0,Divorced,1.0,0,5,0,2.0,Executive,18180.0,0,0,0.025303034,0,True
40.0,Self Enquiry,3,32.0,Small Business,Male,3,3.0,Deluxe,5.0,Married,2.0,0,1,1,2.0,Manager,23396.0,0,0,0.016390981,0,True
43.0,Self Enquiry,1,20.0,Salaried,Male,3,3.0,Super Deluxe,5.0,Married,7.0,0,5,1,1.0,AVP,32159.0,0,0,0.00088738714,0,True
28.0,Self Enquiry,1,8.0,Salaried,Male,3,4.0,Basic,4.0,Married,1.0,0,1,0,2.0,Executive,18201.0,0,0,0.021859173,0,True
55.0,Self Enquiry,3,15.0,Small Business,Female,2,5.0,Basic,4.0,Single,2.0,0,1,1,1.0,Executive,34187.0,1,1,0.89558965,1,True
32.0,Company Invited,3,8.0,Salaried,Female,3,3.0,Basic,5.0,Married,2.0,0,3,0,1.0,Executive,17827.0,0,0,0.014825769,0,True
37.0,Self Enquiry,2,12.0,Salaried,Male,3,3.0,Basic,5.0,Married,5.0,1,2,1,0.0,Executive,17073.0,1,1,0.9012364,1,True
27.0,Self Enquiry,1,32.0,Salaried,Male,3,6.0,Basic,3.0,Single,3.0,0,2,1,2.0,Executive,20971.0,1,0,0.3979262,1,False
42.0,Self Enquiry,1,26.0,Salaried,Male,3,4.0,Deluxe,5.0,Married,4.0,0,1,0,1.0,Manager,21750.0,0,0,0.1546045,0,True
31.0,Self Enquiry,1,14.0,Small Business,Male,3,5.0,Basic,4.0,Married,3.0,0,5,0,1.0,Executive,20819.0,0,0,0.40937304,0,True
58.0,Self Enquiry,3,16.0,Small Business,Male,2,3.0,Super Deluxe,3.0,Single,1.0,0,3,1,1.0,AVP,28872.0,0,0,0.00093600724,0,True
42.0,Self Enquiry,1,19.0,Large Business,Female,3,4.0,King,3.0,Married,3.0,0,4,1,2.0,VP,38223.0,1,1,0.5725968,1,True
38.0,Self Enquiry,1,7.0,Salaried,Female,4,4.0,Deluxe,4.0,Divorced,8.0,0,2,1,2.0,Manager,25125.0,0,0,0.0020999874,0,True
37.0,Self Enquiry,1,6.0,Salaried,Male,2,4.0,Deluxe,3.0,Married,2.0,0,5,1,1.0,Manager,20993.0,0,0,0.008300388,0,True
21.0,Self Enquiry,1,11.0,Large Business,Male,3,4.0,Basic,5.0,Unmarried,3.0,0,3,1,1.0,Executive,21651.0,1,1,0.798083,1,True
47.0,Company Invited,1,22.0,Small Business,Male,3,1.0,Deluxe,3.0,Married,2.0,1,1,1,0.0,Manager,20067.0,0,0,0.0015536161,0,True
38.0,Self Enquiry,3,17.0,Salaried,Female,3,5.0,Deluxe,3.0,Married,4.0,1,4,0,1.0,Manager,25372.0,0,0,0.032802373,0,True
26.0,Self Enquiry,1,10.0,Salaried,Male,2,3.0,Basic,3.0,Single,2.0,1,1,0,0.0,Executive,17875.0,0,1,0.7841354,0,False
46.0,Self Enquiry,1,8.0,Small Business,Male,2,3.0,King,3.0,Married,1.0,1,1,1,1.0,VP,34328.0,0,0,0.00020084457,0,True
22.0,Self Enquiry,1,17.0,Salaried,Female,3,5.0,Basic,5.0,Single,3.0,0,3,1,1.0,Executive,20094.0,1,1,0.9468025,1,True
51.0,Self Enquiry,1,12.0,Salaried,Male,2,3.0,King,3.0,Single,1.0,0,5,1,1.0,VP,34537.0,0,0,0.0058869533,0,True
28.0,Self Enquiry,1,23.0,Large Business,Male,2,4.0,Basic,3.0,Married,6.0,0,3,0,1.0,Executive,17367.0,1,1,0.588868,1,True
56.0,Self Enquiry,3,17.0,Small Business,Female,2,4.0,Deluxe,5.0,Married,5.0,0,5,0,1.0,Manager,20380.0,0,0,0.016035134,0,True
31.0,Company Invited,3,29.0,Salaried,Female,4,4.0,Standard,5.0,Married,2.0,0,1,1,2.0,Senior Manager,27090.0,0,0,0.0040824995,0,True
44.0,Self Enquiry,1,14.0,Salaried,Male,3,1.0,Basic,3.0,Married,3.0,1,3,1,0.0,Executive,17818.0,0,0,0.059243195,0,True
30.0,Self Enquiry,2,13.0,Small Business,Male,3,5.0,Basic,4.0,Married,3.0,0,3,1,2.0,Executive,21482.0,0,1,0.56271684,0,False
50.0,Self Enquiry,3,15.0,Large Business,Male,3,5.0,Super Deluxe,4.0,Married,8.0,0,4,1,2.0,AVP,31798.0,0,0,0.0045026136,0,True
28.0,Self Enquiry,1,30.0,Small Business,Male,2,3.0,Basic,4.0,Married,2.0,1,1,0,0.0,Executive,17408.0,1,1,0.9837645,1,True
44.0,Self Enquiry,3,15.0,Salaried,Male,3,4.0,Basic,5.0,Married,4.0,0,1,1,2.0,Executive,34190.0,1,1,0.9665358,1,True
30.0,Company Invited,1,9.0,Small Business,Female,3,3.0,Basic,3.0,Married,2.0,0,3,1,1.0,Executive,17083.0,0,0,0.0017283867,0,True
35.0,Self Enquiry,1,22.0,Salaried,Male,3,3.0,Standard,3.0,Divorced,5.0,1,2,0,1.0,Senior Manager,22632.0,0,0,0.024559194,0,True
28.0,Company Invited,1,9.0,Small Business,Male,3,4.0,Basic,3.0,Single,4.0,0,3,0,2.0,Executive,21258.0,0,0,0.0625394,0,True
36.0,Self Enquiry,3,6.0,Salaried,Male,2,3.0,Deluxe,3.0,Divorced,2.0,1,3,1,1.0,Manager,21201.0,0,0,0.30368945,0,True
59.0,Self Enquiry,1,9.0,Small Business,Female,2,2.0,Basic,5.0,Divorced,5.0,1,2,1,1.0,Executive,17670.0,0,0,0.021511879,0,True
42.0,Self Enquiry,1,13.0,Small Business,Male,4,5.0,Deluxe,4.0,Unmarried,8.0,1,3,1,3.0,Manager,24710.0,0,0,0.16228467,0,True
33.0,Self Enquiry,3,20.0,Salaried,Male,4,4.0,Deluxe,3.0,Married,4.0,0,2,0,1.0,Manager,23081.0,0,0,0.033950623,0,True
37.0,Company Invited,1,25.0,Salaried,Male,4,4.0,Deluxe,3.0,Unmarried,4.0,0,3,1,1.0,Manager,26457.0,0,0,0.026267374,0,True
36.0,Self Enquiry,3,16.0,Small Business,Male,2,4.0,Standard,5.0,Married,1.0,0,5,0,0.0,Senior Manager,22094.0,1,1,0.71385515,1,True
54.0,Self Enquiry,1,28.0,Small Business,Female,3,3.0,Super Deluxe,3.0,Married,4.0,0,1,1,1.0,AVP,32426.0,0,0,4.165249e-09,0,True
21.0,Self Enquiry,1,11.0,Large Business,Male,3,4.0,Basic,5.0,Unmarried,3.0,0,3,1,2.0,Executive,21651.0,1,1,0.7821739,1,True
35.0,Self Enquiry,3,14.0,Salaried,Female,3,3.0,Basic,3.0,Married,2.0,0,3,1,2.0,Executive,17572.0,0,0,0.0169731,0,True
30.0,Company Invited,1,17.0,Salaried,Female,4,4.0,Basic,4.0,Married,2.0,0,5,0,1.0,Executive,21969.0,0,0,0.083904415,0,True
36.0,Company Invited,1,9.0,Small Business,Female,3,4.0,Deluxe,4.0,Unmarried,7.0,0,1,0,1.0,Manager,23103.0,0,0,2.4529321e-05,0,True
42.0,Self Enquiry,1,35.0,Salaried,Female,3,5.0,Super Deluxe,4.0,Married,2.0,0,5,1,2.0,AVP,32248.0,0,0,0.00022808026,0,True
29.0,Self Enquiry,1,6.0,Large Business,Male,3,4.0,Basic,5.0,Single,7.0,0,3,0,2.0,Executive,17362.0,1,1,0.980977,1,True
59.0,Self Enquiry,1,30.0,Small Business,Female,4,4.0,Standard,3.0,Divorced,3.0,0,3,1,1.0,Senior Manager,28990.0,1,1,0.9723829,1,True
30.0,Self Enquiry,1,22.0,Salaried,Male,2,3.0,Basic,3.0,Married,2.0,0,1,0,0.0,Executive,17862.0,0,0,0.020874396,0,True
27.0,Self Enquiry,1,13.0,Salaried,Female,3,5.0,Basic,4.0,Married,3.0,0,3,1,2.0,Executive,21046.0,0,0,0.30361828,0,True
46.0,Self Enquiry,1,36.0,Small Business,Male,3,4.0,Basic,3.0,Unmarried,7.0,0,2,1,1.0,Executive,22130.0,0,0,0.0051068566,0,True
35.0,Company Invited,1,9.0,Salaried,Male,3,5.0,Deluxe,3.0,Divorced,3.0,0,4,0,1.0,Manager,28225.0,0,0,0.0033116008,0,True
31.0,Self Enquiry,1,15.0,Salaried,Male,2,4.0,Basic,4.0,Single,1.0,1,3,1,0.0,Executive,17657.0,0,1,0.7966869,0,False
27.0,Company Invited,1,7.0,Salaried,Female,4,6.0,Basic,3.0,Married,5.0,0,4,1,1.0,Executive,23042.0,0,0,0.023565326,0,True
44.0,Company Invited,1,8.0,Small Business,Male,2,3.0,Standard,3.0,Unmarried,6.0,1,1,0,1.0,Senior Manager,25209.0,0,0,0.00087235216,0,True
29.0,Self Enquiry,1,16.0,Salaried,Female,3,4.0,Basic,5.0,Single,7.0,1,5,1,1.0,Executive,17404.0,1,1,0.98448586,1,True
41.0,Company Invited,1,15.0,Small Business,Male,3,3.0,King,3.0,Married,3.0,0,4,1,2.0,VP,34419.0,0,0,5.0624767e-05,0,True
55.0,Company Invited,1,24.0,Small Business,Male,3,3.0,Deluxe,4.0,Divorced,4.0,1,5,1,2.0,Manager,21385.0,0,0,0.24534984,0,True
53.0,Self Enquiry,3,14.0,Small Business,Male,3,3.0,Super Deluxe,3.0,Divorced,6.0,0,3,0,2.0,AVP,26836.0,0,0,2.4470012e-06,0,True
34.0,Company Invited,1,32.0,Large Business,Female,3,4.0,Basic,3.0,Married,2.0,0,1,1,0.0,Executive,17029.0,0,0,0.024791926,0,True
36.0,Self Enquiry,1,12.0,Large Business,Male,4,4.0,Standard,4.0,Unmarried,2.0,0,3,1,2.0,Senior Manager,26773.0,0,0,0.027076913,0,True
27.0,Self Enquiry,1,7.0,Small Business,Male,3,5.0,Basic,5.0,Divorced,3.0,0,3,0,2.0,Executive,22633.0,0,0,0.12751122,0,True
41.0,Self Enquiry,3,17.0,Large Business,Female,3,5.0,Deluxe,4.0,Married,2.0,0,5,1,1.0,Manager,25530.0,0,0,0.009979096,0,True
33.0,Self Enquiry,1,12.0,Salaried,Female,3,2.0,Basic,3.0,Married,5.0,0,5,1,2.0,Executive,21990.0,0,0,0.0033520507,0,True
26.0,Self Enquiry,3,25.0,Salaried,Male,4,2.0,Deluxe,3.0,Divorced,4.0,0,1,0,1.0,Manager,24910.0,0,0,0.0021985348,0,True
51.0,Self Enquiry,3,15.0,Small Business,Male,3,4.0,Basic,4.0,Divorced,2.0,0,2,1,1.0,Executive,22553.0,0,0,0.053428184,0,True
36.0,Self Enquiry,1,25.0,Salaried,Male,3,2.0,Deluxe,5.0,Married,3.0,0,3,0,2.0,Manager,23886.0,0,0,0.12416904,0,True
33.0,Self Enquiry,1,15.0,Small Business,Female,4,2.0,Deluxe,3.0,Married,7.0,0,3,1,3.0,Manager,23853.0,0,0,0.0018246515,0,True
46.0,Self Enquiry,3,9.0,Large Business,Male,3,6.0,Deluxe,3.0,Unmarried,2.0,0,5,0,1.0,Manager,25310.0,0,0,0.29764646,0,True
51.0,Company Invited,1,14.0,Salaried,Male,2,5.0,Standard,3.0,Unmarried,3.0,0,1,1,0.0,Senior Manager,25650.0,1,0,0.45032987,1,False
50.0,Company Invited,1,6.0,Salaried,Female,3,3.0,King,4.0,Divorced,4.0,1,2,0,2.0,VP,33172.0,0,0,1.8764824e-05,0,True
28.0,Company Invited,3,6.0,Salaried,Male,2,4.0,Deluxe,3.0,Married,2.0,1,1,0,0.0,Manager,21834.0,0,0,0.017378261,0,True
50.0,Company Invited,3,14.0,Large Business,Male,2,3.0,Deluxe,3.0,Married,4.0,1,5,0,0.0,Manager,21796.0,1,1,0.85951453,1,True
47.0,Self Enquiry,1,8.0,Salaried,Female,2,3.0,Super Deluxe,3.0,Married,2.0,1,4,1,0.0,AVP,31752.0,0,0,5.810381e-07,0,True
49.0,Self Enquiry,1,7.0,Salaried,Male,4,5.0,Standard,3.0,Unmarried,2.0,1,5,0,1.0,Senior Manager,24059.0,1,1,0.9308507,1,True
40.0,Self Enquiry,1,25.0,Small Business,Male,1,3.0,Deluxe,3.0,Married,1.0,1,1,1,0.0,Manager,17741.0,0,0,0.011208417,0,True
29.0,Self Enquiry,1,17.0,Salaried,Female,3,4.0,Deluxe,3.0,Unmarried,5.0,0,4,1,2.0,Manager,22338.0,0,0,0.007564186,0,True
44.0,Company Invited,1,14.0,Small Business,Male,3,2.0,Basic,3.0,Married,6.0,0,4,1,1.0,Executive,20767.0,0,0,0.0072289724,0,True
28.0,Company Invited,3,15.0,Salaried,Male,3,4.0,Standard,3.0,Unmarried,3.0,0,2,1,1.0,Senior Manager,27404.0,0,0,0.05946829,0,True
49.0,Company Invited,1,8.0,Salaried,Male,2,3.0,King,3.0,Married,4.0,0,3,1,0.0,VP,34161.0,0,0,4.8842587e-05,0,True
50.0,Company Invited,3,18.0,Small Business,Female,3,3.0,Standard,3.0,Unmarried,5.0,0,5,1,2.0,Senior Manager,24208.0,0,0,0.11731305,0,True
38.0,Self Enquiry,1,16.0,Small Business,Female,3,3.0,Deluxe,3.0,Married,4.0,0,3,0,1.0,Manager,24824.0,0,0,0.0004644827,0,True
41.0,Self Enquiry,1,14.0,Salaried,Male,4,4.0,Basic,5.0,Single,5.0,1,3,0,2.0,Executive,20844.0,1,1,0.9102377,1,True
38.0,Company Invited,1,8.0,Small Business,Female,3,4.0,Basic,4.0,Married,5.0,0,3,0,0.0,Executive,17468.0,0,0,0.00057582156,0,True
49.0,Self Enquiry,3,9.0,Small Business,Male,3,2.0,Deluxe,4.0,Married,5.0,0,3,0,2.0,Manager,26798.0,0,0,0.0011854275,0,True
33.0,Company Invited,1,11.0,Salaried,Female,3,3.0,Standard,4.0,Divorced,7.0,0,3,1,2.0,Senior Manager,26878.0,0,0,0.0598628,0,True
37.0,Self Enquiry,1,23.0,Salaried,Female,3,2.0,Basic,5.0,Unmarried,3.0,0,2,1,1.0,Executive,21421.0,1,1,0.65157646,1,True
55.0,Self Enquiry,1,9.0,Large Business,Female,3,4.0,Standard,3.0,Divorced,2.0,0,4,1,1.0,Senior Manager,32227.0,0,0,0.011179073,0,True
35.0,Company Invited,2,30.0,Salaried,Female,3,4.0,Standard,5.0,Married,2.0,1,3,1,1.0,Senior Manager,28628.0,1,1,0.85364145,1,True
40.0,Self Enquiry,1,26.0,Large Business,Male,3,3.0,Standard,3.0,Divorced,5.0,0,3,1,1.0,Senior Manager,25322.0,0,0,0.008033596,0,True
41.0,Company Invited,1,18.0,Large Business,Female,4,4.0,Deluxe,3.0,Married,3.0,0,3,1,2.0,Manager,25001.0,0,0,0.0012990659,0,True
38.0,Company Invited,1,32.0,Small Business,Female,4,4.0,Deluxe,3.0,Married,5.0,1,3,1,3.0,Manager,23127.0,0,0,0.01537655,0,True
50.0,Self Enquiry,1,7.0,Large Business,Female,3,5.0,Super Deluxe,3.0,Single,2.0,1,3,0,1.0,AVP,32642.0,0,0,2.6042755e-05,0,True
43.0,Self Enquiry,1,9.0,Small Business,Male,4,5.0,Basic,4.0,Married,6.0,0,1,1,3.0,Executive,23519.0,0,0,0.019953322,0,True
41.0,Self Enquiry,1,27.0,Large Business,Male,4,4.0,Standard,3.0,Divorced,6.0,0,3,1,2.0,Senior Manager,29000.0,0,0,0.014824872,0,True
46.0,Company Invited,1,14.0,Salaried,Male,4,4.0,Standard,5.0,Married,3.0,0,1,1,1.0,Senior Manager,23888.0,0,0,0.040093224,0,True
32.0,Self Enquiry,1,19.0,Small Business,Female,3,4.0,Deluxe,3.0,Divorced,2.0,1,4,0,2.0,Manager,24533.0,0,0,0.04216071,0,True
43.0,Company Invited,2,9.0,Small Business,Male,4,2.0,Deluxe,5.0,Divorced,2.0,0,2,0,3.0,Manager,24950.0,0,0,1.6502174e-05,0,True
32.0,Self Enquiry,3,6.0,Salaried,Male,2,5.0,Deluxe,4.0,Unmarried,7.0,0,3,0,1.0,Manager,21735.0,1,1,0.9502114,1,True
56.0,Self Enquiry,1,29.0,Salaried,Male,3,3.0,Super Deluxe,4.0,Divorced,5.0,1,4,1,2.0,AVP,28402.0,0,0,0.0012403456,0,True
27.0,Self Enquiry,1,11.0,Salaried,Male,3,4.0,Basic,3.0,Unmarried,3.0,1,1,0,1.0,Executive,21553.0,0,1,0.696159,0,False
32.0,Self Enquiry,1,16.0,Small Business,Male,1,3.0,Standard,3.0,Unmarried,3.0,0,1,0,0.0,Senior Manager,26244.0,0,0,0.0003977055,0,True
49.0,Company Invited,3,31.0,Salaried,Male,4,6.0,Basic,3.0,Single,3.0,1,1,1,3.0,Executive,21237.0,1,1,0.98867685,1,True
31.0,Company Invited,1,7.0,Small Business,Female,3,4.0,Deluxe,3.0,Unmarried,3.0,0,3,1,1.0,Manager,22689.0,0,0,0.00027190227,0,True
36.0,Self Enquiry,3,10.0,Salaried,Male,4,4.0,Standard,3.0,Married,8.0,0,5,0,2.0,Senior Manager,26501.0,0,0,0.011426483,0,True
37.0,Self Enquiry,2,20.0,Salaried,Male,3,5.0,Basic,5.0,Married,6.0,1,5,1,2.0,Executive,23317.0,1,1,0.65581375,1,True
39.0,Company Invited,1,16.0,Salaried,Male,4,4.0,Deluxe,5.0,Married,6.0,0,3,0,3.0,Manager,25571.0,1,1,0.9513771,1,True
39.0,Self Enquiry,1,9.0,Salaried,Male,3,4.0,Basic,3.0,Unmarried,7.0,1,1,0,1.0,Executive,22622.0,0,0,0.17196442,0,True
37.0,Self Enquiry,3,6.0,Salaried,Male,2,4.0,Standard,3.0,Divorced,6.0,0,2,1,1.0,Senior Manager,25609.0,1,1,0.99197274,1,True
36.0,Company Invited,3,17.0,Large Business,Female,3,3.0,Standard,3.0,Married,1.0,0,5,0,2.0,Senior Manager,24738.0,0,0,0.023219515,0,True
43.0,Company Invited,1,33.0,Small Business,Female,3,4.0,Standard,5.0,Divorced,5.0,1,3,0,2.0,Senior Manager,31869.0,0,0,0.0023678355,0,True
42.0,Self Enquiry,1,13.0,Small Business,Male,3,4.0,Basic,5.0,Unmarried,4.0,1,4,1,1.0,Executive,23399.0,0,1,0.8239165,0,False
41.0,Company Invited,1,16.0,Small Business,Male,3,4.0,Basic,4.0,Married,2.0,1,4,0,2.0,Executive,22295.0,0,1,0.97929126,0,False
26.0,Self Enquiry,1,7.0,Salaried,Female,4,4.0,Deluxe,3.0,Divorced,2.0,0,3,1,2.0,Manager,23576.0,0,0,0.0018003348,0,True
38.0,Self Enquiry,1,32.0,Small Business,Female,3,5.0,Deluxe,3.0,Married,2.0,0,3,1,1.0,Manager,24409.0,0,0,0.03719541,0,True
45.0,Self Enquiry,1,26.0,Small Business,Male,3,3.0,Super Deluxe,3.0,Divorced,1.0,1,3,0,0.0,AVP,28496.0,0,0,5.7177695e-06,0,True
24.0,Self Enquiry,1,23.0,Salaried,Female,3,3.0,Basic,4.0,Married,2.0,0,1,1,2.0,Executive,17210.0,1,1,0.8745579,1,True
41.0,Company Invited,1,23.0,Small Business,Male,3,5.0,Deluxe,3.0,Unmarried,8.0,0,5,0,1.0,Manager,23772.0,0,0,0.013250905,0,True
29.0,Self Enquiry,2,15.0,Small Business,Male,4,5.0,Basic,3.0,Married,3.0,0,1,1,1.0,Executive,23614.0,0,0,0.032295313,0,True
43.0,Company Invited,1,6.0,Salaried,Female,2,3.0,Deluxe,3.0,Married,5.0,0,1,1,1.0,Manager,20562.0,0,0,7.266306e-06,0,True
45.0,Self Enquiry,1,12.0,Salaried,Male,2,3.0,Standard,5.0,Married,5.0,1,3,1,1.0,Senior Manager,28245.0,0,0,0.008659713,0,True
35.0,Self Enquiry,1,12.0,Small Business,Male,3,5.0,Deluxe,3.0,Married,3.0,0,4,1,2.0,Manager,22664.0,0,0,0.42185998,0,True
30.0,Self Enquiry,1,22.0,Salaried,Male,2,1.0,Deluxe,3.0,Married,4.0,0,1,1,0.0,Manager,20294.0,0,0,0.009255447,0,True
38.0,Company Invited,1,8.0,Salaried,Male,2,3.0,Basic,3.0,Married,2.0,1,5,1,0.0,Executive,16702.0,0,0,0.303292,0,True
31.0,Self Enquiry,3,8.0,Salaried,Male,2,3.0,Basic,3.0,Married,1.0,0,4,1,0.0,Executive,18067.0,0,0,0.030951787,0,True
30.0,Self Enquiry,1,11.0,Large Business,Female,2,3.0,Basic,5.0,Married,6.0,0,5,0,1.0,Executive,18204.0,0,0,0.28881937,0,True
21.0,Self Enquiry,1,21.0,Salaried,Male,3,3.0,Basic,3.0,Single,2.0,0,3,1,1.0,Executive,16232.0,0,0,0.42448652,0,True
39.0,Self Enquiry,3,30.0,Small Business,Female,2,4.0,Super Deluxe,3.0,Married,1.0,0,1,1,1.0,AVP,27031.0,0,0,6.553427e-07,0,True
42.0,Self Enquiry,1,29.0,Salaried,Female,2,3.0,Super Deluxe,3.0,Single,3.0,0,3,0,0.0,AVP,30992.0,0,0,2.5721956e-05,0,True
61.0,Self Enquiry,1,14.0,Salaried,Female,3,4.0,King,5.0,Married,7.0,0,5,1,1.0,VP,38244.0,0,0,9.247287e-05,0,True
57.0,Self Enquiry,1,6.0,Small Business,Male,2,3.0,Deluxe,3.0,Divorced,3.0,0,3,1,1.0,Manager,21755.0,0,0,0.011200402,0,True
38.0,Self Enquiry,3,17.0,Salaried,Female,3,5.0,Deluxe,3.0,Married,4.0,1,4,1,2.0,Manager,25372.0,0,0,0.106835335,0,True
27.0,Self Enquiry,2,32.0,Salaried,Female,4,4.0,Basic,3.0,Married,3.0,0,4,1,2.0,Executive,21620.0,0,0,0.09672258,0,True
31.0,Self Enquiry,1,28.0,Small Business,Male,3,3.0,Deluxe,3.0,Divorced,2.0,1,5,1,0.0,Manager,21179.0,1,1,0.9502481,1,True
30.0,Self Enquiry,1,30.0,Salaried,Male,3,2.0,Basic,3.0,Divorced,3.0,0,2,1,2.0,Executive,21378.0,0,0,0.015267034,0,True
47.0,Self Enquiry,1,9.0,Salaried,Male,3,4.0,Standard,3.0,Married,5.0,0,1,1,2.0,Senior Manager,27256.0,0,0,0.0056425068,0,True
47.0,Self Enquiry,1,14.0,Small Business,Male,4,4.0,Standard,3.0,Married,8.0,0,2,0,3.0,Senior Manager,29523.0,0,0,0.03339855,0,True
36.0,Company Invited,1,17.0,Salaried,Male,3,4.0,Deluxe,4.0,Unmarried,2.0,0,4,1,1.0,Manager,21499.0,0,0,0.028213212,0,True
34.0,Self Enquiry,3,13.0,Large Business,Male,2,3.0,Basic,3.0,Married,1.0,1,1,0,1.0,Executive,17308.0,0,1,0.7626866,0,False
39.0,Self Enquiry,1,11.0,Small Business,Female,3,4.0,Basic,3.0,Married,2.0,0,5,0,1.0,Executive,21984.0,0,0,0.0048336466,0,True
30.0,Self Enquiry,3,17.0,Small Business,Female,3,5.0,Deluxe,4.0,Married,3.0,1,5,0,2.0,Manager,26946.0,0,0,0.24327609,0,True
49.0,Self Enquiry,1,28.0,Salaried,Female,3,3.0,Super Deluxe,4.0,Married,4.0,0,4,0,1.0,AVP,31413.0,0,0,3.6756187e-06,0,True
37.0,Self Enquiry,1,33.0,Salaried,Male,4,4.0,Deluxe,3.0,Married,8.0,0,3,1,1.0,Manager,24025.0,0,0,0.05212151,0,True
34.0,Company Invited,3,12.0,Small Business,Female,2,5.0,Basic,3.0,Married,1.0,0,4,1,1.0,Executive,17351.0,1,1,0.9736818,1,True
56.0,Self Enquiry,1,13.0,Salaried,Male,2,5.0,Standard,3.0,Unmarried,5.0,0,2,0,0.0,Senior Manager,22260.0,0,0,0.018400762,0,True
28.0,Company Invited,3,27.0,Salaried,Female,3,4.0,Deluxe,3.0,Single,3.0,0,2,1,2.0,Manager,28659.0,0,0,0.017900368,0,True
53.0,Self Enquiry,1,18.0,Salaried,Female,3,4.0,Deluxe,3.0,Divorced,2.0,0,2,1,2.0,Manager,21827.0,0,0,0.009170711,0,True
39.0,Company Invited,1,10.0,Salaried,Male,3,4.0,Basic,3.0,Divorced,5.0,0,3,1,2.0,Executive,21499.0,0,0,0.02235012,0,True
47.0,Self Enquiry,1,9.0,Large Business,Male,3,4.0,Deluxe,3.0,Married,4.0,0,1,0,1.0,Manager,26057.0,0,0,0.002453364,0,True
20.0,Company Invited,1,12.0,Salaried,Female,3,4.0,Basic,3.0,Single,2.0,1,1,0,0.0,Executive,17926.0,1,1,0.8096926,1,True
29.0,Self Enquiry,1,12.0,Small Business,Female,2,3.0,Basic,3.0,Divorced,2.0,0,3,0,0.0,Executive,18131.0,0,0,0.0014372618,0,True
30.0,Self Enquiry,3,16.0,Small Business,Female,3,6.0,Basic,4.0,Unmarried,3.0,0,1,1,2.0,Executive,21438.0,1,1,0.8357845,1,True
45.0,Self Enquiry,1,6.0,Large Business,Male,3,3.0,Standard,4.0,Married,2.0,0,3,1,1.0,Senior Manager,22441.0,0,0,0.06981987,0,True
42.0,Company Invited,2,8.0,Small Business,Male,3,1.0,Deluxe,5.0,Married,1.0,0,1,1,1.0,Manager,21272.0,0,0,0.00012431435,0,True
29.0,Company Invited,3,7.0,Large Business,Male,4,4.0,Basic,3.0,Divorced,5.0,0,3,1,1.0,Executive,21587.0,1,1,0.8268728,1,True
52.0,Self Enquiry,1,9.0,Small Business,Male,3,6.0,Deluxe,4.0,Married,7.0,0,2,0,1.0,Manager,24160.0,0,0,0.08231883,0,True
46.0,Self Enquiry,3,9.0,Salaried,Male,4,4.0,Deluxe,4.0,Married,2.0,0,5,1,3.0,Manager,23483.0,0,0,0.0081528565,0,True
34.0,Company Invited,3,8.0,Small Business,Female,3,3.0,Basic,3.0,Divorced,7.0,0,5,1,2.0,Executive,17231.0,0,0,0.009947672,0,True
44.0,Self Enquiry,2,9.0,Salaried,Male,4,4.0,Basic,3.0,Unmarried,2.0,0,1,0,1.0,Executive,22217.0,0,0,0.008890243,0,True
45.0,Self Enquiry,3,7.0,Small Business,Female,4,4.0,Deluxe,5.0,Married,7.0,1,1,1,2.0,Manager,24132.0,0,0,0.004626438,0,True
25.0,Self Enquiry,3,24.0,Salaried,Male,3,1.0,Deluxe,3.0,Divorced,3.0,0,1,0,0.0,Manager,21232.0,0,0,0.0034247779,0,True
31.0,Self Enquiry,1,14.0,Salaried,Male,3,4.0,Deluxe,3.0,Married,3.0,0,5,1,2.0,Manager,22169.0,0,0,0.014065929,0,True
54.0,Company Invited,3,9.0,Small Business,Female,3,5.0,Standard,4.0,Divorced,4.0,0,2,0,2.0,Senior Manager,26203.0,0,0,0.0057150046,0,True
39.0,Self Enquiry,1,9.0,Salaried,Male,3,4.0,Deluxe,3.0,Divorced,2.0,0,2,0,2.0,Manager,25231.0,0,0,0.0026934934,0,True
26.0,Self Enquiry,3,33.0,Small Business,Female,3,4.0,Deluxe,3.0,Unmarried,3.0,0,4,0,1.0,Manager,24858.0,0,0,0.28326055,0,True
36.0,Company Invited,1,24.0,Small Business,Female,3,3.0,Basic,3.0,Single,2.0,0,3,0,1.0,Executive,17153.0,0,0,0.029854178,0,True
36.0,Self Enquiry,3,14.0,Salaried,Female,3,4.0,Deluxe,3.0,Married,3.0,1,4,1,2.0,Manager,23882.0,0,0,0.09531279,0,True
38.0,Company Invited,1,9.0,Salaried,Male,4,5.0,Deluxe,3.0,Married,7.0,0,2,0,2.0,Manager,23841.0,0,0,0.011735043,0,True
28.0,Self Enquiry,3,9.0,Small Business,Male,3,4.0,Basic,5.0,Married,2.0,0,5,1,2.0,Executive,21719.0,1,1,0.96217746,1,True
29.0,Self Enquiry,1,16.0,Small Business,Female,4,4.0,Basic,3.0,Married,7.0,0,3,1,2.0,Executive,21055.0,0,0,0.012176763,0,True
46.0,Self Enquiry,1,27.0,Small Business,Male,4,4.0,Super Deluxe,3.0,Married,2.0,1,3,1,2.0,AVP,32174.0,0,0,9.1683265e-05,0,True
43.0,Self Enquiry,2,9.0,Large Business,Male,3,4.0,Basic,3.0,Married,2.0,1,4,1,1.0,Executive,21374.0,0,1,0.54140216,0,False
31.0,Self Enquiry,1,12.0,Large Business,Female,3,4.0,Basic,5.0,Married,7.0,0,5,1,2.0,Executive,21882.0,0,0,0.32180053,0,True
39.0,Company Invited,1,9.0,Salaried,Female,4,2.0,Deluxe,5.0,Unmarried,8.0,1,2,1,3.0,Manager,24658.0,0,0,0.013673673,0,True
32.0,Self Enquiry,3,12.0,Large Business,Male,3,4.0,Deluxe,3.0,Married,3.0,0,5,0,2.0,Manager,27024.0,0,0,0.033114765,0,True
59.0,Self Enquiry,1,16.0,Small Business,Female,4,5.0,Basic,4.0,Divorced,6.0,1,2,1,1.0,Executive,22024.0,0,0,0.063847445,0,True
54.0,Self Enquiry,1,11.0,Small Business,Male,2,3.0,King,5.0,Married,5.0,0,4,1,0.0,VP,34406.0,0,0,0.000693606,0,True
36.0,Self Enquiry,1,9.0,Salaried,Female,2,3.0,Basic,3.0,Married,6.0,0,2,1,0.0,Executive,17835.0,0,0,0.0026630657,0,True
35.0,Self Enquiry,1,17.0,Small Business,Male,2,3.0,Basic,3.0,Married,1.0,1,5,0,0.0,Executive,17660.0,0,0,0.45456776,0,True
56.0,Self Enquiry,1,30.0,Salaried,Male,3,3.0,Basic,3.0,Single,2.0,0,3,0,0.0,Executive,17587.0,1,1,0.8758561,1,True
38.0,Self Enquiry,1,12.0,Small Business,Male,4,4.0,Deluxe,3.0,Married,2.0,0,3,0,1.0,Manager,25025.0,0,0,0.028462384,0,True
43.0,Company Invited,1,16.0,Salaried,Female,2,4.0,Deluxe,3.0,Married,2.0,0,3,0,0.0,Manager,20257.0,0,0,0.00037794528,0,True
32.0,Self Enquiry,1,15.0,Salaried,Female,4,4.0,Deluxe,3.0,Unmarried,3.0,0,5,1,3.0,Manager,23102.0,0,0,0.013849744,0,True
45.0,Company Invited,3,15.0,Salaried,Female,3,4.0,Deluxe,3.0,Married,2.0,0,3,1,2.0,Manager,20593.0,0,0,0.012570817,0,True
30.0,Self Enquiry,1,7.0,Large Business,Male,4,5.0,Basic,5.0,Single,8.0,0,3,0,3.0,Executive,21040.0,1,1,0.975898,1,True
29.0,Self Enquiry,1,14.0,Salaried,Male,3,5.0,Basic,5.0,Married,2.0,1,3,0,1.0,Executive,17119.0,1,1,0.91498005,1,True
58.0,Self Enquiry,1,29.0,Small Business,Female,3,3.0,Standard,3.0,Divorced,2.0,0,3,1,0.0,Senior Manager,25312.0,1,1,0.9676818,1,True
46.0,Self Enquiry,3,9.0,Large Business,Male,3,6.0,Deluxe,3.0,Unmarried,2.0,0,5,1,2.0,Manager,25310.0,0,0,0.10674497,0,True
36.0,Self Enquiry,1,12.0,Salaried,Male,2,3.0,Basic,3.0,Divorced,1.0,0,5,1,1.0,Executive,18210.0,0,0,0.019265609,0,True
31.0,Company Invited,1,9.0,Small Business,Male,3,3.0,Standard,3.0,Married,1.0,0,4,1,0.0,Senior Manager,28675.0,0,0,0.027762732,0,True
50.0,Self Enquiry,1,34.0,Small Business,Male,3,1.0,Basic,3.0,Married,2.0,1,1,0,1.0,Executive,18221.0,0,0,0.0042370763,0,True
22.0,Self Enquiry,1,11.0,Salaried,Male,2,2.0,Basic,4.0,Married,2.0,1,4,0,0.0,Executive,17328.0,0,1,0.51717097,0,False
23.0,Self Enquiry,1,10.0,Salaried,Female,3,4.0,Deluxe,3.0,Married,2.0,1,5,1,2.0,Manager,22849.0,1,0,0.21560235,1,False
33.0,Self Enquiry,3,14.0,Small Business,Male,2,3.0,Deluxe,3.0,Married,1.0,0,1,0,0.0,Manager,22104.0,0,0,0.003107566,0,True
31.0,Self Enquiry,1,27.0,Salaried,Male,3,4.0,Deluxe,5.0,Divorced,2.0,0,4,1,1.0,Manager,28635.0,0,0,0.027372025,0,True
39.0,Company Invited,1,28.0,Small Business,Female,2,3.0,Standard,5.0,Unmarried,2.0,1,5,1,1.0,Senior Manager,25880.0,0,0,0.42668235,0,True
35.0,Self Enquiry,1,15.0,Salaried,Male,3,4.0,Deluxe,4.0,Unmarried,1.0,0,2,1,2.0,Manager,21540.0,0,0,0.013080803,0,True
41.0,Self Enquiry,3,6.0,Salaried,Female,3,3.0,Deluxe,3.0,Single,1.0,1,2,1,0.0,Manager,20993.0,1,1,0.8052907,1,True
29.0,Company Invited,1,6.0,Salaried,Male,3,1.0,Deluxe,3.0,Unmarried,1.0,1,3,0,1.0,Manager,21294.0,0,0,0.009076132,0,True
32.0,Self Enquiry,1,14.0,Small Business,Female,3,4.0,Deluxe,5.0,Divorced,3.0,0,2,1,1.0,Manager,22984.0,0,0,0.0007095323,0,True
34.0,Self Enquiry,1,21.0,Small Business,Female,4,4.0,Basic,4.0,Married,3.0,0,5,1,2.0,Executive,21434.0,0,0,0.10348321,0,True
26.0,Self Enquiry,1,31.0,Salaried,Male,2,5.0,Basic,3.0,Single,2.0,0,2,1,1.0,Executive,17293.0,1,0,0.3875342,1,False
25.0,Self Enquiry,3,25.0,Small Business,Male,2,4.0,Basic,4.0,Divorced,2.0,1,2,0,0.0,Executive,17413.0,1,1,0.9971661,1,True
39.0,Self Enquiry,3,10.0,Salaried,Male,3,4.0,Deluxe,3.0,Unmarried,2.0,1,3,1,2.0,Manager,25539.0,0,0,0.47778457,0,True
20.0,Self Enquiry,1,16.0,Salaried,Male,3,4.0,Basic,5.0,Single,3.0,0,3,0,1.0,Executive,21230.0,0,1,0.7122572,0,False
48.0,Self Enquiry,1,10.0,Salaried,Male,2,3.0,Standard,3.0,Unmarried,2.0,0,5,1,1.0,Senior Manager,22898.0,0,0,0.02563637,0,True
32.0,Company Invited,1,6.0,Salaried,Male,3,3.0,Basic,3.0,Married,1.0,0,5,0,0.0,Executive,17314.0,0,0,0.005591628,0,True
31.0,Company Invited,1,26.0,Salaried,Male,3,3.0,Standard,3.0,Divorced,4.0,0,3,1,0.0,Senior Manager,24824.0,1,1,0.86512506,1,True
48.0,Self Enquiry,1,11.0,Salaried,Female,4,5.0,Standard,4.0,Married,2.0,1,4,1,3.0,Senior Manager,29011.0,0,0,0.046812132,0,True
37.0,Self Enquiry,1,10.0,Large Business,Male,2,4.0,Deluxe,4.0,Unmarried,6.0,0,1,1,1.0,Manager,23163.0,0,0,0.0016102272,0,True
59.0,Company Invited,3,9.0,Small Business,Male,3,4.0,Super Deluxe,4.0,Married,6.0,0,4,1,1.0,AVP,21383.0,0,0,0.0006073612,0,True
37.0,Self Enquiry,2,12.0,Salaried,Male,3,3.0,Basic,5.0,Married,5.0,1,1,0,2.0,Executive,17073.0,1,1,0.95373464,1,True
32.0,Self Enquiry,1,6.0,Salaried,Male,3,3.0,Basic,5.0,Single,2.0,0,2,0,2.0,Executive,17956.0,0,0,0.3335677,0,True
25.0,Self Enquiry,2,29.0,Salaried,Male,3,6.0,Basic,3.0,Married,3.0,0,1,0,2.0,Executive,20233.0,1,1,0.9453425,1,True
23.0,Self Enquiry,1,15.0,Salaried,Male,4,6.0,Basic,5.0,Married,3.0,0,1,0,2.0,Executive,21129.0,0,1,0.6394234,0,False
36.0,Self Enquiry,1,15.0,Small Business,Male,2,4.0,Deluxe,4.0,Married,3.0,1,4,0,1.0,Manager,23847.0,0,0,0.09691131,0,True
42.0,Company Invited,1,9.0,Salaried,Female,4,5.0,Deluxe,3.0,Unmarried,4.0,1,1,0,1.0,Manager,25489.0,0,0,0.00021649839,0,True
25.0,Self Enquiry,1,25.0,Salaried,Male,3,4.0,Basic,3.0,Divorced,2.0,0,4,1,1.0,Executive,21452.0,0,0,0.043741558,0,True
27.0,Company Invited,1,7.0,Salaried,Female,3,4.0,Deluxe,4.0,Married,3.0,0,5,0,2.0,Manager,25075.0,0,0,0.001767602,0,True
42.0,Self Enquiry,1,9.0,Salaried,Female,3,6.0,Basic,3.0,Married,6.0,1,3,0,1.0,Executive,21456.0,1,1,0.92337364,1,True
49.0,Self Enquiry,1,26.0,Small Business,Female,3,3.0,Deluxe,5.0,Married,2.0,0,1,1,0.0,Manager,21567.0,0,0,0.10703495,0,True
19.0,Company Invited,1,16.0,Small Business,Female,3,4.0,Basic,4.0,Single,2.0,1,5,0,2.0,Executive,16859.0,1,1,0.99524987,1,True
45.0,Self Enquiry,1,15.0,Salaried,Male,4,2.0,Basic,3.0,Divorced,4.0,1,3,1,3.0,Executive,21496.0,0,0,0.12230582,0,True
36.0,Self Enquiry,3,6.0,Salaried,Male,2,3.0,Deluxe,3.0,Married,2.0,1,3,1,1.0,Manager,21201.0,0,0,0.14038436,0,True
38.0,Self Enquiry,1,6.0,Salaried,Female,2,3.0,Standard,3.0,Unmarried,5.0,1,1,0,1.0,Senior Manager,22861.0,0,0,8.865449e-05,0,True
39.0,Self Enquiry,1,7.0,Salaried,Female,3,4.0,Basic,5.0,Unmarried,5.0,0,1,0,2.0,Executive,21297.0,0,0,0.04178821,0,True
26.0,Company Invited,1,6.0,Small Business,Female,3,4.0,Basic,3.0,Married,2.0,0,1,0,0.0,Executive,17007.0,0,0,1.6698923e-05,0,True
34.0,Self Enquiry,3,20.0,Large Business,Female,2,3.0,Basic,3.0,Married,2.0,1,5,1,1.0,Executive,17579.0,0,1,0.5889704,0,False
31.0,Self Enquiry,1,27.0,Salaried,Male,3,4.0,Deluxe,5.0,Married,2.0,0,4,0,2.0,Manager,28635.0,0,0,0.01952884,0,True
19.0,Self Enquiry,3,11.0,Salaried,Male,3,3.0,Standard,4.0,Single,1.0,1,4,1,0.0,Senior Manager,17994.0,1,1,0.9856597,1,True
38.0,Self Enquiry,3,8.0,Small Business,Female,3,5.0,Deluxe,3.0,Married,3.0,1,3,0,0.0,Manager,20405.0,0,0,0.0408869,0,True
36.0,Self Enquiry,1,32.0,Salaried,Male,3,5.0,Deluxe,3.0,Unmarried,6.0,0,2,0,2.0,Manager,22359.0,0,0,0.0078658825,0,True
45.0,Self Enquiry,2,7.0,Small Business,Male,4,5.0,Standard,5.0,Divorced,2.0,0,4,1,1.0,Senior Manager,29160.0,1,0,0.2576815,1,False
27.0,Self Enquiry,1,20.0,Salaried,Male,2,3.0,Basic,5.0,Divorced,2.0,1,4,1,0.0,Executive,17235.0,0,1,0.627446,0,False
53.0,Self Enquiry,1,8.0,Large Business,Female,3,4.0,Standard,3.0,Married,1.0,0,5,1,2.0,Senior Manager,25169.0,1,1,0.9499014,1,True
30.0,Self Enquiry,3,13.0,Small Business,Male,2,3.0,Basic,4.0,Single,1.0,0,2,1,0.0,Executive,17983.0,0,0,0.3655649,0,True
41.0,Self Enquiry,1,18.0,Large Business,Female,2,3.0,King,3.0,Divorced,2.0,0,4,1,0.0,VP,34545.0,1,1,0.95921344,1,True
50.0,Company Invited,2,9.0,Small Business,Male,3,3.0,King,4.0,Married,2.0,0,1,1,2.0,VP,33200.0,0,0,3.5862533e-07,0,True
26.0,Company Invited,1,8.0,Salaried,Male,2,3.0,Basic,5.0,Divorced,7.0,1,5,1,0.0,Executive,17042.0,1,1,0.9880351,1,True
29.0,Self Enquiry,3,16.0,Small Business,Female,2,4.0,Deluxe,4.0,Married,2.0,1,5,1,0.0,Manager,23268.0,0,0,0.15913038,0,True
33.0,Self Enquiry,1,20.0,Small Business,Female,3,3.0,Basic,4.0,Divorced,2.0,0,5,0,0.0,Executive,17756.0,0,0,0.029724894,0,True
41.0,Self Enquiry,3,14.0,Small Business,Male,3,4.0,Basic,4.0,Unmarried,3.0,0,5,0,1.0,Executive,23339.0,1,1,0.8299326,1,True
31.0,Self Enquiry,3,12.0,Salaried,Female,3,4.0,Standard,3.0,Married,4.0,0,4,1,2.0,Senior Manager,28097.0,0,0,0.041444153,0,True
32.0,Self Enquiry,1,14.0,Small Business,Female,3,1.0,Deluxe,3.0,Married,6.0,0,3,1,2.0,Manager,20175.0,0,0,0.0009333205,0,True
59.0,Self Enquiry,1,9.0,Large Business,Male,3,4.0,Basic,3.0,Single,6.0,0,2,1,2.0,Executive,21157.0,1,1,0.87298447,1,True
41.0,Self Enquiry,1,25.0,Salaried,Male,2,3.0,Deluxe,5.0,Married,3.0,0,2,1,0.0,Manager,18072.0,0,0,0.07648466,0,True
49.0,Self Enquiry,3,9.0,Small Business,Female,3,4.0,Deluxe,3.0,Divorced,4.0,0,5,1,1.0,Manager,22729.0,0,0,0.0049048974,0,True
31.0,Company Invited,1,13.0,Salaried,Female,2,4.0,Standard,3.0,Divorced,2.0,0,2,1,1.0,Senior Manager,23943.0,0,0,0.00058738736,0,True
57.0,Company Invited,3,13.0,Salaried,Female,3,3.0,Super Deluxe,5.0,Divorced,2.0,0,3,1,1.0,AVP,31890.0,0,0,1.049955e-05,0,True
28.0,Company Invited,2,29.0,Salaried,Female,3,5.0,Basic,4.0,Married,3.0,0,1,1,1.0,Executive,21541.0,1,1,0.8831189,1,True
36.0,Company Invited,1,9.0,Small Business,Male,3,4.0,Deluxe,3.0,Married,4.0,0,3,0,2.0,Manager,24440.0,0,0,0.0011145447,0,True
36.0,Self Enquiry,2,15.0,Large Business,Female,2,3.0,Basic,3.0,Married,2.0,0,1,1,0.0,Executive,20410.0,1,0,0.025096523,1,False
30.0,Self Enquiry,3,10.0,Small Business,Female,4,4.0,Deluxe,3.0,Married,3.0,0,1,0,1.0,Manager,24239.0,0,0,6.760921e-05,0,True
53.0,Company Invited,1,26.0,Small Business,Male,3,4.0,Basic,3.0,Married,2.0,0,3,1,1.0,Executive,22936.0,0,0,0.12467602,0,True
49.0,Company Invited,1,14.0,Salaried,Male,3,4.0,Deluxe,4.0,Divorced,2.0,0,3,1,2.0,Manager,20130.0,0,0,0.019307848,0,True
34.0,Company Invited,3,15.0,Salaried,Female,3,5.0,Basic,3.0,Single,2.0,0,2,1,2.0,Executive,21020.0,0,0,0.3361057,0,True
44.0,Self Enquiry,3,16.0,Small Business,Female,3,6.0,Deluxe,3.0,Unmarried,2.0,0,1,0,1.0,Manager,24024.0,1,1,0.90132105,1,True
39.0,Self Enquiry,1,17.0,Small Business,Female,4,4.0,Deluxe,3.0,Divorced,5.0,0,3,1,3.0,Manager,28502.0,0,0,0.0021601298,0,True
36.0,Self Enquiry,1,9.0,Salaried,Male,3,1.0,Deluxe,5.0,Married,7.0,0,1,1,2.0,Manager,21842.0,0,0,0.014476234,0,True
35.0,Self Enquiry,1,29.0,Small Business,Male,3,5.0,Basic,3.0,Married,1.0,0,1,1,0.0,Executive,17705.0,0,0,0.06506803,0,True
37.0,Self Enquiry,1,20.0,Salaried,Female,3,3.0,Basic,5.0,Married,2.0,0,4,1,1.0,Executive,18034.0,0,0,0.24628834,0,True
36.0,Self Enquiry,1,7.0,Salaried,Female,3,2.0,Basic,3.0,Single,5.0,0,3,1,2.0,Executive,21184.0,0,0,0.018141301,0,True
24.0,Company Invited,1,10.0,Salaried,Male,2,4.0,Basic,3.0,Married,1.0,0,3,0,1.0,Executive,18162.0,0,0,0.03250831,0,True
37.0,Self Enquiry,1,16.0,Small Business,Male,3,5.0,Deluxe,4.0,Married,4.0,1,4,0,2.0,Manager,27525.0,0,0,0.07825771,0,True
36.0,Self Enquiry,1,30.0,Small Business,Female,2,4.0,Basic,5.0,Married,5.0,1,4,0,1.0,Executive,22692.0,0,1,0.5920654,0,False
41.0,Self Enquiry,3,29.0,Small Business,Male,4,5.0,Deluxe,3.0,Married,4.0,1,3,1,1.0,Manager,25058.0,1,1,0.9200506,1,True
31.0,Self Enquiry,3,12.0,Salaried,Male,3,5.0,Deluxe,3.0,Divorced,5.0,1,3,1,1.0,Manager,21172.0,1,1,0.98416525,1,True
36.0,Self Enquiry,1,11.0,Salaried,Male,4,4.0,Basic,3.0,Married,3.0,0,4,0,1.0,Executive,20629.0,0,0,0.0059605152,0,True
35.0,Company Invited,3,6.0,Small Business,Female,3,3.0,Standard,3.0,Unmarried,2.0,0,5,1,0.0,Senior Manager,23789.0,0,0,0.03024788,0,True
34.0,Self Enquiry,3,15.0,Salaried,Male,3,4.0,Deluxe,5.0,Married,4.0,0,5,1,1.0,Manager,25070.0,0,0,0.018963674,0,True
30.0,Self Enquiry,1,22.0,Salaried,Female,3,5.0,Deluxe,3.0,Unmarried,2.0,1,1,1,2.0,Manager,22871.0,0,0,0.0033739912,0,True
37.0,Self Enquiry,3,7.0,Salaried,Male,3,4.0,Deluxe,3.0,Married,3.0,1,3,1,2.0,Manager,24879.0,0,0,0.11853728,0,True
19.0,Self Enquiry,1,10.0,Salaried,Male,3,4.0,Basic,3.0,Single,3.0,0,4,0,1.0,Executive,20098.0,1,1,0.6357993,1,True
39.0,Self Enquiry,3,8.0,Salaried,Male,2,1.0,Standard,3.0,Unmarried,1.0,0,1,0,0.0,Senior Manager,22880.0,0,0,0.0007477634,0,True
44.0,Company Invited,1,29.0,Small Business,Male,3,3.0,Deluxe,4.0,Divorced,5.0,0,3,1,0.0,Manager,17042.0,0,0,0.07089248,0,True
41.0,Company Invited,1,16.0,Salaried,Male,4,5.0,Deluxe,3.0,Divorced,2.0,0,5,1,1.0,Manager,23554.0,0,0,0.020435367,0,True
41.0,Company Invited,3,9.0,Small Business,Male,4,4.0,Deluxe,4.0,Divorced,7.0,0,4,1,3.0,Manager,23005.0,0,0,0.017720282,0,True
41.0,Self Enquiry,1,8.0,Salaried,Female,2,5.0,Basic,3.0,Married,5.0,1,3,0,0.0,Executive,17778.0,1,1,0.80043185,1,True
35.0,Self Enquiry,1,13.0,Salaried,Male,3,4.0,Basic,3.0,Married,2.0,0,3,1,0.0,Executive,17690.0,0,0,0.044332493,0,True
34.0,Self Enquiry,1,33.0,Small Business,Female,3,3.0,Basic,4.0,Single,3.0,0,3,0,0.0,Executive,17311.0,0,0,0.29089826,0,True
27.0,Self Enquiry,3,11.0,Small Business,Male,3,5.0,Deluxe,3.0,Unmarried,3.0,1,2,1,2.0,Manager,24506.0,1,1,0.94095904,1,True
43.0,Self Enquiry,1,24.0,Salaried,Female,3,3.0,Deluxe,5.0,Unmarried,5.0,1,2,0,1.0,Manager,25223.0,0,0,0.03923177,0,True
32.0,Self Enquiry,3,27.0,Salaried,Female,4,6.0,Deluxe,3.0,Divorced,5.0,1,3,1,1.0,Manager,23237.0,1,1,0.99748826,1,True
33.0,Company Invited,1,13.0,Salaried,Male,2,3.0,Deluxe,3.0,Married,2.0,0,5,1,1.0,Manager,20968.0,0,0,0.0059609665,0,True
29.0,Self Enquiry,1,31.0,Large Business,Female,3,4.0,Basic,4.0,Divorced,6.0,0,3,0,2.0,Executive,17546.0,1,1,0.86732566,1,True
46.0,Self Enquiry,1,32.0,Salaried,Female,4,5.0,Deluxe,3.0,Married,2.0,0,4,0,1.0,Manager,24584.0,0,0,0.029642288,0,True
50.0,Self Enquiry,3,18.0,Small Business,Female,3,4.0,Standard,3.0,Divorced,3.0,0,4,0,2.0,Senior Manager,26332.0,1,1,0.876033,1,True
34.0,Self Enquiry,3,12.0,Small Business,Female,3,4.0,Basic,3.0,Unmarried,3.0,1,2,1,1.0,Executive,21529.0,1,1,0.95639616,1,True
43.0,Company Invited,1,13.0,Small Business,Male,2,1.0,Basic,3.0,Married,5.0,0,4,1,0.0,Executive,17089.0,0,0,0.0038560082,0,True
39.0,Self Enquiry,3,23.0,Salaried,Female,3,4.0,Deluxe,4.0,Unmarried,4.0,0,1,0,1.0,Manager,22876.0,0,0,0.2933551,0,True
40.0,Company Invited,1,22.0,Small Business,Male,2,4.0,Deluxe,3.0,Single,7.0,0,5,0,0.0,Manager,20094.0,0,0,0.021330167,0,True
28.0,Self Enquiry,3,16.0,Small Business,Male,3,4.0,Deluxe,3.0,Unmarried,3.0,0,1,0,2.0,Manager,22783.0,0,0,0.0064960737,0,True
45.0,Self Enquiry,1,7.0,Salaried,Male,4,2.0,Deluxe,5.0,Married,4.0,0,3,1,3.0,Manager,23711.0,0,0,0.012474252,0,True
40.0,Company Invited,1,15.0,Small Business,Female,2,3.0,Standard,3.0,Unmarried,1.0,0,4,0,0.0,Senior Manager,28499.0,0,0,0.007123673,0,True
29.0,Self Enquiry,3,6.0,Small Business,Female,2,4.0,Basic,3.0,Married,7.0,1,2,0,1.0,Executive,17800.0,1,1,0.9976035,1,True
46.0,Self Enquiry,1,21.0,Salaried,Male,2,3.0,King,4.0,Married,6.0,0,3,1,1.0,VP,34081.0,0,0,0.0017021465,0,True
34.0,Self Enquiry,1,15.0,Salaried,Male,3,2.0,Basic,5.0,Married,8.0,0,3,1,2.0,Executive,21821.0,0,0,0.4387959,0,True
38.0,Company Invited,3,8.0,Salaried,Male,2,4.0,Deluxe,3.0,Married,4.0,0,5,1,1.0,Manager,20249.0,0,0,0.00698792,0,True
29.0,Company Invited,1,6.0,Salaried,Male,3,5.0,Basic,3.0,Married,2.0,0,2,1,0.0,Executive,17720.0,0,0,0.035616115,0,True
35.0,Self Enquiry,1,10.0,Salaried,Male,3,3.0,Basic,3.0,Married,2.0,0,4,1,1.0,Executive,16951.0,0,0,0.011680483,0,True
28.0,Self Enquiry,1,13.0,Small Business,Female,4,5.0,Basic,3.0,Married,2.0,0,1,0,2.0,Executive,20865.0,0,0,0.00042611023,0,True
28.0,Self Enquiry,1,10.0,Small Business,Male,3,5.0,Basic,3.0,Single,2.0,0,1,1,2.0,Executive,20723.0,0,0,0.0412965,0,True
51.0,Self Enquiry,3,30.0,Small Business,Female,2,4.0,Deluxe,4.0,Single,1.0,1,5,1,1.0,Manager,17838.0,1,1,0.9043482,1,True
37.0,Self Enquiry,3,24.0,Small Business,Male,3,5.0,Deluxe,4.0,Married,4.0,0,4,1,1.0,Manager,24185.0,0,0,0.061980203,0,True
23.0,Self Enquiry,1,22.0,Small Business,Female,3,4.0,Basic,3.0,Unmarried,3.0,0,1,1,2.0,Executive,21549.0,0,0,0.021460222,0,True
21.0,Self Enquiry,3,18.0,Salaried,Female,2,2.0,Basic,4.0,Single,2.0,0,5,0,1.0,Executive,17716.0,1,1,0.9519752,1,True
53.0,Self Enquiry,1,11.0,Salaried,Female,2,3.0,King,3.0,Married,5.0,0,4,1,0.0,VP,34094.0,0,0,1.7662758e-05,0,True
39.0,Self Enquiry,3,9.0,Small Business,Female,4,6.0,Deluxe,3.0,Married,4.0,1,3,0,1.0,Manager,24083.0,0,0,0.03072359,0,True
27.0,Self Enquiry,1,12.0,Salaried,Male,2,4.0,Basic,3.0,Divorced,2.0,0,2,1,1.0,Executive,17539.0,0,0,0.047951262,0,True
42.0,Self Enquiry,1,6.0,Salaried,Female,3,3.0,Basic,5.0,Married,4.0,0,3,1,1.0,Executive,17576.0,0,0,0.045495838,0,True
54.0,Self Enquiry,3,7.0,Small Business,Female,3,4.0,Deluxe,5.0,Unmarried,2.0,0,1,1,2.0,Manager,27059.0,0,0,0.0056895413,0,True
46.0,Self Enquiry,1,21.0,Salaried,Male,2,3.0,King,4.0,Divorced,6.0,0,3,1,1.0,VP,34081.0,0,0,0.0033303003,0,True
32.0,Self Enquiry,1,15.0,Salaried,Female,3,3.0,Deluxe,3.0,Married,2.0,1,5,1,2.0,Manager,21322.0,0,0,0.12353731,0,True
36.0,Self Enquiry,1,7.0,Small Business,Female,3,5.0,Deluxe,3.0,Divorced,2.0,0,1,1,2.0,Manager,24041.0,0,0,5.251422e-06,0,True
29.0,Company Invited,1,7.0,Small Business,Male,3,4.0,Basic,3.0,Single,2.0,1,4,0,1.0,Executive,20832.0,0,1,0.8930264,0,False
60.0,Company Invited,3,34.0,Small Business,Female,3,4.0,Standard,5.0,Married,5.0,0,1,1,0.0,Senior Manager,25266.0,0,0,0.06057397,0,True
37.0,Company Invited,1,31.0,Salaried,Female,3,4.0,Deluxe,4.0,Married,2.0,0,3,1,2.0,Manager,24352.0,0,0,0.0064469795,0,True
34.0,Self Enquiry,3,27.0,Salaried,Male,3,2.0,Deluxe,3.0,Single,2.0,0,3,1,0.0,Manager,20337.0,0,0,0.043735072,0,True
27.0,Company Invited,3,36.0,Small Business,Male,4,6.0,Deluxe,5.0,Unmarried,2.0,0,3,0,1.0,Manager,23647.0,1,1,0.9265854,1,True
58.0,Self Enquiry,3,16.0,Small Business,Male,2,3.0,Super Deluxe,3.0,Single,1.0,0,3,0,1.0,AVP,28872.0,0,0,0.00032395212,0,True
37.0,Self Enquiry,1,12.0,Small Business,Male,2,1.0,Deluxe,5.0,Married,5.0,1,3,1,1.0,Manager,20974.0,0,0,0.05499666,0,True
51.0,Company Invited,3,7.0,Salaried,Female,4,4.0,Deluxe,3.0,Divorced,2.0,0,2,1,2.0,Manager,25025.0,0,0,0.0064702677,0,True
31.0,Self Enquiry,3,11.0,Small Business,Female,4,5.0,Deluxe,4.0,Married,3.0,1,3,1,2.0,Manager,23887.0,0,0,0.046906583,0,True
51.0,Company Invited,3,15.0,Large Business,Male,3,4.0,Deluxe,3.0,Married,5.0,1,5,0,1.0,Manager,25474.0,1,1,0.816553,1,True
56.0,Company Invited,1,6.0,Salaried,Male,2,3.0,Deluxe,3.0,Married,2.0,0,3,0,0.0,Manager,21306.0,0,0,0.009560442,0,True
31.0,Company Invited,3,26.0,Salaried,Male,3,1.0,Basic,3.0,Divorced,1.0,0,5,1,1.0,Executive,17791.0,0,0,0.023105523,0,True
33.0,Self Enquiry,1,7.0,Salaried,Male,4,4.0,Deluxe,4.0,Married,3.0,0,3,1,1.0,Manager,24898.0,0,0,0.11559553,0,True
36.0,Self Enquiry,3,17.0,Small Business,Female,3,4.0,Deluxe,3.0,Married,5.0,0,1,1,1.0,Manager,21652.0,0,0,0.007397522,0,True
37.0,Self Enquiry,1,25.0,Salaried,Male,3,3.0,Basic,4.0,Married,5.0,0,4,0,1.0,Executive,18022.0,0,0,0.04131967,0,True
34.0,Self Enquiry,1,7.0,Salaried,Male,4,5.0,Basic,5.0,Unmarried,5.0,1,4,1,2.0,Executive,21477.0,0,1,0.8847153,0,False
33.0,Self Enquiry,1,7.0,Salaried,Male,4,4.0,Deluxe,4.0,Divorced,3.0,0,3,0,1.0,Manager,24898.0,0,0,0.16362232,0,True
25.0,Company Invited,1,18.0,Salaried,Female,4,2.0,Deluxe,3.0,Married,2.0,0,5,0,2.0,Manager,22689.0,0,0,0.005796225,0,True
42.0,Self Enquiry,1,19.0,Salaried,Male,3,4.0,Basic,3.0,Married,5.0,1,3,1,1.0,Executive,23444.0,0,0,0.32002503,0,True
32.0,Company Invited,1,6.0,Salaried,Female,3,4.0,Basic,4.0,Divorced,7.0,0,3,1,0.0,Executive,17332.0,0,0,0.03236209,0,True
35.0,Self Enquiry,1,16.0,Small Business,Female,3,5.0,Standard,4.0,Unmarried,3.0,0,2,1,2.0,Senior Manager,27299.0,0,0,0.011867065,0,True
44.0,Self Enquiry,1,13.0,Small Business,Female,2,3.0,King,3.0,Married,1.0,1,4,1,1.0,VP,34049.0,0,0,0.007270848,0,True
34.0,Self Enquiry,3,8.0,Salaried,Male,2,3.0,Deluxe,3.0,Single,2.0,0,5,0,0.0,Manager,21274.0,0,0,0.06374364,0,True
57.0,Self Enquiry,1,21.0,Salaried,Female,4,4.0,Basic,4.0,Married,2.0,1,5,1,1.0,Executive,23641.0,1,0,0.22216599,1,False
27.0,Self Enquiry,3,14.0,Small Business,Female,2,3.0,Deluxe,4.0,Married,2.0,0,1,0,1.0,Manager,21214.0,0,0,0.0009558001,0,True
32.0,Self Enquiry,3,9.0,Salaried,Male,4,4.0,Deluxe,3.0,Unmarried,6.0,1,5,1,2.0,Manager,25260.0,0,0,0.32149538,0,True
40.0,Company Invited,3,28.0,Salaried,Female,3,6.0,Deluxe,3.0,Married,8.0,0,5,0,1.0,Manager,24414.0,0,0,0.0067204423,0,True
41.0,Self Enquiry,2,25.0,Salaried,Male,3,2.0,Basic,5.0,Married,2.0,0,1,1,2.0,Executive,21065.0,1,1,0.8786033,1,True
41.0,Self Enquiry,1,15.0,Small Business,Male,4,5.0,Basic,3.0,Unmarried,3.0,1,4,1,3.0,Executive,27772.0,1,1,0.90437937,1,True
37.0,Self Enquiry,3,10.0,Small Business,Female,4,5.0,Standard,3.0,Married,2.0,0,3,1,1.0,Senior Manager,26322.0,0,0,0.0557683,0,True
36.0,Company Invited,3,15.0,Small Business,Female,4,5.0,Standard,3.0,Married,6.0,1,5,1,3.0,Senior Manager,29055.0,0,0,0.099541076,0,True
37.0,Company Invited,1,15.0,Salaried,Female,4,3.0,Standard,5.0,Divorced,2.0,0,3,0,1.0,Senior Manager,30391.0,0,0,0.00490181,0,True
28.0,Company Invited,3,6.0,Small Business,Male,3,4.0,Deluxe,3.0,Divorced,2.0,0,3,0,2.0,Manager,23020.0,0,0,0.00019930735,0,True
24.0,Company Invited,1,10.0,Salaried,Male,2,4.0,Basic,3.0,Divorced,1.0,0,3,0,0.0,Executive,18162.0,0,0,0.02597598,0,True
24.0,Self Enquiry,1,33.0,Salaried,Male,3,4.0,Basic,3.0,Married,3.0,0,2,1,2.0,Executive,21582.0,0,0,0.14242677,0,True
34.0,Self Enquiry,3,20.0,Large Business,Female,2,3.0,Basic,3.0,Married,2.0,1,5,1,0.0,Executive,17579.0,0,1,0.67203665,0,False
44.0,Self Enquiry,1,14.0,Salaried,Male,3,1.0,Basic,3.0,Divorced,3.0,1,3,1,2.0,Executive,17818.0,0,0,0.08661965,0,True
48.0,Self Enquiry,3,22.0,Salaried,Female,3,3.0,Deluxe,3.0,Married,1.0,0,4,1,0.0,Manager,21439.0,0,0,0.0077069863,0,True
41.0,Company Invited,3,16.0,Salaried,Male,2,3.0,Deluxe,3.0,Single,1.0,0,1,0,1.0,Manager,21230.0,0,0,0.051862855,0,True
37.0,Company Invited,3,10.0,Small Business,Male,3,5.0,Standard,3.0,Divorced,6.0,0,2,0,2.0,Senior Manager,28377.0,0,0,0.04367398,0,True
34.0,Self Enquiry,1,14.0,Small Business,Male,3,4.0,Standard,3.0,Divorced,2.0,0,4,0,1.0,Senior Manager,30369.0,0,0,0.058595486,0,True
38.0,Company Invited,3,26.0,Small Business,Male,3,4.0,Standard,4.0,Unmarried,3.0,1,5,0,1.0,Senior Manager,26320.0,0,1,0.8804023,0,False
34.0,Self Enquiry,1,12.0,Salaried,Male,3,5.0,Standard,3.0,Married,6.0,0,3,0,1.0,Senior Manager,25797.0,0,0,0.025241442,0,True
30.0,Self Enquiry,1,26.0,Salaried,Male,2,3.0,Deluxe,5.0,Divorced,1.0,0,4,1,0.0,Manager,24957.0,0,0,0.03529273,0,True
21.0,Self Enquiry,1,24.0,Salaried,Female,3,3.0,Basic,3.0,Single,2.0,0,3,1,2.0,Executive,17693.0,1,1,0.6953821,1,True
52.0,Self Enquiry,1,6.0,Salaried,Male,3,3.0,Super Deluxe,3.0,Married,3.0,0,1,1,2.0,AVP,32099.0,0,0,2.5876283e-09,0,True
36.0,Self Enquiry,3,7.0,Small Business,Male,3,4.0,Deluxe,3.0,Married,2.0,0,3,0,2.0,Manager,23395.0,0,0,0.005068332,0,True
49.0,Self Enquiry,3,17.0,Small Business,Female,2,3.0,Standard,3.0,Divorced,2.0,0,4,0,1.0,Senior Manager,22654.0,1,1,0.81270885,1,True
32.0,Self Enquiry,3,27.0,Salaried,Female,4,6.0,Deluxe,3.0,Married,5.0,1,3,0,3.0,Manager,23237.0,1,1,0.97047025,1,True
45.0,Self Enquiry,1,12.0,Salaried,Male,2,3.0,Standard,5.0,Divorced,5.0,1,3,0,0.0,Senior Manager,28245.0,0,0,0.0038109988,0,True
30.0,Company Invited,1,9.0,Salaried,Female,4,4.0,Basic,4.0,Divorced,2.0,0,5,0,3.0,Executive,21858.0,0,0,0.027936596,0,True
28.0,Company Invited,1,30.0,Large Business,Male,3,4.0,Standard,5.0,Unmarried,2.0,0,1,1,1.0,Senior Manager,23722.0,1,0,0.007193806,1,False
38.0,Self Enquiry,1,15.0,Salaried,Female,3,3.0,Basic,3.0,Single,2.0,0,2,1,1.0,Executive,17288.0,0,0,0.05930998,0,True
46.0,Self Enquiry,2,31.0,Small Business,Male,3,4.0,Basic,4.0,Single,3.0,0,4,0,1.0,Executive,20855.0,0,0,0.3674349,0,True
28.0,Self Enquiry,1,8.0,Salaried,Male,3,4.0,Basic,4.0,Divorced,1.0,0,2,0,2.0,Executive,18201.0,0,0,0.028777072,0,True
37.0,Self Enquiry,3,8.0,Small Business,Male,3,3.0,Deluxe,3.0,Divorced,5.0,1,3,0,1.0,Manager,24602.0,0,0,0.10926599,0,True
35.0,Self Enquiry,3,23.0,Salaried,Male,3,3.0,Deluxe,5.0,Married,4.0,1,3,0,2.0,Manager,23966.0,0,0,0.20364523,0,True
32.0,Company Invited,1,7.0,Salaried,Female,4,2.0,Standard,4.0,Unmarried,3.0,0,3,1,3.0,Senior Manager,26124.0,1,1,0.87939733,1,True
29.0,Self Enquiry,1,31.0,Large Business,Female,3,4.0,Basic,4.0,Married,6.0,0,3,1,2.0,Executive,17546.0,1,1,0.8072088,1,True
34.0,Company Invited,1,9.0,Salaried,Male,2,3.0,Deluxe,3.0,Unmarried,1.0,0,2,1,0.0,Manager,22756.0,0,0,0.0006578927,0,True
35.0,Company Invited,1,24.0,Salaried,Male,3,3.0,Deluxe,3.0,Married,2.0,1,3,1,0.0,Manager,20689.0,0,0,0.05962672,0,True
40.0,Self Enquiry,1,9.0,Large Business,Female,4,5.0,Deluxe,3.0,Unmarried,3.0,0,2,1,1.0,Manager,23231.0,0,0,0.0022688361,0,True
33.0,Self Enquiry,3,9.0,Small Business,Male,3,4.0,Deluxe,4.0,Divorced,2.0,1,1,0,2.0,Manager,22756.0,0,0,0.008630147,0,True
32.0,Company Invited,1,31.0,Large Business,Female,2,4.0,Deluxe,3.0,Unmarried,4.0,0,1,1,1.0,Manager,23916.0,0,0,1.2671868e-05,0,True
35.0,Self Enquiry,1,14.0,Salaried,Male,4,4.0,Deluxe,3.0,Married,3.0,0,3,0,1.0,Manager,21263.0,1,1,0.8755108,1,True
39.0,Self Enquiry,1,6.0,Small Business,Male,2,2.0,Standard,3.0,Married,1.0,0,3,1,0.0,Senior Manager,24613.0,0,0,0.01018154,0,True
33.0,Self Enquiry,3,13.0,Small Business,Male,3,4.0,Deluxe,3.0,Unmarried,3.0,0,5,1,1.0,Manager,23688.0,0,0,0.05699851,0,True
59.0,Self Enquiry,3,6.0,Large Business,Male,3,3.0,Standard,3.0,Married,4.0,1,1,1,0.0,Senior Manager,26904.0,0,0,0.011154605,0,True
43.0,Self Enquiry,1,9.0,Salaried,Male,4,5.0,Deluxe,3.0,Unmarried,5.0,0,2,0,2.0,Manager,25459.0,0,0,0.017669467,0,True
51.0,Self Enquiry,1,35.0,Small Business,Male,4,2.0,Basic,3.0,Married,3.0,1,1,0,2.0,Executive,21899.0,0,0,0.005449183,0,True
29.0,Self Enquiry,3,6.0,Small Business,Female,2,4.0,Basic,3.0,Married,7.0,1,1,1,1.0,Executive,17800.0,1,1,0.9985466,1,True
43.0,Company Invited,1,28.0,Small Business,Female,3,4.0,Deluxe,3.0,Married,4.0,0,1,0,1.0,Manager,23943.0,0,0,5.0992865e-05,0,True
33.0,Self Enquiry,1,12.0,Salaried,Male,4,2.0,Basic,4.0,Married,2.0,1,1,1,3.0,Executive,21976.0,0,0,0.14200264,0,True
42.0,Company Invited,1,14.0,Salaried,Male,3,3.0,King,3.0,Married,2.0,0,5,1,1.0,VP,33430.0,0,0,0.00017675084,0,True
51.0,Self Enquiry,1,15.0,Salaried,Male,3,3.0,Basic,3.0,Divorced,4.0,0,3,1,0.0,Executive,17075.0,0,0,0.0061011175,0,True
42.0,Self Enquiry,1,18.0,Small Business,Male,2,3.0,Basic,4.0,Married,1.0,0,1,1,1.0,Executive,17766.0,0,0,0.026760716,0,True
49.0,Self Enquiry,1,11.0,Salaried,Male,3,4.0,Standard,3.0,Unmarried,3.0,0,5,1,2.0,Senior Manager,26576.0,0,0,0.04852646,0,True
43.0,Self Enquiry,1,17.0,Salaried,Male,1,3.0,Standard,3.0,Married,2.0,0,1,1,0.0,Senior Manager,22510.0,0,0,0.0051282323,0,True
31.0,Company Invited,3,32.0,Large Business,Female,3,4.0,Deluxe,3.0,Divorced,2.0,1,3,1,1.0,Manager,23414.0,0,0,0.112931445,0,True
28.0,Self Enquiry,1,11.0,Salaried,Male,4,4.0,Basic,3.0,Married,3.0,0,4,1,2.0,Executive,21195.0,0,0,0.028487155,0,True
35.0,Company Invited,1,10.0,Salaried,Male,3,4.0,Deluxe,3.0,Unmarried,2.0,0,2,1,1.0,Manager,26434.0,0,0,0.0020777243,0,True
51.0,Self Enquiry,3,10.0,Small Business,Male,3,5.0,Basic,3.0,Married,3.0,1,4,1,2.0,Executive,21361.0,1,1,0.90740055,1,True
39.0,Self Enquiry,3,21.0,Small Business,Male,3,3.0,Super Deluxe,5.0,Unmarried,1.0,0,1,1,2.0,AVP,28341.0,0,0,4.03036e-06,0,True
26.0,Self Enquiry,3,15.0,Salaried,Female,3,4.0,Deluxe,3.0,Married,2.0,1,1,1,2.0,Manager,23585.0,0,0,0.0076541444,0,True
33.0,Self Enquiry,1,31.0,Small Business,Male,2,4.0,Basic,4.0,Single,5.0,1,4,0,0.0,Executive,17313.0,1,1,0.9717388,1,True
36.0,Self Enquiry,3,25.0,Small Business,Female,3,4.0,Deluxe,3.0,Divorced,3.0,0,4,1,1.0,Manager,23279.0,0,0,0.013808838,0,True
29.0,Self Enquiry,3,8.0,Small Business,Male,3,4.0,Deluxe,4.0,Divorced,3.0,0,4,0,1.0,Manager,21644.0,0,0,0.016122082,0,True
26.0,Company Invited,1,9.0,Large Business,Male,3,3.0,Basic,5.0,Single,1.0,0,3,0,1.0,Executive,18102.0,1,1,0.826937,1,True
29.0,Self Enquiry,1,6.0,Large Business,Male,2,3.0,Basic,3.0,Single,1.0,0,1,0,0.0,Executive,17058.0,1,1,0.8615453,1,True
39.0,Company Invited,1,15.0,Salaried,Male,3,3.0,Deluxe,4.0,Unmarried,1.0,0,1,1,0.0,Manager,21782.0,0,0,0.0050650397,0,True
31.0,Self Enquiry,1,32.0,Salaried,Male,2,3.0,Basic,3.0,Married,2.0,0,3,1,1.0,Executive,17911.0,0,0,0.05836743,0,True
31.0,Self Enquiry,1,10.0,Large Business,Female,3,4.0,Basic,5.0,Unmarried,7.0,1,4,1,2.0,Executive,21335.0,1,1,0.93167764,1,True
37.0,Self Enquiry,1,16.0,Salaried,Female,2,3.0,Basic,5.0,Married,1.0,1,3,1,1.0,Executive,17782.0,0,1,0.69656867,0,False
38.0,Self Enquiry,1,6.0,Salaried,Female,2,2.0,Deluxe,3.0,Unmarried,1.0,0,2,1,1.0,Manager,22625.0,0,0,2.2453332e-05,0,True
42.0,Self Enquiry,3,16.0,Salaried,Male,4,4.0,Standard,3.0,Married,5.0,1,1,0,2.0,Senior Manager,26867.0,0,0,0.015227855,0,True
31.0,Self Enquiry,1,25.0,Salaried,Female,4,4.0,Basic,3.0,Unmarried,3.0,0,2,1,1.0,Executive,21310.0,0,0,0.083066866,0,True
29.0,Self Enquiry,1,14.0,Small Business,Male,3,4.0,Deluxe,3.0,Divorced,2.0,1,3,0,0.0,Manager,20056.0,0,0,0.14093795,0,True
47.0,Company Invited,3,33.0,Salaried,Male,4,5.0,Deluxe,4.0,Unmarried,2.0,0,4,1,3.0,Manager,26669.0,0,0,0.102725,0,True
41.0,Self Enquiry,1,9.0,Small Business,Female,4,5.0,Deluxe,3.0,Divorced,8.0,0,5,1,1.0,Manager,22126.0,0,0,0.034106076,0,True
29.0,Self Enquiry,1,7.0,Salaried,Female,4,6.0,Basic,4.0,Single,2.0,1,2,1,1.0,Executive,20894.0,1,1,0.78894484,1,True
20.0,Self Enquiry,3,27.0,Small Business,Male,2,1.0,Basic,3.0,Single,2.0,0,3,1,1.0,Executive,17678.0,0,0,0.12631753,0,True
27.0,Self Enquiry,2,32.0,Salaried,Female,4,4.0,Basic,3.0,Divorced,3.0,0,4,1,1.0,Executive,21620.0,0,0,0.043530136,0,True
22.0,Self Enquiry,1,17.0,Small Business,Female,2,3.0,Basic,4.0,Divorced,2.0,0,2,1,0.0,Executive,17244.0,0,0,0.02860132,0,True
51.0,Self Enquiry,1,10.0,Salaried,Male,2,3.0,Basic,3.0,Divorced,1.0,1,2,1,1.0,Executive,17461.0,1,1,0.75354373,1,True
29.0,Self Enquiry,1,23.0,Small Business,Male,4,2.0,Deluxe,5.0,Unmarried,2.0,0,5,0,2.0,Manager,24339.0,0,0,0.15346828,0,True
24.0,Self Enquiry,1,29.0,Small Business,Male,2,1.0,Basic,3.0,Married,2.0,1,4,0,0.0,Executive,17725.0,0,1,0.6752303,0,False
30.0,Company Invited,3,9.0,Salaried,Male,4,4.0,Deluxe,3.0,Divorced,3.0,0,2,1,2.0,Manager,23327.0,0,0,0.011455974,0,True
34.0,Company Invited,1,14.0,Salaried,Male,3,4.0,Deluxe,3.0,Married,3.0,0,5,1,2.0,Manager,24646.0,0,0,0.008661555,0,True
36.0,Self Enquiry,1,7.0,Small Business,Male,3,5.0,Basic,3.0,Married,8.0,0,1,1,2.0,Executive,20936.0,0,0,0.01020464,0,True
21.0,Self Enquiry,3,9.0,Small Business,Female,3,4.0,Basic,3.0,Unmarried,3.0,0,4,0,1.0,Executive,21461.0,0,1,0.77407295,0,False
39.0,Self Enquiry,3,10.0,Salaried,Female,2,4.0,Deluxe,3.0,Married,5.0,0,5,1,1.0,Manager,20902.0,0,0,0.0026090946,0,True
26.0,Company Invited,1,8.0,Salaried,Male,2,3.0,Basic,5.0,Married,7.0,1,5,0,0.0,Executive,17042.0,1,1,0.9761725,1,True
60.0,Self Enquiry,1,13.0,Salaried,Female,2,3.0,King,5.0,Divorced,6.0,0,5,0,0.0,VP,34566.0,0,0,0.00012755737,0,True
22.0,Company Invited,1,22.0,Small Business,Male,3,2.0,Basic,3.0,Married,2.0,1,3,0,0.0,Executive,17935.0,0,1,0.94493526,0,False
46.0,Company Invited,1,11.0,Salaried,Male,3,4.0,Deluxe,4.0,Divorced,3.0,0,4,1,2.0,Manager,23125.0,0,0,0.023112621,0,True
38.0,Self Enquiry,3,13.0,Small Business,Female,2,1.0,Deluxe,5.0,Married,2.0,1,3,1,1.0,Manager,20605.0,0,0,0.06624349,0,True
29.0,Self Enquiry,3,16.0,Small Business,Male,2,4.0,Deluxe,3.0,Single,1.0,0,4,1,0.0,Manager,20869.0,0,0,0.10986824,0,True
39.0,Company Invited,1,9.0,Small Business,Female,3,5.0,Basic,4.0,Single,3.0,0,1,1,1.0,Executive,21118.0,0,0,0.017767938,0,True
35.0,Company Invited,1,6.0,Small Business,Male,3,3.0,Basic,5.0,Married,5.0,0,1,0,1.0,Executive,17194.0,0,0,0.0013262115,0,True
25.0,Self Enquiry,1,30.0,Small Business,Male,3,3.0,Basic,3.0,Divorced,3.0,1,4,0,2.0,Executive,21403.0,0,1,0.7429317,0,False
36.0,Company Invited,3,25.0,Salaried,Male,4,4.0,Standard,5.0,Divorced,3.0,0,4,1,1.0,Senior Manager,27747.0,0,0,0.06375244,0,True
33.0,Self Enquiry,3,15.0,Small Business,Female,3,3.0,Deluxe,5.0,Unmarried,1.0,1,3,0,1.0,Manager,23224.0,1,1,0.97574615,1,True
30.0,Company Invited,3,28.0,Salaried,Female,3,3.0,Standard,5.0,Divorced,1.0,0,2,1,0.0,Senior Manager,23412.0,0,0,0.024555799,0,True
44.0,Self Enquiry,1,13.0,Small Business,Female,2,4.0,Standard,3.0,Divorced,4.0,0,4,1,0.0,Senior Manager,25248.0,0,0,0.042708036,0,True
27.0,Self Enquiry,1,12.0,Small Business,Female,3,4.0,Basic,3.0,Married,1.0,0,1,0,1.0,Executive,17187.0,0,0,0.00026193119,0,True
42.0,Self Enquiry,1,15.0,Small Business,Female,4,4.0,Basic,5.0,Married,3.0,1,3,0,3.0,Executive,22781.0,1,1,0.8632162,1,True
54.0,Self Enquiry,1,11.0,Small Business,Male,2,3.0,King,5.0,Divorced,5.0,0,4,1,0.0,VP,34406.0,0,0,0.0022440166,0,True
53.0,Self Enquiry,1,13.0,Salaried,Male,2,2.0,Super Deluxe,3.0,Divorced,4.0,0,2,0,0.0,AVP,29814.0,0,0,3.064626e-09,0,True
45.0,Self Enquiry,3,7.0,Small Business,Female,4,4.0,Deluxe,5.0,Married,7.0,1,2,0,1.0,Manager,24132.0,0,0,0.006124914,0,True
40.0,Self Enquiry,3,16.0,Large Business,Female,2,4.0,Deluxe,4.0,Married,1.0,0,5,1,0.0,Manager,21852.0,0,0,0.009153416,0,True
22.0,Self Enquiry,3,29.0,Large Business,Male,3,4.0,Basic,3.0,Unmarried,3.0,0,2,1,2.0,Executive,22125.0,0,0,0.31985313,0,True
43.0,Self Enquiry,3,19.0,Small Business,Male,4,4.0,Deluxe,3.0,Married,5.0,1,1,0,1.0,Manager,23765.0,0,0,0.054057427,0,True
25.0,Self Enquiry,1,6.0,Small Business,Female,2,3.0,Basic,4.0,Single,2.0,0,3,1,0.0,Executive,17096.0,0,0,0.12318129,0,True
31.0,Self Enquiry,1,6.0,Salaried,Male,3,4.0,Basic,5.0,Married,2.0,0,4,1,1.0,Executive,17218.0,0,0,0.30672538,0,True
36.0,Self Enquiry,1,7.0,Large Business,Female,3,5.0,Standard,5.0,Married,3.0,1,1,1,0.0,Senior Manager,25252.0,0,0,2.4081934e-05,0,True
38.0,Self Enquiry,1,31.0,Salaried,Female,2,4.0,Standard,4.0,Divorced,4.0,0,3,1,0.0,Senior Manager,27061.0,0,0,0.015154407,0,True
35.0,Self Enquiry,1,33.0,Small Business,Female,2,4.0,Basic,5.0,Single,2.0,0,4,1,1.0,Executive,17559.0,0,0,0.20312558,0,True
36.0,Self Enquiry,2,19.0,Salaried,Male,2,3.0,Basic,4.0,Married,5.0,0,3,1,1.0,Executive,17143.0,0,0,0.3240475,0,True
44.0,Self Enquiry,1,29.0,Small Business,Male,3,3.0,Basic,5.0,Single,1.0,0,3,0,2.0,Executive,33213.0,1,1,0.6527339,1,True
42.0,Self Enquiry,1,30.0,Small Business,Male,2,3.0,Standard,5.0,Divorced,2.0,1,2,1,1.0,Senior Manager,22406.0,0,0,0.17935733,0,True
40.0,Self Enquiry,3,8.0,Salaried,Female,3,3.0,King,3.0,Married,1.0,0,3,1,0.0,VP,33041.0,0,0,1.01748765e-05,0,True
32.0,Self Enquiry,3,16.0,Small Business,Male,2,3.0,Deluxe,3.0,Single,2.0,0,4,0,1.0,Manager,20396.0,0,0,0.085399635,0,True
42.0,Company Invited,1,8.0,Small Business,Male,2,3.0,Basic,3.0,Single,6.0,1,2,0,1.0,Executive,17515.0,0,0,0.3244639,0,True
33.0,Company Invited,1,9.0,Salaried,Male,3,3.0,Basic,5.0,Single,2.0,1,5,1,2.0,Executive,18348.0,1,1,0.9649912,1,True
32.0,Self Enquiry,1,31.0,Salaried,Male,2,3.0,Basic,3.0,Single,2.0,1,5,0,0.0,Executive,17795.0,1,1,0.68780226,1,True
54.0,Self Enquiry,1,31.0,Small Business,Male,3,2.0,Standard,3.0,Married,5.0,0,3,0,2.0,Senior Manager,25683.0,0,0,0.20999455,0,True
44.0,Company Invited,1,24.0,Large Business,Male,3,5.0,Basic,3.0,Married,2.0,1,5,1,2.0,Executive,21115.0,1,1,0.8297775,1,True
30.0,Self Enquiry,1,9.0,Large Business,Female,2,3.0,Basic,5.0,Single,6.0,1,4,0,0.0,Executive,17657.0,1,1,0.9362909,1,True
35.0,Self Enquiry,2,32.0,Salaried,Female,2,3.0,Standard,3.0,Unmarried,2.0,1,1,1,0.0,Senior Manager,23837.0,0,0,0.17370498,0,True
27.0,Self Enquiry,1,22.0,Large Business,Female,2,3.0,Basic,4.0,Married,1.0,0,1,1,0.0,Executive,17811.0,0,0,0.053490795,0,True
34.0,Self Enquiry,1,21.0,Small Business,Male,3,4.0,Basic,3.0,Married,7.0,1,1,1,2.0,Executive,21114.0,1,1,0.99698025,1,True
36.0,Self Enquiry,1,9.0,Salaried,Female,2,3.0,Basic,3.0,Married,6.0,0,1,0,1.0,Executive,17835.0,0,0,0.00070395385,0,True
27.0,Self Enquiry,3,15.0,Large Business,Male,3,5.0,Deluxe,5.0,Unmarried,8.0,0,3,1,2.0,Manager,24004.0,1,1,0.96814525,1,True
53.0,Company Invited,3,8.0,Small Business,Female,2,4.0,Standard,4.0,Married,3.0,0,1,1,0.0,Senior Manager,22525.0,0,0,0.0058865678,0,True
46.0,Self Enquiry,3,6.0,Salaried,Male,2,1.0,Super Deluxe,5.0,Single,2.0,0,4,1,1.0,AVP,32567.0,0,0,0.0009503536,0,True
40.0,Self Enquiry,3,6.0,Small Business,Male,2,5.0,Deluxe,3.0,Divorced,3.0,1,3,1,0.0,Manager,22457.0,0,1,0.6056254,0,False
50.0,Self Enquiry,3,6.0,Small Business,Female,3,3.0,King,3.0,Married,4.0,0,2,1,1.0,VP,34517.0,0,0,2.510521e-07,0,True
53.0,Company Invited,1,32.0,Small Business,Female,3,5.0,Super Deluxe,3.0,Divorced,5.0,0,5,0,2.0,AVP,32504.0,0,0,2.5999947e-05,0,True
39.0,Company Invited,1,28.0,Small Business,Female,2,3.0,Standard,5.0,Unmarried,2.0,1,5,1,0.0,Senior Manager,25880.0,0,1,0.51615757,0,False
58.0,Self Enquiry,1,15.0,Small Business,Female,3,4.0,Basic,4.0,Divorced,5.0,1,2,1,0.0,Executive,18346.0,0,0,0.052914117,0,True
43.0,Company Invited,1,27.0,Small Business,Male,3,3.0,Basic,3.0,Married,1.0,0,4,1,2.0,Executive,17258.0,0,0,0.12967263,0,True
37.0,Company Invited,2,9.0,Salaried,Male,4,5.0,Deluxe,3.0,Unmarried,3.0,0,3,1,1.0,Manager,22564.0,0,0,0.06583318,0,True
55.0,Self Enquiry,3,19.0,Small Business,Male,2,1.0,Super Deluxe,3.0,Single,7.0,1,3,1,1.0,AVP,28695.0,1,1,0.93353146,1,True
31.0,Company Invited,1,12.0,Salaried,Male,4,5.0,Basic,3.0,Married,2.0,0,5,0,1.0,Executive,22439.0,0,0,0.022106659,0,True
38.0,Company Invited,3,8.0,Salaried,Male,2,4.0,Deluxe,3.0,Divorced,4.0,0,5,1,1.0,Manager,20249.0,0,0,0.009829253,0,True
29.0,Self Enquiry,1,21.0,Salaried,Male,2,3.0,Basic,3.0,Single,2.0,0,3,1,1.0,Executive,17340.0,0,0,0.25789097,0,True
28.0,Self Enquiry,1,9.0,Large Business,Male,3,4.0,Basic,4.0,Married,3.0,0,4,1,2.0,Executive,20904.0,0,0,0.30052516,0,True
37.0,Company Invited,3,14.0,Small Business,Female,3,2.0,Deluxe,5.0,Divorced,4.0,0,1,1,1.0,Manager,23317.0,0,0,0.00015461336,0,True
55.0,Company Invited,1,27.0,Salaried,Female,3,4.0,Deluxe,3.0,Unmarried,5.0,0,4,1,1.0,Manager,23547.0,0,0,0.0007197876,0,True
27.0,Company Invited,3,14.0,Salaried,Male,2,3.0,Standard,3.0,Unmarried,2.0,0,1,1,0.0,Senior Manager,23726.0,0,0,0.026058102,0,True
56.0,Company Invited,1,15.0,Small Business,Female,3,3.0,Basic,3.0,Divorced,3.0,0,2,0,0.0,Executive,17942.0,0,0,1.899659e-05,0,True
29.0,Self Enquiry,3,16.0,Salaried,Male,2,3.0,Basic,3.0,Single,2.0,0,4,0,0.0,Executive,17642.0,0,0,0.4977998,0,True
24.0,Company Invited,3,30.0,Small Business,Male,2,3.0,Basic,3.0,Married,1.0,0,4,1,1.0,Executive,17400.0,0,1,0.8356108,0,False
34.0,Self Enquiry,1,32.0,Salaried,Male,3,5.0,Deluxe,4.0,Unmarried,3.0,0,1,0,2.0,Manager,22998.0,0,0,0.015898392,0,True
44.0,Self Enquiry,2,6.0,Small Business,Male,3,4.0,Standard,5.0,Married,1.0,0,4,1,0.0,Senior Manager,25482.0,1,0,0.21732345,1,False
36.0,Company Invited,1,12.0,Salaried,Male,3,1.0,Deluxe,5.0,Married,4.0,1,4,1,1.0,Manager,20562.0,0,0,0.1413136,0,True
43.0,Self Enquiry,1,9.0,Salaried,Female,3,4.0,Deluxe,3.0,Married,3.0,0,1,0,1.0,Manager,22767.0,0,0,0.00031038694,0,True
58.0,Self Enquiry,1,13.0,Small Business,Female,2,4.0,Standard,5.0,Divorced,1.0,1,4,1,0.0,Senior Manager,25008.0,1,0,0.15228441,1,False
36.0,Self Enquiry,1,12.0,Salaried,Male,2,5.0,Basic,3.0,Married,2.0,0,1,1,0.0,Executive,17741.0,0,0,0.08923843,0,True
32.0,Company Invited,1,7.0,Salaried,Female,4,4.0,Deluxe,5.0,Divorced,3.0,0,5,1,3.0,Manager,22826.0,0,0,0.006884799,0,True
52.0,Self Enquiry,3,28.0,Small Business,Male,4,4.0,Deluxe,3.0,Unmarried,2.0,1,5,0,3.0,Manager,24119.0,0,0,0.48073402,0,True
28.0,Self Enquiry,3,9.0,Small Business,Female,3,2.0,Deluxe,3.0,Unmarried,2.0,0,1,0,2.0,Manager,25178.0,0,0,2.2728162e-05,0,True
54.0,Self Enquiry,1,8.0,Large Business,Female,2,3.0,Standard,3.0,Married,1.0,0,4,0,0.0,Senior Manager,28549.0,0,0,0.008932297,0,True
36.0,Self Enquiry,1,23.0,Salaried,Male,4,4.0,Standard,3.0,Divorced,6.0,1,2,0,2.0,Senior Manager,26310.0,0,0,0.012613575,0,True
35.0,Company Invited,1,17.0,Salaried,Male,3,2.0,Deluxe,3.0,Married,3.0,0,4,1,1.0,Manager,23402.0,0,0,0.17685981,0,True
36.0,Self Enquiry,1,14.0,Salaried,Male,4,4.0,Basic,4.0,Unmarried,3.0,1,3,1,2.0,Executive,24041.0,1,1,0.8529624,1,True
40.0,Self Enquiry,1,8.0,Small Business,Male,3,3.0,Basic,3.0,Married,3.0,0,1,0,0.0,Executive,17345.0,0,0,9.17436e-05,0,True
29.0,Self Enquiry,3,33.0,Salaried,Male,3,5.0,Deluxe,5.0,Divorced,3.0,0,4,1,1.0,Manager,23402.0,0,0,0.015325095,0,True
29.0,Company Invited,1,7.0,Salaried,Female,3,6.0,Deluxe,3.0,Divorced,2.0,0,3,1,1.0,Manager,25352.0,0,0,0.00012950593,0,True
18.0,Self Enquiry,1,9.0,Salaried,Male,2,3.0,Basic,3.0,Single,2.0,0,4,0,0.0,Executive,16420.0,1,1,0.6426264,1,True
47.0,Self Enquiry,3,7.0,Small Business,Female,4,4.0,Standard,5.0,Married,3.0,0,2,1,2.0,Senior Manager,29131.0,0,0,0.0025478324,0,True
46.0,Company Invited,1,13.0,Small Business,Female,1,3.0,Deluxe,3.0,Divorced,3.0,0,5,0,0.0,Manager,20258.0,0,0,4.897958e-05,0,True
37.0,Self Enquiry,1,16.0,Small Business,Male,4,5.0,Basic,3.0,Married,2.0,1,1,1,3.0,Executive,22066.0,1,1,0.93975765,1,True
35.0,Self Enquiry,3,7.0,Small Business,Male,4,2.0,Deluxe,3.0,Married,2.0,0,5,1,3.0,Manager,28403.0,0,0,0.00018842588,0,True
53.0,Self Enquiry,1,13.0,Salaried,Male,2,1.0,Super Deluxe,3.0,Married,4.0,0,1,0,1.0,AVP,29814.0,0,0,2.0048681e-10,0,True
46.0,Self Enquiry,1,19.0,Salaried,Male,2,3.0,Deluxe,4.0,Single,7.0,0,4,1,0.0,Manager,20562.0,0,0,0.035526205,0,True
40.0,Self Enquiry,1,6.0,Salaried,Male,2,3.0,Basic,3.0,Married,1.0,0,1,0,0.0,Executive,17406.0,0,0,0.0024994132,0,True
32.0,Company Invited,1,11.0,Salaried,Female,2,1.0,Basic,3.0,Single,4.0,1,1,0,1.0,Executive,17432.0,1,1,0.63830036,1,True
50.0,Self Enquiry,1,34.0,Salaried,Female,2,3.0,Super Deluxe,5.0,Divorced,5.0,1,5,0,0.0,AVP,31880.0,0,0,0.0016303132,0,True
27.0,Company Invited,3,36.0,Small Business,Male,4,6.0,Deluxe,5.0,Unmarried,2.0,0,3,1,2.0,Manager,23647.0,1,1,0.80064696,1,True
34.0,Self Enquiry,1,14.0,Small Business,Female,3,3.0,Deluxe,3.0,Single,4.0,0,4,0,1.0,Manager,21142.0,0,0,0.0055597043,0,True
56.0,Self Enquiry,1,15.0,Small Business,Female,3,4.0,Super Deluxe,3.0,Married,4.0,1,3,1,2.0,AVP,33434.0,0,0,3.3981885e-07,0,True
43.0,Self Enquiry,1,8.0,Small Business,Female,3,2.0,Basic,3.0,Married,2.0,0,2,0,1.0,Executive,17645.0,0,0,5.3805975e-06,0,True
34.0,Self Enquiry,1,32.0,Small Business,Male,3,5.0,Basic,4.0,Single,6.0,1,4,1,1.0,Executive,20991.0,1,1,0.9816439,1,True
35.0,Self Enquiry,1,6.0,Salaried,Female,2,1.0,Basic,3.0,Single,4.0,0,3,1,1.0,Executive,17506.0,0,0,0.0100928005,0,True
44.0,Company Invited,1,17.0,Salaried,Female,3,4.0,Basic,3.0,Single,2.0,0,5,0,1.0,Executive,21133.0,0,0,0.109495506,0,True
29.0,Self Enquiry,1,29.0,Salaried,Male,2,3.0,Basic,3.0,Single,1.0,0,3,1,0.0,Executive,17201.0,0,0,0.19156143,0,True
36.0,Company Invited,1,9.0,Small Business,Male,1,3.0,Basic,4.0,Single,5.0,0,4,1,0.0,Executive,17088.0,0,0,0.3510086,0,True
29.0,Self Enquiry,1,9.0,Salaried,Male,4,5.0,Basic,4.0,Divorced,2.0,0,2,0,3.0,Executive,21879.0,0,0,0.023745075,0,True
43.0,Self Enquiry,1,21.0,Salaried,Male,3,4.0,Super Deluxe,3.0,Married,2.0,0,3,1,1.0,AVP,32603.0,0,0,4.13966e-06,0,True
46.0,Company Invited,1,30.0,Salaried,Male,3,4.0,Deluxe,5.0,Married,3.0,1,1,1,1.0,Manager,22311.0,0,0,0.028440662,0,True
37.0,Self Enquiry,1,12.0,Salaried,Male,4,4.0,Deluxe,4.0,Unmarried,2.0,0,1,1,2.0,Manager,24592.0,0,0,0.0057468857,0,True
38.0,Self Enquiry,1,9.0,Salaried,Male,4,5.0,Basic,3.0,Single,8.0,1,3,0,3.0,Executive,20768.0,1,1,0.98161894,1,True
29.0,Self Enquiry,1,36.0,Salaried,Male,4,6.0,Deluxe,4.0,Divorced,3.0,0,1,1,3.0,Manager,25227.0,0,0,0.0026075167,0,True
41.0,Self Enquiry,3,32.0,Small Business,Male,3,5.0,Standard,4.0,Unmarried,4.0,1,5,0,2.0,Senior Manager,27772.0,1,1,0.8779906,1,True
26.0,Self Enquiry,1,10.0,Small Business,Male,4,4.0,Basic,5.0,Married,7.0,0,5,1,2.0,Executive,22709.0,1,1,0.7798715,1,True
21.0,Self Enquiry,3,18.0,Salaried,Female,2,1.0,Basic,4.0,Single,2.0,0,5,0,1.0,Executive,17716.0,1,1,0.9032104,1,True
36.0,Company Invited,1,30.0,Salaried,Female,2,3.0,Deluxe,4.0,Divorced,1.0,0,3,0,0.0,Manager,20674.0,0,0,0.0022621215,0,True
27.0,Self Enquiry,1,31.0,Large Business,Male,4,6.0,Basic,3.0,Single,3.0,1,3,1,3.0,Executive,21018.0,1,1,0.9908574,1,True
34.0,Self Enquiry,3,8.0,Salaried,Male,2,3.0,Deluxe,3.0,Single,2.0,0,5,0,1.0,Manager,21274.0,0,0,0.032328308,0,True
35.0,Self Enquiry,1,15.0,Salaried,Male,3,4.0,Deluxe,4.0,Unmarried,1.0,0,1,0,1.0,Manager,21540.0,0,0,0.019155577,0,True
23.0,Company Invited,1,11.0,Large Business,Male,3,5.0,Basic,3.0,Unmarried,7.0,0,5,1,1.0,Executive,22572.0,1,1,0.9701659,1,True
31.0,Self Enquiry,1,29.0,Small Business,Male,3,4.0,Deluxe,3.0,Married,1.0,0,3,0,1.0,Manager,20582.0,0,0,0.18006887,0,True
29.0,Self Enquiry,1,14.0,Salaried,Male,3,5.0,Basic,5.0,Divorced,2.0,1,3,1,1.0,Executive,17119.0,1,1,0.8724557,1,True
30.0,Self Enquiry,1,8.0,Salaried,Male,3,3.0,Basic,4.0,Unmarried,2.0,0,3,0,0.0,Executive,26916.0,1,0,0.2997824,1,False
44.0,Company Invited,1,34.0,Salaried,Female,3,4.0,Standard,5.0,Married,2.0,0,4,1,1.0,Senior Manager,29498.0,0,0,0.047494438,0,True
44.0,Self Enquiry,1,15.0,Salaried,Female,3,4.0,Deluxe,4.0,Married,6.0,0,3,1,1.0,Manager,23443.0,0,0,0.017347753,0,True
28.0,Self Enquiry,1,23.0,Large Business,Female,3,4.0,Basic,4.0,Married,2.0,0,1,1,1.0,Executive,21489.0,0,0,0.071825825,0,True
45.0,Company Invited,1,31.0,Salaried,Male,3,4.0,Basic,3.0,Married,5.0,1,5,0,2.0,Executive,21839.0,1,1,0.79059273,1,True
32.0,Self Enquiry,1,6.0,Salaried,Male,3,3.0,Deluxe,4.0,Married,2.0,0,3,1,0.0,Manager,21220.0,0,0,0.030417122,0,True
35.0,Self Enquiry,1,22.0,Salaried,Female,3,4.0,Standard,4.0,Unmarried,2.0,0,1,1,2.0,Senior Manager,23606.0,0,0,0.0067551704,0,True
30.0,Self Enquiry,2,15.0,Salaried,Male,2,3.0,Deluxe,3.0,Divorced,1.0,1,3,1,1.0,Manager,21347.0,0,0,0.13554007,0,True
30.0,Self Enquiry,1,32.0,Large Business,Female,4,5.0,Basic,4.0,Married,7.0,0,3,1,3.0,Executive,21224.0,1,1,0.93209857,1,True
41.0,Self Enquiry,3,11.0,Small Business,Male,4,5.0,Standard,3.0,Divorced,2.0,0,2,1,1.0,Senior Manager,29533.0,0,0,0.08297201,0,True
46.0,Self Enquiry,1,6.0,Small Business,Male,3,3.0,Standard,5.0,Married,1.0,0,1,0,2.0,Senior Manager,24396.0,0,0,0.0021051439,0,True
31.0,Self Enquiry,1,9.0,Salaried,Male,3,5.0,Deluxe,3.0,Divorced,3.0,0,4,1,1.0,Manager,22830.0,0,0,0.020585662,0,True
30.0,Self Enquiry,3,7.0,Small Business,Female,3,5.0,Basic,3.0,Married,8.0,1,1,1,2.0,Executive,21478.0,1,1,0.99930364,1,True
42.0,Self Enquiry,1,16.0,Salaried,Male,4,4.0,Basic,5.0,Married,4.0,0,1,0,1.0,Executive,20916.0,0,0,0.05638972,0,True
45.0,Company Invited,1,31.0,Small Business,Male,3,6.0,Basic,3.0,Unmarried,4.0,0,3,0,1.0,Executive,22386.0,0,0,0.28148362,0,True
57.0,Company Invited,1,7.0,Salaried,Male,3,4.0,Deluxe,3.0,Married,3.0,0,3,0,1.0,Manager,24984.0,0,0,0.01987986,0,True
38.0,Self Enquiry,1,9.0,Large Business,Female,2,3.0,Deluxe,3.0,Single,4.0,1,5,0,0.0,Manager,1000.0,0,0,0.10220336,0,True
31.0,Self Enquiry,1,14.0,Salaried,Female,3,3.0,Super Deluxe,4.0,Single,4.0,0,1,1,0.0,AVP,31422.0,0,0,1.31918e-06,0,True
25.0,Self Enquiry,1,31.0,Small Business,Male,3,4.0,Basic,4.0,Unmarried,2.0,0,5,1,1.0,Executive,22275.0,0,0,0.28854284,0,True
30.0,Company Invited,3,27.0,Large Business,Female,3,4.0,Basic,3.0,Divorced,3.0,0,3,0,2.0,Executive,20835.0,0,0,0.066594414,0,True
42.0,Company Invited,1,12.0,Salaried,Male,4,5.0,Basic,5.0,Married,8.0,0,3,0,2.0,Executive,20785.0,1,0,0.18012176,1,False
27.0,Self Enquiry,3,8.0,Small Business,Male,2,3.0,Basic,5.0,Married,1.0,0,5,0,1.0,Executive,18041.0,1,1,0.9710024,1,True
21.0,Self Enquiry,1,7.0,Salaried,Female,3,5.0,Basic,4.0,Unmarried,3.0,0,4,0,2.0,Executive,21514.0,0,1,0.7885235,0,False
55.0,Self Enquiry,1,24.0,Large Business,Female,3,4.0,Standard,3.0,Divorced,2.0,0,5,1,1.0,Senior Manager,29417.0,0,0,0.13866533,0,True
43.0,Company Invited,1,13.0,Small Business,Male,2,2.0,Basic,3.0,Married,5.0,0,4,0,1.0,Executive,17089.0,0,0,0.0006221306,0,True
37.0,Self Enquiry,1,12.0,Small Business,Male,2,2.0,Deluxe,5.0,Married,5.0,1,3,1,1.0,Manager,20974.0,0,0,0.08898382,0,True
22.0,Company Invited,3,7.0,Large Business,Female,3,5.0,Basic,4.0,Single,3.0,1,5,1,2.0,Executive,20852.0,1,1,0.9907492,1,True
35.0,Self Enquiry,1,10.0,Salaried,Male,3,3.0,Basic,3.0,Married,2.0,0,4,0,0.0,Executive,16951.0,0,0,0.0040998613,0,True
37.0,Self Enquiry,1,6.0,Salaried,Female,3,3.0,Deluxe,4.0,Divorced,7.0,0,2,1,1.0,Manager,21447.0,0,0,0.0008944985,0,True
54.0,Self Enquiry,3,15.0,Small Business,Male,4,4.0,Super Deluxe,3.0,Divorced,7.0,0,3,0,3.0,AVP,30514.0,0,0,8.380018e-06,0,True
26.0,Self Enquiry,1,12.0,Salaried,Female,3,3.0,Basic,3.0,Divorced,2.0,1,2,0,0.0,Executive,17659.0,0,0,0.18423492,0,True
42.0,Self Enquiry,3,14.0,Small Business,Male,2,3.0,Deluxe,4.0,Married,1.0,0,3,1,0.0,Manager,21825.0,0,0,0.058741216,0,True
18.0,Self Enquiry,3,15.0,Small Business,Male,2,3.0,Basic,3.0,Single,2.0,0,5,0,1.0,Executive,16611.0,1,1,0.89942294,1,True
29.0,Self Enquiry,1,23.0,Small Business,Male,4,3.0,Deluxe,5.0,Unmarried,2.0,0,5,0,3.0,Manager,24339.0,0,0,0.35904709,0,True
33.0,Self Enquiry,1,10.0,Salaried,Female,3,4.0,Standard,3.0,Single,5.0,0,1,1,1.0,Senior Manager,29837.0,0,0,0.0010793743,0,True
33.0,Company Invited,1,23.0,Salaried,Female,4,6.0,Basic,5.0,Unmarried,3.0,1,4,1,3.0,Executive,22597.0,1,1,0.9908313,1,True
30.0,Self Enquiry,3,11.0,Small Business,Female,1,4.0,Deluxe,3.0,Married,2.0,0,2,0,0.0,Manager,21118.0,0,0,0.003983305,0,True
42.0,Self Enquiry,1,6.0,Salaried,Female,2,4.0,Deluxe,3.0,Married,1.0,1,3,0,0.0,Manager,21062.0,0,0,0.0012903349,0,True
35.0,Self Enquiry,3,16.0,Salaried,Female,4,4.0,Deluxe,3.0,Divorced,3.0,0,2,1,3.0,Manager,24392.0,0,0,0.012431964,0,True
23.0,Self Enquiry,1,15.0,Small Business,Male,2,3.0,Basic,5.0,Divorced,2.0,0,3,0,1.0,Executive,17500.0,0,0,0.1407741,0,True
47.0,Self Enquiry,1,15.0,Salaried,Female,3,3.0,Basic,3.0,Single,5.0,0,3,1,0.0,Executive,17105.0,0,0,0.010436552,0,True
41.0,Self Enquiry,3,10.0,Small Business,Female,2,3.0,Standard,3.0,Married,1.0,1,1,0,1.0,Senior Manager,25447.0,0,0,0.00056057534,0,True
31.0,Self Enquiry,1,17.0,Salaried,Male,2,3.0,Basic,3.0,Married,4.0,1,3,0,0.0,Executive,17356.0,0,0,0.3317394,0,True
38.0,Company Invited,1,7.0,Small Business,Female,4,4.0,Standard,3.0,Married,4.0,1,3,0,1.0,Senior Manager,32281.0,0,0,3.983579e-05,0,True
34.0,Self Enquiry,1,12.0,Small Business,Male,2,3.0,Basic,5.0,Single,3.0,0,4,0,0.0,Executive,17960.0,1,1,0.63162404,1,True
47.0,Self Enquiry,3,16.0,Small Business,Male,4,5.0,Standard,3.0,Unmarried,3.0,0,5,0,2.0,Senior Manager,28297.0,1,1,0.6597249,1,True
53.0,Company Invited,3,14.0,Small Business,Female,4,4.0,Basic,3.0,Married,4.0,1,4,1,3.0,Executive,27124.0,1,1,0.9698908,1,True
29.0,Self Enquiry,1,15.0,Salaried,Female,4,4.0,Basic,3.0,Unmarried,3.0,0,4,0,2.0,Executive,21988.0,0,0,0.10193684,0,True
53.0,Self Enquiry,1,9.0,Small Business,Male,2,3.0,Super Deluxe,3.0,Married,4.0,1,5,1,0.0,AVP,32584.0,0,0,6.8134614e-05,0,True
45.0,Self Enquiry,3,15.0,Small Business,Male,3,3.0,Standard,5.0,Married,5.0,1,2,1,0.0,Senior Manager,25761.0,0,0,0.04421757,0,True
53.0,Self Enquiry,1,10.0,Small Business,Male,3,5.0,Standard,3.0,Divorced,4.0,1,2,0,1.0,Senior Manager,26647.0,0,0,0.011991752,0,True
23.0,Self Enquiry,1,10.0,Salaried,Female,3,4.0,Deluxe,3.0,Divorced,2.0,1,5,1,2.0,Manager,22849.0,1,0,0.22326076,1,False
42.0,Self Enquiry,1,8.0,Small Business,Female,2,4.0,Basic,5.0,Married,1.0,1,4,1,1.0,Executive,17593.0,0,0,0.43991542,0,True
37.0,Self Enquiry,1,13.0,Salaried,Female,3,3.0,Deluxe,3.0,Divorced,5.0,0,2,0,1.0,Manager,21716.0,0,0,0.0006869554,0,True
37.0,Self Enquiry,1,6.0,Salaried,Male,2,4.0,Deluxe,3.0,Married,2.0,0,5,0,0.0,Manager,20993.0,0,0,0.008337716,0,True
31.0,Self Enquiry,1,7.0,Salaried,Male,3,5.0,Deluxe,3.0,Divorced,3.0,1,2,1,2.0,Manager,23804.0,0,0,0.010886284,0,True
26.0,Self Enquiry,1,30.0,Large Business,Male,3,5.0,Basic,3.0,Single,2.0,1,3,1,2.0,Executive,17340.0,1,1,0.9856639,1,True
34.0,Self Enquiry,1,13.0,Salaried,Male,3,3.0,Deluxe,3.0,Married,2.0,0,3,0,0.0,Manager,17585.0,1,1,0.89542544,1,True
28.0,Company Invited,1,17.0,Salaried,Male,3,4.0,Standard,5.0,Married,3.0,0,3,0,2.0,Senior Manager,27471.0,0,0,0.01995384,0,True
32.0,Self Enquiry,1,12.0,Salaried,Male,2,3.0,Basic,3.0,Single,4.0,0,2,0,1.0,Executive,18038.0,0,0,0.13207126,0,True
40.0,Company Invited,1,15.0,Small Business,Female,2,3.0,Standard,3.0,Unmarried,1.0,0,4,1,1.0,Senior Manager,28499.0,0,0,0.019593673,0,True
41.0,Self Enquiry,1,8.0,Salaried,Female,2,5.0,Basic,3.0,Married,5.0,1,3,0,1.0,Executive,17778.0,1,1,0.91586304,1,True
30.0,Self Enquiry,1,17.0,Salaried,Female,4,5.0,Basic,5.0,Single,8.0,1,5,1,1.0,Executive,21082.0,1,1,0.9886949,1,True
47.0,Company Invited,1,22.0,Small Business,Male,3,1.0,Deluxe,3.0,Married,2.0,1,2,0,0.0,Manager,20067.0,0,0,0.0017290789,0,True
30.0,Self Enquiry,3,8.0,Large Business,Male,3,3.0,Basic,4.0,Married,2.0,0,3,1,0.0,Executive,17476.0,0,0,0.18843195,0,True
30.0,Company Invited,1,29.0,Salaried,Male,3,5.0,Basic,3.0,Married,2.0,0,3,1,2.0,Executive,17613.0,0,0,0.11215209,0,True
32.0,Self Enquiry,3,14.0,Large Business,Male,4,2.0,Deluxe,3.0,Married,6.0,0,1,1,2.0,Manager,25607.0,0,0,0.034292072,0,True
31.0,Self Enquiry,3,34.0,Small Business,Male,3,4.0,Deluxe,3.0,Married,2.0,0,3,1,1.0,Manager,23982.0,0,0,0.015540848,0,True
39.0,Self Enquiry,1,36.0,Small Business,Male,4,4.0,Deluxe,5.0,Married,2.0,1,3,1,3.0,Manager,25351.0,1,1,0.95687044,1,True
29.0,Self Enquiry,1,13.0,Small Business,Female,3,4.0,Basic,3.0,Married,7.0,0,5,1,0.0,Executive,17532.0,0,0,0.02151646,0,True
19.0,Self Enquiry,1,8.0,Salaried,Male,2,4.0,Basic,3.0,Single,2.0,0,5,0,0.0,Executive,16102.0,1,1,0.8547569,1,True
59.0,Company Invited,1,20.0,Salaried,Female,2,3.0,Standard,3.0,Unmarried,1.0,1,5,1,0.0,Senior Manager,25512.0,1,1,0.9041426,1,True
29.0,Self Enquiry,3,33.0,Small Business,Female,2,3.0,Standard,3.0,Divorced,2.0,0,3,1,1.0,Senior Manager,22639.0,1,1,0.961147,1,True
60.0,Self Enquiry,2,13.0,Small Business,Male,3,4.0,Basic,3.0,Divorced,2.0,0,4,1,1.0,Executive,20945.0,0,0,0.03455225,0,True
49.0,Self Enquiry,1,7.0,Salaried,Female,3,5.0,Super Deluxe,5.0,Married,2.0,0,4,0,1.0,AVP,34080.0,0,0,1.0783032e-06,0,True
36.0,Self Enquiry,1,12.0,Salaried,Male,2,3.0,Basic,3.0,Married,1.0,0,5,1,1.0,Executive,18210.0,0,0,0.008208794,0,True
35.0,Self Enquiry,3,17.0,Salaried,Female,3,4.0,Basic,3.0,Divorced,3.0,1,2,0,2.0,Executive,20898.0,0,1,0.863337,0,False
35.0,Self Enquiry,1,12.0,Salaried,Male,2,5.0,Deluxe,3.0,Unmarried,2.0,0,5,0,1.0,Manager,21646.0,0,0,0.024556201,0,True
55.0,Self Enquiry,3,24.0,Salaried,Female,2,3.0,Super Deluxe,4.0,Single,4.0,0,2,0,1.0,AVP,31835.0,0,0,0.0015906942,0,True
30.0,Self Enquiry,1,8.0,Small Business,Male,2,4.0,Basic,3.0,Single,1.0,0,4,0,0.0,Executive,17720.0,0,0,0.365174,0,True
37.0,Company Invited,1,8.0,Salaried,Male,3,4.0,Deluxe,3.0,Married,6.0,0,2,0,1.0,Manager,20163.0,0,0,0.0063791475,0,True
29.0,Self Enquiry,1,12.0,Small Business,Female,2,3.0,Basic,3.0,Married,2.0,0,3,0,1.0,Executive,18131.0,0,0,0.0021755754,0,True
32.0,Self Enquiry,1,11.0,Salaried,Male,2,4.0,Deluxe,3.0,Unmarried,1.0,0,1,0,1.0,Manager,24679.0,0,0,0.0005789418,0,True
33.0,Company Invited,1,10.0,Salaried,Female,3,4.0,Basic,3.0,Unmarried,3.0,0,4,1,1.0,Executive,24887.0,1,0,0.1184628,1,False
43.0,Company Invited,1,16.0,Small Business,Female,4,4.0,Basic,3.0,Unmarried,3.0,0,4,1,2.0,Executive,22351.0,0,0,0.027655713,0,True
36.0,Self Enquiry,3,7.0,Small Business,Male,4,4.0,Standard,4.0,Married,3.0,0,4,0,1.0,Senior Manager,25973.0,0,0,0.010495044,0,True
28.0,Self Enquiry,1,7.0,Salaried,Female,4,4.0,Standard,5.0,Married,3.0,0,4,0,3.0,Senior Manager,26090.0,0,0,0.016934652,0,True
36.0,Company Invited,1,9.0,Salaried,Female,4,4.0,Deluxe,5.0,Married,4.0,0,4,0,1.0,Manager,23771.0,0,0,0.0036612793,0,True
53.0,Company Invited,1,32.0,Small Business,Female,3,5.0,Super Deluxe,3.0,Married,5.0,0,5,0,2.0,AVP,32504.0,0,0,5.5629913e-05,0,True
32.0,Self Enquiry,1,6.0,Small Business,Male,2,3.0,Deluxe,3.0,Married,2.0,1,4,1,1.0,Manager,21162.0,0,0,0.0705046,0,True
59.0,Self Enquiry,1,9.0,Large Business,Female,4,5.0,Standard,3.0,Married,2.0,0,5,0,1.0,Senior Manager,21050.0,1,1,0.98345983,1,True
21.0,Self Enquiry,1,6.0,Large Business,Female,3,4.0,Basic,4.0,Single,2.0,1,5,1,1.0,Executive,17070.0,0,1,0.7790707,0,False
36.0,Self Enquiry,1,33.0,Small Business,Male,3,3.0,Deluxe,3.0,Divorced,7.0,0,3,1,0.0,Manager,20237.0,0,0,0.018576244,0,True
58.0,Self Enquiry,1,31.0,Salaried,Male,3,3.0,Standard,3.0,Married,5.0,1,4,1,2.0,Senior Manager,28117.0,0,0,0.0063491208,0,True
28.0,Self Enquiry,3,15.0,Small Business,Female,3,4.0,Deluxe,4.0,Divorced,3.0,0,2,0,1.0,Manager,24892.0,0,0,0.0021356132,0,True
35.0,Company Invited,1,23.0,Large Business,Male,3,6.0,Basic,5.0,Married,3.0,1,3,1,1.0,Executive,20985.0,1,1,0.85602313,1,True
55.0,Self Enquiry,3,9.0,Salaried,Female,3,5.0,Standard,3.0,Married,8.0,0,5,1,2.0,Senior Manager,29364.0,0,0,0.008360072,0,True
53.0,Self Enquiry,1,9.0,Small Business,Male,2,3.0,Super Deluxe,3.0,Divorced,4.0,1,5,0,0.0,AVP,32584.0,0,0,1.0497617e-05,0,True
46.0,Self Enquiry,3,16.0,Small Business,Female,3,4.0,Standard,3.0,Divorced,3.0,1,2,1,1.0,Senior Manager,24071.0,0,0,0.07826073,0,True
32.0,Company Invited,1,9.0,Salaried,Male,4,4.0,Basic,3.0,Divorced,8.0,1,3,1,2.0,Executive,22400.0,1,1,0.98928875,1,True
50.0,Self Enquiry,1,14.0,Salaried,Male,3,5.0,Standard,3.0,Single,2.0,0,2,1,2.0,Senior Manager,29643.0,0,1,0.5583151,0,False
40.0,Self Enquiry,1,7.0,Salaried,Female,4,5.0,Super Deluxe,3.0,Married,3.0,0,3,1,1.0,AVP,31420.0,0,0,4.3605243e-07,0,True
35.0,Self Enquiry,3,13.0,Salaried,Male,3,3.0,Basic,3.0,Divorced,2.0,0,3,1,0.0,Executive,17404.0,0,0,0.013463764,0,True
34.0,Self Enquiry,1,9.0,Small Business,Male,4,4.0,Basic,3.0,Single,6.0,0,3,1,3.0,Executive,21174.0,0,0,0.050660163,0,True
24.0,Self Enquiry,3,14.0,Salaried,Male,3,4.0,Basic,3.0,Married,3.0,1,1,1,1.0,Executive,20953.0,1,1,0.971208,1,True
38.0,Self Enquiry,3,9.0,Small Business,Male,4,4.0,Deluxe,3.0,Married,6.0,1,3,0,3.0,Manager,28280.0,0,0,0.019871091,0,True
25.0,Company Invited,3,31.0,Small Business,Male,3,4.0,Basic,3.0,Divorced,2.0,0,4,0,2.0,Executive,21078.0,0,0,0.25635237,0,True
43.0,Company Invited,1,6.0,Salaried,Female,2,3.0,Deluxe,3.0,Divorced,5.0,0,2,1,1.0,Manager,20562.0,0,0,1.4979596e-05,0,True
30.0,Company Invited,1,11.0,Small Business,Female,2,3.0,Basic,4.0,Single,1.0,0,3,0,0.0,Executive,17422.0,1,0,0.41885313,1,False
38.0,Self Enquiry,3,10.0,Salaried,Male,3,4.0,Standard,3.0,Unmarried,4.0,0,3,0,2.0,Senior Manager,26106.0,0,0,0.054824207,0,True
38.0,Company Invited,3,16.0,Large Business,Female,2,3.0,Deluxe,3.0,Single,2.0,1,3,0,1.0,Manager,20666.0,0,0,0.09161705,0,True
53.0,Self Enquiry,1,12.0,Salaried,Male,2,3.0,Deluxe,3.0,Single,3.0,0,5,1,0.0,Manager,17450.0,0,0,0.01539405,0,True
35.0,Self Enquiry,1,33.0,Salaried,Male,2,3.0,Deluxe,3.0,Married,3.0,0,5,0,1.0,Manager,21883.0,0,0,0.0018018713,0,True
30.0,Self Enquiry,3,30.0,Salaried,Female,3,5.0,Standard,5.0,Divorced,3.0,0,3,0,1.0,Senior Manager,26014.0,1,1,0.90588444,1,True
50.0,Self Enquiry,1,30.0,Salaried,Male,3,3.0,Super Deluxe,3.0,Divorced,4.0,1,4,0,0.0,AVP,28973.0,0,0,0.0003872269,0,True
35.0,Self Enquiry,1,13.0,Salaried,Male,2,3.0,Standard,3.0,Unmarried,4.0,0,3,0,1.0,Senior Manager,25221.0,0,0,0.0012355983,0,True
61.0,Self Enquiry,3,23.0,Small Business,Male,3,4.0,Deluxe,5.0,Unmarried,2.0,0,4,1,1.0,Manager,24083.0,0,0,0.14522335,0,True
20.0,Self Enquiry,3,15.0,Salaried,Male,2,3.0,Basic,5.0,Single,2.0,0,1,0,1.0,Executive,17728.0,0,1,0.7853112,0,False
37.0,Self Enquiry,1,9.0,Salaried,Female,4,4.0,Basic,3.0,Divorced,6.0,0,5,1,1.0,Executive,21221.0,0,0,0.006035662,0,True
41.0,Company Invited,1,9.0,Small Business,Female,3,2.0,Deluxe,4.0,Married,3.0,0,3,0,1.0,Manager,22922.0,0,0,2.4587478e-05,0,True
46.0,Self Enquiry,3,16.0,Small Business,Female,3,4.0,Standard,3.0,Married,3.0,1,1,0,0.0,Senior Manager,24071.0,0,0,0.006520933,0,True
34.0,Self Enquiry,1,26.0,Large Business,Female,2,1.0,Basic,3.0,Divorced,1.0,0,1,1,0.0,Executive,17585.0,0,0,0.002964643,0,True
35.0,Self Enquiry,1,11.0,Large Business,Male,3,3.0,Standard,4.0,Unmarried,1.0,0,3,0,0.0,Senior Manager,23095.0,0,0,0.022118045,0,True
41.0,Self Enquiry,1,26.0,Small Business,Male,2,4.0,Deluxe,3.0,Married,2.0,1,1,1,1.0,Manager,21419.0,0,0,0.01651115,0,True
39.0,Company Invited,1,8.0,Salaried,Male,2,3.0,Super Deluxe,3.0,Married,1.0,0,3,1,0.0,AVP,27169.0,1,0,8.8412185e-07,1,False
49.0,Self Enquiry,3,14.0,Small Business,Male,4,4.0,Deluxe,5.0,Married,6.0,0,4,1,2.0,Manager,24164.0,0,0,0.025449442,0,True
39.0,Self Enquiry,3,27.0,Salaried,Male,2,4.0,Deluxe,3.0,Divorced,4.0,1,1,0,1.0,Manager,21120.0,0,1,0.9720554,0,False
29.0,Self Enquiry,1,13.0,Salaried,Male,2,3.0,Basic,5.0,Single,4.0,0,4,0,0.0,Executive,17062.0,0,1,0.7379685,0,False
59.0,Self Enquiry,1,16.0,Small Business,Female,4,5.0,Basic,4.0,Married,6.0,1,1,1,2.0,Executive,22024.0,0,0,0.02684947,0,True
36.0,Self Enquiry,1,13.0,Salaried,Male,3,3.0,Basic,4.0,Single,3.0,0,1,0,2.0,Executive,17013.0,0,0,0.15728003,0,True
31.0,Self Enquiry,1,12.0,Large Business,Female,3,4.0,Basic,5.0,Married,7.0,0,5,0,2.0,Executive,21882.0,0,0,0.27253938,0,True
33.0,Company Invited,3,28.0,Small Business,Male,3,3.0,Deluxe,4.0,Divorced,1.0,0,2,0,1.0,Manager,21146.0,0,0,0.0028291005,0,True
34.0,Self Enquiry,1,20.0,Salaried,Female,3,4.0,Basic,3.0,Unmarried,5.0,0,3,1,1.0,Executive,22130.0,0,0,0.036071584,0,True
31.0,Self Enquiry,1,17.0,Small Business,Female,4,4.0,Standard,3.0,Unmarried,2.0,0,4,0,1.0,Senior Manager,28345.0,0,0,0.18064933,0,True
30.0,Self Enquiry,1,8.0,Salaried,Female,2,5.0,Deluxe,3.0,Single,3.0,0,2,0,1.0,Manager,21091.0,0,0,0.0013419143,0,True
52.0,Self Enquiry,3,9.0,Small Business,Male,2,4.0,Super Deluxe,5.0,Married,2.0,0,5,1,0.0,AVP,31856.0,0,0,0.0021246765,0,True
34.0,Self Enquiry,1,8.0,Salaried,Male,2,4.0,Deluxe,5.0,Divorced,7.0,0,4,0,1.0,Manager,20957.0,0,0,0.06317876,0,True
41.0,Self Enquiry,3,9.0,Salaried,Male,2,4.0,Deluxe,4.0,Married,3.0,0,3,0,1.0,Manager,23938.0,0,0,0.063669205,0,True
35.0,Self Enquiry,3,8.0,Small Business,Female,3,3.0,Basic,3.0,Divorced,2.0,0,2,1,0.0,Executive,17014.0,0,0,0.00094150443,0,True
37.0,Company Invited,3,27.0,Small Business,Female,2,3.0,Basic,3.0,Divorced,6.0,0,2,1,1.0,Executive,17973.0,0,0,0.013177094,0,True
39.0,Self Enquiry,1,30.0,Salaried,Male,3,4.0,Deluxe,3.0,Married,2.0,0,3,0,2.0,Manager,24423.0,0,0,0.024451375,0,True
30.0,Self Enquiry,1,25.0,Small Business,Male,3,5.0,Basic,3.0,Single,3.0,1,3,0,1.0,Executive,21067.0,1,1,0.9855507,1,True
20.0,Self Enquiry,2,9.0,Large Business,Male,3,5.0,Basic,3.0,Single,3.0,0,3,1,2.0,Executive,21242.0,1,1,0.95378035,1,True
28.0,Self Enquiry,1,12.0,Large Business,Male,3,5.0,Standard,3.0,Married,3.0,1,3,1,2.0,Senior Manager,31486.0,0,0,0.0031648185,0,True
46.0,Company Invited,1,13.0,Small Business,Female,1,3.0,Deluxe,3.0,Married,3.0,0,5,1,0.0,Manager,20258.0,0,0,0.0002565237,0,True
30.0,Self Enquiry,1,26.0,Large Business,Male,3,4.0,Deluxe,3.0,Married,6.0,0,5,1,1.0,Manager,22940.0,0,0,0.046859875,0,True
33.0,Self Enquiry,3,11.0,Small Business,Female,2,3.0,Basic,3.0,Single,2.0,1,2,1,0.0,Executive,17851.0,1,1,0.87503046,1,True
35.0,Self Enquiry,1,9.0,Large Business,Female,4,4.0,Deluxe,3.0,Unmarried,3.0,0,5,1,2.0,Manager,25365.0,0,0,0.016475622,0,True
37.0,Company Invited,1,16.0,Small Business,Male,3,3.0,Standard,3.0,Married,7.0,0,3,1,2.0,Senior Manager,25048.0,1,1,0.9014375,1,True
40.0,Self Enquiry,3,10.0,Small Business,Female,3,4.0,Deluxe,3.0,Divorced,6.0,1,4,1,2.0,Manager,23916.0,1,1,0.81264406,1,True
38.0,Self Enquiry,1,11.0,Salaried,Male,3,4.0,Basic,3.0,Divorced,2.0,1,5,1,2.0,Executive,21674.0,0,0,0.316729,0,True
29.0,Self Enquiry,3,9.0,Small Business,Female,3,3.0,Deluxe,3.0,Divorced,2.0,0,2,0,0.0,Manager,20561.0,0,0,0.00013541464,0,True
42.0,Company Invited,1,7.0,Salaried,Female,3,1.0,Standard,4.0,Single,2.0,0,3,1,0.0,Senior Manager,17372.0,1,1,0.7689999,1,True
36.0,Self Enquiry,3,15.0,Salaried,Female,4,4.0,Basic,3.0,Divorced,3.0,0,3,0,1.0,Executive,21250.0,0,0,0.0029085455,0,True
39.0,Self Enquiry,3,9.0,Small Business,Female,2,3.0,Deluxe,3.0,Divorced,5.0,1,4,1,1.0,Manager,20238.0,1,1,0.7597012,1,True
30.0,Self Enquiry,1,16.0,Salaried,Male,2,5.0,Basic,3.0,Unmarried,2.0,0,1,1,1.0,Executive,22661.0,0,0,0.17630398,0,True
32.0,Company Invited,1,13.0,Salaried,Male,3,2.0,Basic,4.0,Divorced,2.0,0,2,0,1.0,Executive,17794.0,0,0,0.005082705,0,True
40.0,Self Enquiry,3,11.0,Salaried,Female,3,5.0,Deluxe,3.0,Married,6.0,0,5,1,2.0,Manager,24580.0,0,0,0.004143563,0,True
43.0,Company Invited,1,15.0,Small Business,Male,3,3.0,Deluxe,3.0,Married,4.0,1,3,1,2.0,Manager,20679.0,0,0,0.024303254,0,True
42.0,Company Invited,1,32.0,Small Business,Female,2,3.0,Standard,5.0,Divorced,4.0,1,3,0,1.0,Senior Manager,28191.0,0,0,0.0044896626,0,True
37.0,Self Enquiry,1,31.0,Small Business,Female,2,4.0,Deluxe,3.0,Married,1.0,0,3,1,0.0,Manager,20731.0,0,0,0.026379265,0,True
54.0,Company Invited,1,7.0,Small Business,Female,3,5.0,Super Deluxe,3.0,Married,6.0,1,1,0,1.0,AVP,31643.0,0,0,1.7715873e-09,0,True
58.0,Self Enquiry,1,8.0,Large Business,Male,2,3.0,Basic,3.0,Single,5.0,0,2,1,1.0,Executive,17479.0,1,1,0.7390075,1,True
35.0,Self Enquiry,1,13.0,Salaried,Female,3,4.0,Deluxe,3.0,Unmarried,3.0,0,3,1,1.0,Manager,23487.0,0,0,0.0008261134,0,True
35.0,Company Invited,1,9.0,Salaried,Male,4,4.0,Deluxe,3.0,Unmarried,4.0,0,4,1,2.0,Manager,22711.0,0,0,0.03301027,0,True
32.0,Company Invited,1,36.0,Small Business,Male,4,5.0,Basic,4.0,Unmarried,2.0,0,3,0,3.0,Executive,22157.0,1,1,0.89162403,1,True
35.0,Self Enquiry,3,11.0,Salaried,Male,4,4.0,Standard,3.0,Married,4.0,1,4,0,3.0,Senior Manager,28391.0,0,0,0.009282281,0,True
32.0,Company Invited,3,9.0,Salaried,Female,3,5.0,Basic,3.0,Unmarried,2.0,0,5,0,2.0,Executive,21463.0,1,1,0.98424673,1,True
45.0,Company Invited,1,12.0,Salaried,Male,3,5.0,Basic,3.0,Unmarried,5.0,0,1,0,2.0,Executive,21840.0,0,0,0.014113532,0,True
36.0,Self Enquiry,1,16.0,Large Business,Female,3,3.0,Standard,3.0,Divorced,4.0,0,3,0,2.0,Senior Manager,22094.0,0,0,0.026188364,0,True
38.0,Self Enquiry,1,7.0,Salaried,Female,3,4.0,Basic,3.0,Single,3.0,0,1,1,1.0,Executive,20793.0,0,0,0.015344982,0,True
28.0,Self Enquiry,1,6.0,Salaried,Female,3,5.0,Basic,4.0,Single,1.0,1,1,1,2.0,Executive,17216.0,1,1,0.75961685,1,True
32.0,Self Enquiry,2,9.0,Salaried,Male,4,5.0,Deluxe,5.0,Married,5.0,0,3,0,3.0,Manager,25088.0,0,0,0.065349594,0,True
56.0,Self Enquiry,3,33.0,Small Business,Male,3,5.0,King,3.0,Married,3.0,0,3,1,2.0,VP,38264.0,0,0,0.001026529,0,True
27.0,Self Enquiry,1,9.0,Small Business,Male,2,4.0,Basic,3.0,Single,1.0,0,1,1,1.0,Executive,17045.0,0,0,0.029799122,0,True
29.0,Self Enquiry,1,7.0,Salaried,Male,3,4.0,Basic,3.0,Married,3.0,0,1,0,1.0,Executive,20722.0,0,0,0.003438643,0,True
35.0,Company Invited,3,9.0,Small Business,Female,4,4.0,Basic,3.0,Divorced,8.0,0,5,1,3.0,Executive,20909.0,0,0,0.040048562,0,True
37.0,Company Invited,3,15.0,Salaried,Male,4,5.0,Standard,5.0,Unmarried,3.0,0,2,0,3.0,Senior Manager,26265.0,0,0,0.03308807,0,True
35.0,Company Invited,3,14.0,Small Business,Female,3,4.0,Standard,3.0,Married,5.0,1,5,1,2.0,Senior Manager,25377.0,0,0,0.11494663,0,True
43.0,Self Enquiry,3,31.0,Small Business,Male,3,4.0,Standard,3.0,Married,6.0,0,4,1,1.0,Senior Manager,25798.0,0,0,0.2579675,0,True
32.0,Self Enquiry,1,16.0,Salaried,Male,3,4.0,Standard,4.0,Married,3.0,0,3,0,1.0,Senior Manager,29326.0,0,0,0.006294578,0,True
32.0,Self Enquiry,1,7.0,Small Business,Male,3,4.0,Basic,4.0,Single,3.0,0,3,1,1.0,Executive,21179.0,0,0,0.31505686,0,True
27.0,Self Enquiry,1,20.0,Salaried,Male,2,3.0,Basic,5.0,Married,2.0,1,4,1,0.0,Executive,17235.0,0,1,0.6107442,0,False
36.0,Company Invited,1,24.0,Salaried,Male,3,3.0,Deluxe,3.0,Unmarried,3.0,0,3,1,0.0,Manager,22779.0,0,0,0.011754043,0,True
36.0,Self Enquiry,1,32.0,Salaried,Male,3,5.0,Deluxe,3.0,Unmarried,6.0,0,1,1,1.0,Manager,22359.0,0,0,0.0051368074,0,True
45.0,Self Enquiry,1,11.0,Small Business,Male,3,4.0,Deluxe,4.0,Unmarried,2.0,0,2,1,1.0,Manager,24611.0,0,0,0.02903279,0,True
42.0,Self Enquiry,1,24.0,Salaried,Male,2,3.0,Deluxe,5.0,Married,7.0,1,1,0,0.0,Manager,20410.0,0,0,0.030921128,0,True
28.0,Self Enquiry,1,13.0,Small Business,Female,4,5.0,Basic,3.0,Married,2.0,0,2,1,2.0,Executive,20865.0,0,0,0.011992977,0,True
36.0,Company Invited,3,14.0,Large Business,Male,2,3.0,Deluxe,3.0,Married,5.0,0,3,1,1.0,Manager,20079.0,0,0,0.14798948,0,True
47.0,Company Invited,3,10.0,Small Business,Male,2,3.0,Deluxe,3.0,Single,4.0,0,4,0,1.0,Manager,17976.0,0,0,0.03316961,0,True
30.0,Self Enquiry,3,17.0,Salaried,Male,4,4.0,Basic,3.0,Unmarried,3.0,0,4,1,1.0,Executive,21320.0,0,0,0.21320514,0,True
39.0,Self Enquiry,1,9.0,Small Business,Male,4,4.0,Basic,3.0,Married,8.0,1,4,0,3.0,Executive,21735.0,0,0,0.22393721,0,True
35.0,Company Invited,1,7.0,Small Business,Male,4,5.0,Deluxe,5.0,Unmarried,2.0,0,2,1,3.0,Manager,24021.0,0,0,0.007271565,0,True
36.0,Self Enquiry,1,22.0,Salaried,Female,2,1.0,Basic,5.0,Single,2.0,0,1,1,0.0,Executive,17743.0,1,1,0.7267622,1,True
29.0,Self Enquiry,1,22.0,Salaried,Male,3,4.0,Basic,3.0,Married,3.0,0,4,1,2.0,Executive,20885.0,0,0,0.039984655,0,True
42.0,Self Enquiry,1,23.0,Salaried,Female,2,1.0,Deluxe,5.0,Unmarried,4.0,1,1,1,1.0,Manager,21545.0,0,0,0.009145744,0,True
23.0,Self Enquiry,1,10.0,Small Business,Male,2,2.0,Basic,5.0,Divorced,3.0,0,4,0,1.0,Executive,17819.0,0,0,0.07632561,0,True
59.0,Self Enquiry,3,17.0,Small Business,Male,3,4.0,Super Deluxe,3.0,Single,2.0,0,3,1,2.0,AVP,32550.0,0,0,0.0029549983,0,True
39.0,Self Enquiry,3,21.0,Salaried,Male,4,4.0,Deluxe,4.0,Married,2.0,0,5,1,3.0,Manager,28602.0,0,0,0.00420399,0,True
38.0,Company Invited,2,16.0,Salaried,Male,3,3.0,Deluxe,3.0,Married,4.0,0,3,0,2.0,Manager,21077.0,0,0,0.07068209,0,True
51.0,Self Enquiry,1,14.0,Salaried,Male,2,4.0,Standard,4.0,Divorced,6.0,0,3,1,1.0,Senior Manager,27490.0,0,0,0.014502223,0,True
34.0,Self Enquiry,3,23.0,Salaried,Female,4,4.0,Standard,5.0,Unmarried,4.0,1,5,0,1.0,Senior Manager,27242.0,1,1,0.9107444,1,True
52.0,Company Invited,1,15.0,Salaried,Male,3,6.0,Standard,3.0,Single,4.0,0,1,1,1.0,Senior Manager,29328.0,1,1,0.9601886,1,True
35.0,Self Enquiry,3,35.0,Small Business,Female,4,5.0,Deluxe,3.0,Married,3.0,0,5,1,1.0,Manager,25390.0,0,0,0.011954629,0,True
37.0,Self Enquiry,3,9.0,Small Business,Male,4,5.0,Standard,3.0,Divorced,3.0,0,2,1,1.0,Senior Manager,26274.0,0,0,0.10822804,0,True
32.0,Company Invited,3,12.0,Small Business,Female,3,4.0,Basic,4.0,Married,3.0,0,3,0,1.0,Executive,21467.0,0,0,0.035566427,0,True
27.0,Self Enquiry,3,12.0,Salaried,Female,2,5.0,Basic,3.0,Unmarried,2.0,0,1,0,1.0,Executive,21644.0,0,1,0.9151911,0,False
37.0,Self Enquiry,1,21.0,Salaried,Male,4,4.0,Deluxe,3.0,Divorced,2.0,1,5,1,3.0,Manager,25264.0,0,0,0.13775204,0,True
44.0,Company Invited,1,17.0,Salaried,Female,3,5.0,Deluxe,3.0,Married,3.0,0,3,0,1.0,Manager,23935.0,0,0,0.000718108,0,True
54.0,Self Enquiry,1,9.0,Large Business,Female,4,5.0,Standard,3.0,Married,2.0,0,5,1,3.0,Senior Manager,28847.0,1,1,0.9671344,1,True
53.0,Self Enquiry,3,13.0,Small Business,Female,3,4.0,Standard,3.0,Divorced,1.0,1,2,0,0.0,Senior Manager,25934.0,0,0,0.031149602,0,True
44.0,Self Enquiry,1,16.0,Salaried,Male,3,3.0,Basic,3.0,Single,2.0,1,3,1,0.0,Executive,17936.0,1,1,0.82211506,1,True
33.0,Self Enquiry,1,14.0,Salaried,Male,4,4.0,Deluxe,3.0,Divorced,3.0,0,3,1,2.0,Manager,23561.0,1,0,0.34699935,1,False
29.0,Self Enquiry,2,19.0,Salaried,Male,2,4.0,Basic,5.0,Married,5.0,1,5,1,1.0,Executive,17335.0,1,1,0.7688355,1,True
35.0,Self Enquiry,2,10.0,Salaried,Male,3,4.0,Basic,3.0,Divorced,2.0,0,2,1,2.0,Executive,22415.0,0,0,0.023123924,0,True
39.0,Company Invited,1,6.0,Salaried,Male,3,3.0,Deluxe,3.0,Married,2.0,1,5,1,2.0,Manager,21472.0,0,0,0.02647883,0,True
34.0,Company Invited,1,16.0,Large Business,Male,3,4.0,Deluxe,3.0,Married,2.0,0,4,1,1.0,Manager,20063.0,0,0,0.010756307,0,True
31.0,Self Enquiry,1,9.0,Small Business,Female,3,5.0,Deluxe,3.0,Unmarried,7.0,1,2,1,2.0,Manager,25555.0,0,0,0.008040028,0,True
35.0,Self Enquiry,1,9.0,Salaried,Male,4,5.0,Basic,3.0,Married,5.0,0,5,1,1.0,Executive,21446.0,0,0,0.019815918,0,True
27.0,Self Enquiry,3,7.0,Salaried,Male,3,4.0,Deluxe,3.0,Divorced,3.0,0,5,1,1.0,Manager,23974.0,0,0,0.008296009,0,True
36.0,Self Enquiry,3,23.0,Small Business,Male,2,4.0,Deluxe,4.0,Married,3.0,0,4,1,0.0,Manager,20507.0,0,0,0.09358025,0,True
30.0,Company Invited,1,7.0,Salaried,Male,4,6.0,Basic,3.0,Married,3.0,0,1,0,3.0,Executive,21398.0,0,0,0.00705926,0,True
37.0,Self Enquiry,1,7.0,Salaried,Female,3,4.0,Deluxe,4.0,Divorced,2.0,0,5,0,1.0,Manager,23906.0,0,0,0.0057286164,0,True
25.0,Self Enquiry,3,11.0,Small Business,Female,3,4.0,Deluxe,3.0,Divorced,3.0,1,5,1,1.0,Manager,22840.0,0,1,0.69228053,0,False
29.0,Self Enquiry,1,10.0,Small Business,Female,4,4.0,Standard,4.0,Married,2.0,0,4,0,1.0,Senior Manager,26333.0,0,0,0.019171366,0,True
33.0,Company Invited,1,23.0,Salaried,Female,4,6.0,Basic,5.0,Unmarried,3.0,1,4,0,1.0,Executive,22597.0,1,1,0.9980053,1,True
34.0,Self Enquiry,1,16.0,Salaried,Male,2,3.0,Basic,4.0,Married,2.0,0,1,1,1.0,Executive,17008.0,0,0,0.16629218,0,True
30.0,Self Enquiry,1,35.0,Small Business,Female,4,5.0,Basic,5.0,Unmarried,3.0,0,1,0,2.0,Executive,22463.0,0,0,0.39782655,0,True
31.0,Company Invited,1,9.0,Small Business,Female,3,4.0,Basic,3.0,Single,2.0,0,4,1,1.0,Executive,21242.0,0,0,0.080657974,0,True
34.0,Self Enquiry,1,17.0,Small Business,Male,3,6.0,Basic,3.0,Married,2.0,0,5,0,1.0,Executive,22086.0,1,0,0.23005717,1,False
43.0,Self Enquiry,3,15.0,Small Business,Male,3,4.0,Deluxe,4.0,Married,2.0,0,3,1,1.0,Manager,25503.0,0,0,0.043051895,0,True
31.0,Company Invited,3,8.0,Salaried,Male,2,3.0,Deluxe,5.0,Single,1.0,0,1,0,0.0,Manager,20332.0,0,0,0.4651129,0,True
26.0,Self Enquiry,1,9.0,Salaried,Female,2,3.0,Basic,3.0,Married,2.0,0,3,1,1.0,Executive,17061.0,0,0,0.026385628,0,True
37.0,Self Enquiry,1,9.0,Salaried,Female,4,4.0,Deluxe,4.0,Married,6.0,1,4,0,1.0,Manager,25640.0,0,0,0.003177016,0,True
44.0,Company Invited,1,7.0,Salaried,Female,3,4.0,Deluxe,3.0,Married,6.0,0,1,1,2.0,Manager,24240.0,0,0,1.8588158e-05,0,True
26.0,Company Invited,1,6.0,Salaried,Female,2,3.0,Deluxe,4.0,Married,2.0,0,5,1,1.0,Manager,21397.0,0,0,0.0010878737,0,True
38.0,Company Invited,3,28.0,Small Business,Female,3,4.0,Basic,3.0,Divorced,7.0,0,2,1,2.0,Executive,21651.0,0,0,0.02321196,0,True
35.0,Self Enquiry,1,11.0,Large Business,Male,3,3.0,Standard,4.0,Unmarried,1.0,0,3,1,1.0,Senior Manager,23095.0,0,0,0.015943361,0,True
19.0,Self Enquiry,3,27.0,Salaried,Male,2,4.0,Basic,4.0,Single,2.0,1,1,1,1.0,Executive,17121.0,1,1,0.9983148,1,True
37.0,Company Invited,3,15.0,Small Business,Male,3,3.0,Standard,4.0,Married,2.0,0,2,1,0.0,Senior Manager,23834.0,0,0,0.025288641,0,True
29.0,Self Enquiry,1,14.0,Salaried,Female,2,5.0,Deluxe,5.0,Married,4.0,0,1,0,0.0,Manager,24715.0,0,0,0.0009150705,0,True
30.0,Self Enquiry,1,13.0,Small Business,Male,2,4.0,Basic,4.0,Married,2.0,0,5,0,0.0,Executive,17141.0,0,0,0.39196405,0,True
28.0,Self Enquiry,1,7.0,Small Business,Male,3,4.0,Basic,4.0,Married,3.0,0,3,0,1.0,Executive,22494.0,0,0,0.059632722,0,True
45.0,Company Invited,1,6.0,Salaried,Male,3,4.0,Standard,3.0,Married,4.0,0,1,1,2.0,Senior Manager,25748.0,0,0,0.009579076,0,True
41.0,Company Invited,1,15.0,Salaried,Male,4,4.0,Deluxe,3.0,Married,5.0,1,3,1,2.0,Manager,22747.0,0,0,0.05274392,0,True
27.0,Self Enquiry,1,23.0,Salaried,Female,2,3.0,Basic,3.0,Single,2.0,1,5,1,0.0,Executive,17394.0,1,1,0.85980207,1,True
30.0,Self Enquiry,1,10.0,Small Business,Male,4,5.0,Standard,3.0,Divorced,3.0,0,2,1,3.0,Senior Manager,30613.0,0,0,0.0038559332,0,True
39.0,Company Invited,1,14.0,Salaried,Male,3,2.0,Basic,3.0,Married,3.0,0,3,0,1.0,Executive,21288.0,0,0,0.0010607393,0,True
51.0,Company Invited,3,19.0,Salaried,Male,3,4.0,Deluxe,3.0,Single,5.0,1,3,1,2.0,Manager,35558.0,1,1,0.98362607,1,True
19.0,Company Invited,3,12.0,Small Business,Male,4,4.0,Basic,4.0,Single,3.0,1,4,1,1.0,Executive,20556.0,1,1,0.9980785,1,True
19.0,Company Invited,3,6.0,Large Business,Female,3,5.0,Basic,5.0,Single,1.0,0,3,1,0.0,Executive,17325.0,1,1,0.89861804,1,True
39.0,Self Enquiry,1,36.0,Small Business,Male,4,4.0,Deluxe,5.0,Divorced,2.0,1,3,0,2.0,Manager,25351.0,1,1,0.9162231,1,True
27.0,Company Invited,1,16.0,Salaried,Male,2,3.0,Standard,5.0,Married,2.0,0,3,1,0.0,Senior Manager,23793.0,0,0,0.044270277,0,True
35.0,Self Enquiry,1,26.0,Salaried,Female,3,5.0,Basic,3.0,Married,3.0,0,4,1,2.0,Executive,21607.0,0,0,0.031826768,0,True
36.0,Self Enquiry,1,9.0,Salaried,Male,3,5.0,Standard,4.0,Married,4.0,0,4,1,1.0,Senior Manager,28952.0,0,0,0.020529771,0,True
43.0,Self Enquiry,1,9.0,Salaried,Female,3,4.0,Deluxe,3.0,Divorced,3.0,0,2,1,1.0,Manager,22767.0,0,0,0.00057411747,0,True
60.0,Self Enquiry,1,6.0,Small Business,Male,3,5.0,Standard,3.0,Married,4.0,0,5,0,0.0,Senior Manager,25883.0,0,0,0.28737596,0,True
31.0,Company Invited,1,16.0,Small Business,Male,3,4.0,Basic,5.0,Unmarried,4.0,1,3,0,2.0,Executive,23373.0,1,1,0.9759456,1,True
36.0,Self Enquiry,1,34.0,Salaried,Male,3,4.0,Deluxe,3.0,Married,4.0,0,5,0,2.0,Manager,25561.0,0,0,0.0018267047,0,True
32.0,Self Enquiry,1,10.0,Salaried,Female,3,4.0,Deluxe,3.0,Divorced,2.0,0,4,1,0.0,Manager,21162.0,0,0,0.0016781389,0,True
38.0,Self Enquiry,3,6.0,Salaried,Male,2,4.0,Basic,5.0,Single,5.0,0,3,0,1.0,Executive,17858.0,0,1,0.88821065,0,False
33.0,Self Enquiry,1,12.0,Salaried,Male,3,5.0,Deluxe,3.0,Unmarried,2.0,0,1,0,2.0,Manager,28357.0,0,0,0.0011494696,0,True
35.0,Company Invited,1,10.0,Salaried,Male,2,4.0,Basic,3.0,Married,2.0,0,1,1,1.0,Executive,17376.0,0,0,0.011507594,0,True
49.0,Self Enquiry,3,14.0,Large Business,Male,2,4.0,Super Deluxe,4.0,Married,7.0,0,4,1,1.0,AVP,28120.0,0,0,0.0015164665,0,True
27.0,Self Enquiry,1,11.0,Salaried,Female,2,3.0,Basic,4.0,Single,2.0,1,3,0,1.0,Executive,17478.0,0,1,0.78494614,0,False
55.0,Self Enquiry,1,16.0,Salaried,Female,4,4.0,Deluxe,3.0,Married,5.0,0,5,0,2.0,Manager,21575.0,0,0,0.0045672683,0,True
30.0,Self Enquiry,3,17.0,Small Business,Male,3,4.0,Basic,4.0,Married,3.0,0,2,0,2.0,Executive,20975.0,0,0,0.08152838,0,True
53.0,Self Enquiry,3,13.0,Small Business,Female,3,4.0,Standard,3.0,Married,1.0,1,1,0,1.0,Senior Manager,25934.0,0,0,0.0039653773,0,True
27.0,Self Enquiry,1,10.0,Salaried,Female,3,4.0,Basic,3.0,Married,3.0,0,3,1,2.0,Executive,20739.0,0,0,0.037203174,0,True
36.0,Company Invited,1,25.0,Salaried,Male,3,4.0,Standard,3.0,Unmarried,4.0,0,3,0,1.0,Senior Manager,28040.0,0,0,0.05505782,0,True
29.0,Company Invited,1,6.0,Salaried,Male,3,5.0,Basic,3.0,Married,2.0,0,1,0,2.0,Executive,17720.0,0,0,0.004870415,0,True
37.0,Self Enquiry,2,20.0,Salaried,Male,3,4.0,Basic,4.0,Married,6.0,0,3,1,2.0,Executive,20821.0,0,0,0.33366784,0,True
22.0,Self Enquiry,1,17.0,Salaried,Female,3,5.0,Basic,5.0,Single,3.0,0,3,0,2.0,Executive,20094.0,1,1,0.9371594,1,True
39.0,Self Enquiry,1,12.0,Small Business,Male,3,3.0,Basic,5.0,Divorced,1.0,1,2,1,1.0,Executive,17404.0,1,1,0.91567874,1,True
33.0,Self Enquiry,3,15.0,Large Business,Female,4,5.0,Deluxe,4.0,Married,3.0,1,1,1,3.0,Manager,23906.0,0,0,0.0011242956,0,True
59.0,Company Invited,3,6.0,Salaried,Female,2,4.0,Deluxe,3.0,Single,1.0,0,5,1,1.0,Manager,20473.0,0,0,0.011310968,0,True
52.0,Self Enquiry,1,7.0,Salaried,Male,4,4.0,Basic,3.0,Married,3.0,0,4,1,1.0,Executive,21401.0,0,0,0.014699365,0,True
41.0,Self Enquiry,3,6.0,Small Business,Male,2,2.0,Standard,5.0,Divorced,2.0,0,3,1,1.0,Senior Manager,23392.0,0,0,0.00705835,0,True
34.0,Self Enquiry,1,11.0,Small Business,Female,3,5.0,Basic,4.0,Divorced,2.0,0,1,0,1.0,Executive,22516.0,0,0,0.0012371086,0,True
38.0,Self Enquiry,1,26.0,Salaried,Male,4,4.0,Basic,4.0,Married,6.0,0,4,0,2.0,Executive,21700.0,0,0,0.03715588,0,True
58.0,Self Enquiry,1,8.0,Large Business,Male,2,3.0,Basic,3.0,Single,5.0,0,1,0,0.0,Executive,17479.0,1,1,0.7465516,1,True
44.0,Self Enquiry,3,32.0,Small Business,Male,4,5.0,Standard,3.0,Married,7.0,0,4,1,2.0,Senior Manager,29476.0,0,0,0.13548115,0,True
44.0,Self Enquiry,1,15.0,Salaried,Male,3,3.0,Basic,5.0,Married,2.0,1,3,1,0.0,Executive,17559.0,0,1,0.5645682,0,False
27.0,Self Enquiry,1,11.0,Large Business,Male,2,4.0,Standard,3.0,Married,2.0,1,3,1,1.0,Senior Manager,27808.0,0,0,0.003978177,0,True
53.0,Self Enquiry,3,12.0,Small Business,Male,2,3.0,Deluxe,3.0,Married,3.0,1,5,0,1.0,Manager,17306.0,0,0,0.10258775,0,True
35.0,Self Enquiry,3,21.0,Large Business,Female,3,4.0,Basic,3.0,Married,3.0,1,5,1,2.0,Executive,21257.0,0,1,0.6587109,0,False
31.0,Self Enquiry,2,8.0,Salaried,Male,3,4.0,Deluxe,5.0,Divorced,4.0,0,3,0,1.0,Manager,21410.0,0,0,0.17455947,0,True
34.0,Self Enquiry,1,12.0,Salaried,Female,4,5.0,Basic,3.0,Married,3.0,0,1,0,1.0,Executive,21589.0,0,0,0.0023631924,0,True
38.0,Company Invited,2,6.0,Salaried,Male,2,3.0,Basic,4.0,Married,1.0,1,1,1,1.0,Executive,17991.0,0,1,0.67815655,0,False
39.0,Self Enquiry,1,16.0,Salaried,Female,4,4.0,Basic,3.0,Single,3.0,0,1,1,3.0,Executive,20966.0,0,0,0.026732074,0,True
29.0,Self Enquiry,1,31.0,Salaried,Male,3,5.0,Basic,3.0,Single,7.0,1,1,0,1.0,Executive,20706.0,1,1,0.999713,1,True
44.0,Self Enquiry,1,15.0,Salaried,Male,3,3.0,Basic,5.0,Divorced,2.0,1,3,1,0.0,Executive,17559.0,0,1,0.65137625,0,False
30.0,Self Enquiry,1,9.0,Large Business,Female,2,3.0,Basic,5.0,Single,6.0,1,4,1,1.0,Executive,17657.0,1,1,0.9178991,1,True
32.0,Self Enquiry,3,13.0,Small Business,Male,4,2.0,Deluxe,3.0,Married,6.0,0,5,1,2.0,Manager,24138.0,0,0,0.0047473484,0,True
36.0,Self Enquiry,1,34.0,Small Business,Female,3,5.0,Basic,5.0,Single,3.0,0,4,1,2.0,Executive,21237.0,0,0,0.18669073,0,True
48.0,Self Enquiry,1,21.0,Salaried,Female,3,3.0,Basic,5.0,Married,1.0,0,1,1,0.0,Executive,17367.0,0,0,0.23964113,0,True
55.0,Company Invited,1,8.0,Salaried,Male,3,3.0,Standard,4.0,Married,4.0,0,1,0,1.0,Senior Manager,25976.0,0,0,0.017498514,0,True
32.0,Company Invited,1,10.0,Small Business,Male,3,4.0,Basic,5.0,Married,3.0,1,1,0,1.0,Executive,21743.0,0,1,0.72680724,0,False
52.0,Company Invited,1,7.0,Small Business,Female,2,5.0,Standard,5.0,Unmarried,5.0,0,2,1,1.0,Senior Manager,26162.0,0,0,0.002370917,0,True
43.0,Self Enquiry,1,31.0,Small Business,Male,3,4.0,Standard,5.0,Divorced,3.0,1,2,1,2.0,Senior Manager,26084.0,0,0,0.055428635,0,True
35.0,Self Enquiry,1,15.0,Salaried,Female,3,4.0,Standard,3.0,Divorced,2.0,1,4,1,1.0,Senior Manager,25685.0,0,0,0.08290168,0,True
32.0,Company Invited,3,27.0,Salaried,Male,4,2.0,Basic,3.0,Married,2.0,0,5,1,1.0,Executive,21469.0,0,0,0.025302347,0,True
51.0,Self Enquiry,1,24.0,Salaried,Female,3,5.0,Standard,5.0,Married,7.0,0,3,1,1.0,Senior Manager,31947.0,0,0,0.0036106312,0,True
51.0,Self Enquiry,1,10.0,Salaried,Male,2,3.0,Basic,3.0,Married,1.0,1,1,0,0.0,Executive,17461.0,1,1,0.8038064,1,True
38.0,Company Invited,1,17.0,Small Business,Male,4,4.0,Standard,3.0,Married,8.0,0,3,0,3.0,Senior Manager,28726.0,1,1,0.83643943,1,True
22.0,Self Enquiry,1,8.0,Large Business,Male,3,3.0,Basic,3.0,Divorced,1.0,0,5,1,2.0,Executive,17523.0,0,0,0.0780649,0,True
36.0,Self Enquiry,3,7.0,Small Business,Male,3,5.0,Deluxe,5.0,Unmarried,2.0,0,2,0,2.0,Manager,22990.0,0,1,0.76204205,0,False
32.0,Company Invited,3,11.0,Salaried,Male,2,3.0,Deluxe,4.0,Married,2.0,0,3,1,1.0,Manager,21524.0,0,0,0.039020184,0,True
33.0,Self Enquiry,1,7.0,Small Business,Male,3,4.0,Deluxe,3.0,Married,3.0,1,4,1,2.0,Manager,24840.0,0,0,0.11201196,0,True
33.0,Company Invited,3,9.0,Salaried,Female,4,4.0,Basic,5.0,Married,3.0,0,3,1,1.0,Executive,21505.0,0,0,0.032947898,0,True
42.0,Self Enquiry,3,10.0,Small Business,Male,2,3.0,Deluxe,5.0,Single,1.0,0,5,1,1.0,Manager,20155.0,0,0,0.09897207,0,True
43.0,Self Enquiry,1,9.0,Salaried,Male,4,5.0,Deluxe,3.0,Unmarried,5.0,0,1,1,1.0,Manager,25459.0,0,0,0.006897363,0,True
47.0,Self Enquiry,1,25.0,Small Business,Female,3,4.0,Deluxe,3.0,Married,4.0,0,5,1,2.0,Manager,23488.0,0,0,0.10994203,0,True
41.0,Company Invited,1,33.0,Small Business,Female,4,5.0,Deluxe,3.0,Divorced,5.0,1,2,1,1.0,Manager,23100.0,0,0,0.003252607,0,True
35.0,Self Enquiry,1,15.0,Small Business,Male,2,3.0,Deluxe,3.0,Single,2.0,0,4,0,1.0,Manager,20098.0,0,0,0.04742017,0,True
31.0,Self Enquiry,1,30.0,Small Business,Female,3,4.0,Deluxe,5.0,Unmarried,2.0,0,5,1,0.0,Manager,21812.0,0,0,0.16990496,0,True
34.0,Company Invited,1,7.0,Small Business,Male,3,5.0,Basic,3.0,Married,3.0,0,3,0,1.0,Executive,20686.0,0,0,0.03900521,0,True
20.0,Company Invited,1,17.0,Small Business,Female,4,5.0,Basic,4.0,Single,3.0,1,5,0,3.0,Executive,20537.0,1,1,0.9963681,1,True
31.0,Self Enquiry,3,19.0,Small Business,Male,3,4.0,Deluxe,5.0,Married,6.0,1,1,1,0.0,Manager,17302.0,1,1,0.9961019,1,True
44.0,Company Invited,1,14.0,Small Business,Male,3,3.0,Basic,3.0,Married,6.0,0,4,0,2.0,Executive,20767.0,0,0,0.0015459354,0,True
48.0,Self Enquiry,3,21.0,Small Business,Female,4,4.0,Deluxe,3.0,Divorced,5.0,1,5,1,1.0,Manager,23269.0,0,1,0.6815254,0,False
36.0,Self Enquiry,1,14.0,Large Business,Female,2,3.0,Standard,3.0,Married,2.0,0,4,1,1.0,Senior Manager,25096.0,0,0,0.002623239,0,True
27.0,Self Enquiry,1,9.0,Small Business,Male,2,4.0,Basic,3.0,Single,1.0,0,2,0,0.0,Executive,17045.0,0,0,0.13749045,0,True
48.0,Self Enquiry,1,26.0,Small Business,Male,2,3.0,Basic,3.0,Married,5.0,0,1,1,0.0,Executive,17259.0,0,0,0.0023812344,0,True
50.0,Company Invited,2,9.0,Small Business,Male,2,3.0,King,4.0,Divorced,2.0,0,2,1,0.0,VP,33200.0,0,0,1.0196916e-05,0,True
45.0,Company Invited,1,31.0,Small Business,Female,2,3.0,King,4.0,Single,4.0,0,4,1,1.0,VP,33061.0,0,0,0.05077762,0,True
19.0,Self Enquiry,1,9.0,Small Business,Female,3,3.0,Basic,4.0,Single,2.0,0,3,1,0.0,Executive,16483.0,0,0,0.33070952,0,True
26.0,Self Enquiry,2,9.0,Salaried,Female,3,4.0,Basic,4.0,Married,6.0,0,4,0,1.0,Executive,20865.0,0,0,0.1415131,0,True
25.0,Self Enquiry,3,34.0,Salaried,Male,2,4.0,Deluxe,3.0,Divorced,3.0,0,4,0,0.0,Manager,23639.0,0,0,0.019588651,0,True
53.0,Self Enquiry,1,29.0,Salaried,Female,3,3.0,Super Deluxe,3.0,Single,7.0,0,5,1,1.0,AVP,29275.0,0,0,0.0007044257,0,True
53.0,Self Enquiry,1,15.0,Small Business,Male,3,5.0,Deluxe,4.0,Married,4.0,0,1,1,1.0,Manager,23619.0,1,1,0.83184457,1,True
38.0,Self Enquiry,3,9.0,Small Business,Male,4,4.0,Deluxe,3.0,Divorced,6.0,1,3,0,2.0,Manager,28280.0,0,0,0.063915685,0,True
30.0,Self Enquiry,3,7.0,Small Business,Female,3,5.0,Basic,3.0,Married,8.0,1,2,0,2.0,Executive,21478.0,1,1,0.99910307,1,True
38.0,Self Enquiry,3,7.0,Salaried,Male,3,5.0,Standard,3.0,Divorced,7.0,0,2,1,2.0,Senior Manager,29287.0,1,1,0.98535645,1,True
50.0,Self Enquiry,1,8.0,Small Business,Male,3,3.0,Super Deluxe,3.0,Married,6.0,0,1,0,1.0,AVP,32639.0,0,0,5.6148397e-10,0,True
35.0,Self Enquiry,1,9.0,Salaried,Male,3,5.0,Deluxe,5.0,Divorced,8.0,0,4,0,2.0,Manager,24635.0,0,0,0.044228118,0,True
39.0,Self Enquiry,1,7.0,Salaried,Female,3,2.0,Deluxe,3.0,Unmarried,2.0,0,1,0,1.0,Manager,26303.0,0,0,4.2528654e-06,0,True
46.0,Self Enquiry,1,13.0,Small Business,Male,3,3.0,Standard,3.0,Married,7.0,0,2,0,2.0,Senior Manager,25845.0,0,0,0.054786965,0,True
50.0,Self Enquiry,1,35.0,Salaried,Male,2,4.0,Super Deluxe,3.0,Married,1.0,0,5,1,1.0,AVP,32046.0,0,0,7.2917166e-05,0,True
26.0,Self Enquiry,1,29.0,Salaried,Female,2,3.0,Basic,3.0,Married,2.0,0,3,1,1.0,Executive,17886.0,0,0,0.11197829,0,True
31.0,Company Invited,1,12.0,Small Business,Female,3,4.0,Basic,4.0,Single,2.0,0,3,0,1.0,Executive,21100.0,1,0,0.37433904,1,False
37.0,Self Enquiry,1,7.0,Large Business,Female,4,6.0,Standard,5.0,Married,4.0,1,2,1,3.0,Senior Manager,28930.0,0,0,0.000107525906,0,True
49.0,Self Enquiry,3,36.0,Small Business,Female,4,4.0,Standard,3.0,Married,5.0,0,4,0,2.0,Senior Manager,31182.0,0,0,0.054231394,0,True
44.0,Self Enquiry,3,16.0,Small Business,Female,3,6.0,Deluxe,3.0,Unmarried,2.0,0,2,1,2.0,Manager,24024.0,1,1,0.65622497,1,True
50.0,Self Enquiry,1,7.0,Large Business,Female,3,4.0,Basic,5.0,Married,4.0,0,4,0,1.0,Executive,22258.0,0,0,0.20956878,0,True
58.0,Company Invited,1,8.0,Salaried,Male,2,4.0,Basic,3.0,Married,1.0,1,1,1,0.0,Executive,17380.0,1,1,0.970215,1,True
60.0,Company Invited,3,7.0,Salaried,Female,3,5.0,Deluxe,3.0,Unmarried,2.0,0,5,1,2.0,Manager,24151.0,0,0,0.039607532,0,True
38.0,Self Enquiry,3,7.0,Salaried,Male,3,5.0,Standard,3.0,Married,7.0,0,1,1,2.0,Senior Manager,29287.0,1,1,0.96962315,1,True
30.0,Company Invited,1,9.0,Salaried,Male,2,3.0,Basic,3.0,Divorced,5.0,0,3,0,1.0,Executive,17097.0,0,0,0.004023149,0,True
42.0,Self Enquiry,1,8.0,Salaried,Male,2,3.0,King,3.0,Married,6.0,0,3,1,1.0,VP,33880.0,0,0,0.000118257245,0,True
24.0,Company Invited,3,19.0,Salaried,Female,3,3.0,Basic,4.0,Divorced,2.0,0,1,0,0.0,Executive,17033.0,0,0,0.035722427,0,True
37.0,Self Enquiry,1,6.0,Salaried,Female,3,3.0,Deluxe,4.0,Married,7.0,0,1,1,2.0,Manager,21447.0,0,0,0.0007001906,0,True
33.0,Company Invited,1,6.0,Salaried,Female,2,1.0,Deluxe,4.0,Divorced,2.0,1,3,0,1.0,Manager,20488.0,0,0,0.00018767135,0,True
39.0,Company Invited,1,8.0,Large Business,Female,3,3.0,Standard,3.0,Unmarried,1.0,0,2,1,1.0,Senior Manager,25938.0,0,0,0.00016373377,0,True
34.0,Company Invited,1,9.0,Salaried,Male,2,4.0,Basic,3.0,Married,4.0,0,1,0,0.0,Executive,17979.0,0,0,0.002504448,0,True
46.0,Self Enquiry,2,31.0,Small Business,Male,3,4.0,Basic,4.0,Single,3.0,0,4,0,2.0,Executive,20855.0,0,0,0.35036668,0,True
44.0,Company Invited,1,17.0,Salaried,Female,3,5.0,Deluxe,3.0,Married,3.0,0,3,1,1.0,Manager,23935.0,0,0,0.00041549106,0,True
38.0,Company Invited,1,29.0,Salaried,Male,2,4.0,Standard,3.0,Unmarried,1.0,0,3,1,0.0,Senior Manager,24526.0,0,0,0.14741707,0,True
38.0,Self Enquiry,1,17.0,Small Business,Male,3,4.0,Deluxe,5.0,Unmarried,3.0,0,4,0,1.0,Manager,22891.0,1,1,0.7129792,1,True
34.0,Self Enquiry,1,6.0,Salaried,Male,2,3.0,Basic,3.0,Divorced,2.0,0,3,1,0.0,Executive,17691.0,0,0,0.018550932,0,True
31.0,Self Enquiry,1,7.0,Salaried,Male,3,6.0,Basic,3.0,Divorced,5.0,0,4,1,1.0,Executive,22511.0,0,0,0.07908194,0,True
32.0,Self Enquiry,3,13.0,Small Business,Male,3,3.0,Deluxe,3.0,Divorced,5.0,0,5,1,1.0,Manager,24204.0,0,0,0.024991618,0,True
45.0,Self Enquiry,1,9.0,Salaried,Female,4,2.0,Basic,3.0,Divorced,3.0,0,4,1,1.0,Executive,20689.0,0,0,0.0008804309,0,True
37.0,Self Enquiry,3,10.0,Small Business,Female,3,4.0,Deluxe,4.0,Unmarried,5.0,1,4,0,2.0,Manager,27956.0,0,1,0.9180921,0,False
36.0,Self Enquiry,1,23.0,Salaried,Male,4,4.0,Standard,3.0,Married,6.0,1,1,0,1.0,Senior Manager,26310.0,0,0,0.004981496,0,True
24.0,Self Enquiry,3,6.0,Large Business,Female,3,3.0,Basic,4.0,Single,2.0,1,4,1,2.0,Executive,18202.0,1,1,0.8838877,1,True
51.0,Self Enquiry,1,8.0,Small Business,Male,2,5.0,Deluxe,4.0,Married,6.0,0,2,0,0.0,Manager,20482.0,0,0,0.06885121,0,True
33.0,Self Enquiry,1,13.0,Small Business,Male,2,3.0,Standard,3.0,Married,1.0,0,4,1,0.0,Senior Manager,26691.0,0,0,0.11308495,0,True
34.0,Self Enquiry,1,21.0,Small Business,Female,4,4.0,Basic,4.0,Divorced,3.0,0,5,0,1.0,Executive,21434.0,0,0,0.023477083,0,True
28.0,Self Enquiry,1,11.0,Salaried,Female,4,4.0,Basic,3.0,Single,3.0,0,1,0,1.0,Executive,20996.0,0,0,0.02457317,0,True
34.0,Self Enquiry,1,12.0,Salaried,Female,4,5.0,Basic,3.0,Divorced,3.0,0,2,0,3.0,Executive,21589.0,0,0,0.005694645,0,True
43.0,Company Invited,1,8.0,Salaried,Female,4,2.0,Standard,4.0,Single,3.0,0,3,1,1.0,Senior Manager,21050.0,1,1,0.9190311,1,True
35.0,Company Invited,1,17.0,Large Business,Male,4,5.0,Deluxe,3.0,Married,3.0,0,4,1,2.0,Manager,23741.0,0,0,0.05186014,0,True
47.0,Self Enquiry,3,8.0,Salaried,Female,2,1.0,Super Deluxe,4.0,Married,7.0,0,1,0,0.0,AVP,30972.0,0,0,4.1183966e-08,0,True
38.0,Self Enquiry,1,8.0,Salaried,Female,3,5.0,Deluxe,3.0,Married,3.0,0,1,0,1.0,Manager,25152.0,0,0,0.00011129987,0,True
36.0,Self Enquiry,3,7.0,Small Business,Male,3,5.0,Deluxe,5.0,Unmarried,2.0,0,1,1,2.0,Manager,22990.0,0,0,0.074997075,0,True
54.0,Self Enquiry,1,13.0,Small Business,Female,3,3.0,Deluxe,3.0,Married,5.0,0,3,1,1.0,Manager,21854.0,0,0,0.05280734,0,True
29.0,Self Enquiry,3,9.0,Small Business,Female,3,4.0,Deluxe,4.0,Divorced,3.0,1,3,1,1.0,Manager,23457.0,0,0,0.21032888,0,True
38.0,Self Enquiry,2,6.0,Salaried,Male,2,1.0,Basic,3.0,Married,2.0,0,4,1,0.0,Executive,17844.0,0,0,0.0014446235,0,True
32.0,Company Invited,3,14.0,Small Business,Female,2,3.0,Standard,3.0,Unmarried,2.0,0,4,1,1.0,Senior Manager,23998.0,0,0,0.050039195,0,True
37.0,Self Enquiry,1,12.0,Salaried,Female,3,4.0,Standard,5.0,Married,6.0,0,4,1,2.0,Senior Manager,26686.0,0,0,0.015934095,0,True
37.0,Self Enquiry,3,9.0,Small Business,Male,4,5.0,Standard,3.0,Married,3.0,0,1,1,2.0,Senior Manager,26274.0,0,0,0.031842962,0,True
20.0,Self Enquiry,1,6.0,Salaried,Female,2,4.0,Basic,4.0,Single,2.0,0,4,0,1.0,Executive,17836.0,0,1,0.93300855,0,False
36.0,Company Invited,1,9.0,Small Business,Female,3,4.0,Deluxe,4.0,Unmarried,7.0,0,2,1,1.0,Manager,23103.0,0,0,0.00045687854,0,True
34.0,Company Invited,1,15.0,Salaried,Male,3,3.0,Deluxe,5.0,Married,5.0,0,3,0,1.0,Manager,20346.0,1,1,0.9350865,1,True
54.0,Self Enquiry,1,14.0,Salaried,Male,3,3.0,Super Deluxe,3.0,Divorced,5.0,0,2,0,1.0,AVP,33492.0,0,0,2.3066848e-08,0,True
30.0,Self Enquiry,3,34.0,Small Business,Female,3,4.0,Standard,3.0,Divorced,3.0,0,3,1,2.0,Senior Manager,26317.0,1,1,0.8906222,1,True
24.0,Self Enquiry,3,6.0,Large Business,Female,3,3.0,Basic,4.0,Single,2.0,1,4,0,0.0,Executive,18202.0,1,1,0.9556355,1,True
31.0,Self Enquiry,1,13.0,Large Business,Female,3,5.0,Deluxe,3.0,Divorced,2.0,0,4,1,2.0,Manager,23305.0,0,0,0.001104676,0,True
60.0,Self Enquiry,3,32.0,Salaried,Female,3,4.0,Standard,5.0,Unmarried,2.0,0,3,1,1.0,Senior Manager,26315.0,0,0,0.11049029,0,True
22.0,Company Invited,1,22.0,Small Business,Male,3,1.0,Basic,3.0,Married,2.0,1,3,0,2.0,Executive,17935.0,0,0,0.46023595,0,True
55.0,Self Enquiry,1,14.0,Small Business,Female,2,3.0,Super Deluxe,3.0,Married,3.0,1,3,0,1.0,AVP,29756.0,0,0,1.8799913e-08,0,True
55.0,Self Enquiry,3,24.0,Salaried,Female,2,3.0,Super Deluxe,4.0,Single,4.0,0,1,1,0.0,AVP,31835.0,0,0,0.0005606877,0,True
36.0,Self Enquiry,1,33.0,Small Business,Male,3,3.0,Deluxe,3.0,Married,7.0,0,3,0,0.0,Manager,20237.0,0,0,0.050231066,0,True
30.0,Self Enquiry,3,30.0,Salaried,Female,3,5.0,Standard,5.0,Married,3.0,0,3,1,2.0,Senior Manager,26014.0,1,1,0.8217225,1,True
31.0,Self Enquiry,3,11.0,Large Business,Male,2,3.0,Deluxe,3.0,Married,2.0,0,5,0,1.0,Manager,23346.0,0,0,0.02688429,0,True
43.0,Company Invited,3,21.0,Salaried,Male,2,4.0,Deluxe,3.0,Divorced,4.0,0,5,0,1.0,Manager,21804.0,0,0,0.006522272,0,True
23.0,Self Enquiry,1,7.0,Salaried,Male,4,4.0,Basic,3.0,Unmarried,2.0,0,3,0,3.0,Executive,22053.0,0,0,0.018355548,0,True
45.0,Self Enquiry,1,9.0,Salaried,Female,4,2.0,Standard,3.0,Married,3.0,1,4,1,1.0,Senior Manager,26557.0,0,0,0.002131329,0,True
26.0,Self Enquiry,3,11.0,Salaried,Female,1,4.0,Basic,3.0,Single,1.0,0,1,0,0.0,Executive,17966.0,0,1,0.76196235,0,False
40.0,Self Enquiry,1,8.0,Small Business,Male,2,3.0,King,3.0,Married,1.0,0,5,0,0.0,VP,34436.0,0,0,3.040827e-05,0,True
40.0,Self Enquiry,2,12.0,Small Business,Male,2,3.0,Super Deluxe,3.0,Single,2.0,1,3,1,1.0,AVP,31437.0,0,0,0.014073793,0,True
55.0,Self Enquiry,3,9.0,Salaried,Female,3,5.0,Standard,3.0,Divorced,8.0,0,5,1,1.0,Senior Manager,29364.0,0,0,0.01544205,0,True
34.0,Company Invited,2,29.0,Salaried,Female,2,3.0,Standard,5.0,Married,1.0,1,3,1,0.0,Senior Manager,24950.0,1,1,0.899632,1,True
45.0,Company Invited,2,7.0,Salaried,Male,3,4.0,Deluxe,3.0,Married,6.0,1,5,1,2.0,Manager,24421.0,0,0,0.12983826,0,True
52.0,Self Enquiry,3,11.0,Salaried,Male,3,3.0,Standard,4.0,Unmarried,1.0,1,4,1,1.0,Senior Manager,23446.0,1,1,0.9257079,1,True
38.0,Self Enquiry,1,17.0,Salaried,Male,3,4.0,Deluxe,4.0,Unmarried,4.0,1,5,0,2.0,Manager,22875.0,0,0,0.16641185,0,True
30.0,Company Invited,3,32.0,Small Business,Female,2,4.0,Deluxe,5.0,Unmarried,6.0,0,2,0,1.0,Manager,21696.0,1,1,0.8747238,1,True
28.0,Self Enquiry,3,11.0,Small Business,Male,2,3.0,Deluxe,5.0,Unmarried,1.0,0,1,1,0.0,Manager,23463.0,0,0,0.09983709,0,True
25.0,Self Enquiry,1,6.0,Large Business,Male,2,3.0,Basic,3.0,Divorced,5.0,0,5,1,1.0,Executive,18229.0,0,0,0.14696233,0,True
26.0,Self Enquiry,3,20.0,Small Business,Male,3,4.0,Basic,3.0,Divorced,3.0,0,3,1,1.0,Executive,20774.0,0,0,0.052669432,0,True
29.0,Company Invited,3,7.0,Salaried,Male,3,5.0,Deluxe,3.0,Married,3.0,1,1,0,1.0,Manager,25512.0,0,0,0.0074762665,0,True
43.0,Company Invited,1,15.0,Salaried,Male,2,3.0,Basic,3.0,Single,5.0,0,3,0,1.0,Executive,17438.0,0,0,0.03975386,0,True
28.0,Company Invited,1,6.0,Salaried,Female,2,5.0,Deluxe,3.0,Divorced,1.0,0,3,1,0.0,Manager,21674.0,0,0,5.0252285e-05,0,True
38.0,Self Enquiry,1,17.0,Small Business,Female,4,4.0,Basic,5.0,Married,8.0,0,1,1,3.0,Executive,22130.0,0,0,0.0150873335,0,True
51.0,Self Enquiry,1,16.0,Salaried,Male,4,4.0,Basic,3.0,Divorced,6.0,0,5,1,1.0,Executive,21058.0,0,0,0.009310695,0,True
23.0,Self Enquiry,1,16.0,Large Business,Male,2,1.0,Basic,3.0,Married,3.0,0,1,1,0.0,Executive,17073.0,0,0,0.028236734,0,True
20.0,Self Enquiry,1,10.0,Small Business,Female,4,4.0,Basic,4.0,Single,3.0,0,3,1,1.0,Executive,20161.0,0,0,0.26851648,0,True
39.0,Self Enquiry,1,32.0,Salaried,Female,3,5.0,Standard,4.0,Married,5.0,0,3,0,2.0,Senior Manager,30739.0,0,0,0.0057858797,0,True
35.0,Company Invited,1,8.0,Small Business,Male,2,3.0,Deluxe,3.0,Married,3.0,0,3,0,1.0,Manager,20762.0,0,0,0.0004124394,0,True
22.0,Self Enquiry,1,21.0,Small Business,Female,2,3.0,Basic,3.0,Single,2.0,0,1,1,1.0,Executive,17871.0,0,0,0.019606339,0,True
31.0,Self Enquiry,3,22.0,Small Business,Male,4,5.0,Standard,5.0,Married,4.0,0,1,0,3.0,Senior Manager,25818.0,0,0,0.036416583,0,True
35.0,Self Enquiry,1,31.0,Large Business,Male,3,4.0,Standard,4.0,Married,4.0,0,3,1,1.0,Senior Manager,25903.0,0,0,0.01664334,0,True
53.0,Self Enquiry,1,13.0,Large Business,Male,4,4.0,Deluxe,5.0,Married,5.0,1,4,1,3.0,Manager,24255.0,0,0,0.016806971,0,True
28.0,Company Invited,1,10.0,Small Business,Male,4,5.0,Basic,3.0,Married,3.0,1,2,0,3.0,Executive,21244.0,0,0,0.2760612,0,True
39.0,Self Enquiry,3,14.0,Small Business,Female,3,2.0,Deluxe,5.0,Married,3.0,1,3,1,2.0,Manager,24283.0,0,0,0.049758676,0,True
39.0,Self Enquiry,2,7.0,Salaried,Male,3,2.0,Basic,3.0,Married,3.0,0,4,1,1.0,Executive,21522.0,0,0,0.0019438831,0,True
23.0,Self Enquiry,1,15.0,Small Business,Male,2,3.0,Basic,5.0,Married,2.0,0,3,1,0.0,Executive,17500.0,0,1,0.59126914,0,False
46.0,Self Enquiry,3,16.0,Small Business,Male,4,4.0,Standard,5.0,Married,6.0,1,2,1,1.0,Senior Manager,29439.0,0,0,0.014399623,0,True
35.0,Self Enquiry,3,16.0,Salaried,Female,4,4.0,Deluxe,3.0,Married,3.0,0,1,0,1.0,Manager,24392.0,0,0,0.0051955776,0,True
35.0,Self Enquiry,3,9.0,Salaried,Male,3,4.0,Deluxe,3.0,Unmarried,3.0,0,5,0,2.0,Manager,24952.0,0,0,0.022020726,0,True
28.0,Company Invited,3,10.0,Small Business,Female,4,3.0,Deluxe,3.0,Married,3.0,1,2,1,3.0,Manager,23325.0,0,0,0.00019396386,0,True
23.0,Self Enquiry,3,8.0,Large Business,Male,3,3.0,Basic,5.0,Married,4.0,0,3,1,2.0,Executive,17322.0,0,1,0.6138921,0,False
42.0,Self Enquiry,1,10.0,Large Business,Male,2,3.0,King,3.0,Divorced,2.0,0,2,0,1.0,VP,34232.0,0,0,0.0071997987,0,True
36.0,Self Enquiry,1,30.0,Salaried,Male,3,5.0,Deluxe,3.0,Married,5.0,1,4,1,1.0,Manager,24594.0,1,0,0.17437458,1,False
36.0,Self Enquiry,3,9.0,Small Business,Female,3,4.0,Standard,3.0,Married,1.0,0,3,1,0.0,Senior Manager,22644.0,0,0,0.049940266,0,True
21.0,Self Enquiry,3,9.0,Small Business,Female,3,5.0,Basic,3.0,Single,3.0,0,4,1,1.0,Executive,20722.0,1,1,0.9742342,1,True
42.0,Company Invited,3,32.0,Small Business,Female,3,3.0,Super Deluxe,4.0,Divorced,6.0,0,3,1,2.0,AVP,28525.0,0,0,3.9780894e-05,0,True
41.0,Company Invited,1,15.0,Small Business,Male,3,5.0,Standard,4.0,Married,4.0,0,1,1,2.0,Senior Manager,32435.0,0,0,0.0020835185,0,True
43.0,Company Invited,1,16.0,Salaried,Female,2,3.0,Basic,3.0,Single,1.0,0,5,0,1.0,Executive,17455.0,0,0,0.046759795,0,True
