Age,TypeofContact,CityTier,DurationOfPitch,Occupation,Gender,NumberOfPersonVisiting,NumberOfFollowups,ProductPitched,PreferredPropertyStar,MaritalStatus,NumberOfTrips,Passport,PitchSatisfactionScore,OwnCar,NumberOfChildrenVisiting,Designation,MonthlyIncome,ProdTaken
25.0,Self Enquiry,1,7.0,Small Business,Male,4,4.0,Basic,3.0,Divorced,4.0,1,3,1,3.0,Executive,20971.0,1
24.0,Company Invited,3,19.0,Salaried,Female,3,3.0,Basic,4.0,Divorced,2.0,0,1,0,0.0,Executive,17033.0,0
30.0,Company Invited,1,21.0,Salaried,Fe Male,3,4.0,Standard,3.0,Unmarried,2.0,1,5,1,1.0,Senior Manager,26231.0,1
26.0,Company Invited,2,23.0,Salaried,Female,2,3.0,Basic,3.0,Married,1.0,1,5,0,1.0,Executive,17741.0,1
23.0,Self Enquiry,1,7.0,Salaried,Male,4,4.0,Basic,3.0,Unmarried,2.0,0,3,0,3.0,Executive,22053.0,0
37.0,Self Enquiry,3,6.0,Salaried,Male,2,4.0,Standard,3.0,Divorced,6.0,0,2,1,1.0,Senior Manager,25609.0,1
38.0,Company Invited,1,17.0,Small Business,Male,4,4.0,Standard,3.0,Married,8.0,0,3,0,3.0,Senior Manager,28726.0,1
34.0,Company Invited,3,23.0,Salaried,Female,3,4.0,Deluxe,3.0,Married,3.0,1,1,0,1.0,Manager,24046.0,0
39.0,Company Invited,1,9.0,Small Business,Female,3,5.0,Basic,4.0,Single,3.0,0,1,1,1.0,Executive,21118.0,0
34.0,Self Enquiry,1,12.0,Small Business,Male,2,3.0,Basic,5.0,Single,3.0,0,2,1,1.0,Executive,17960.0,1
34.0,Self Enquiry,1,21.0,Small Business,Male,3,4.0,Basic,3.0,Married,7.0,1,1,1,2.0,Executive,21114.0,1
49.0,Self Enquiry,1,26.0,Small Business,Female,3,3.0,Deluxe,5.0,Married,2.0,0,1,1,0.0,Manager,21567.0,0
30.0,Company Invited,2,14.0,Salaried,Female,3,4.0,Basic,3.0,Married,7.0,0,5,1,2.0,Executive,17180.0,1
33.0,Company Invited,1,9.0,Salaried,Male,3,3.0,Basic,5.0,Single,2.0,1,5,1,2.0,Executive,18348.0,1
21.0,Company Invited,1,13.0,Salaried,Female,4,5.0,Basic,3.0,Unmarried,3.0,1,1,0,1.0,Executive,21604.0,1
31.0,Self Enquiry,1,14.0,Salaried,Male,3,4.0,Deluxe,3.0,Married,3.0,0,5,1,2.0,Manager,22169.0,0
32.0,Self Enquiry,1,31.0,Small Business,Fe Male,4,5.0,Deluxe,5.0,Unmarried,3.0,0,5,0,3.0,Manager,25490.0,0
29.0,Self Enquiry,1,8.0,Salaried,Male,3,3.0,Basic,4.0,Divorced,1.0,0,4,0,0.0,Executive,17703.0,0
46.0,Self Enquiry,3,9.0,Salaried,Male,4,4.0,Deluxe,4.0,Married,2.0,0,5,1,3.0,Manager,23483.0,0
35.0,Company Invited,3,26.0,Small Business,Male,4,3.0,Deluxe,3.0,Unmarried,2.0,1,2,1,3.0,Manager,23982.0,1
33.0,Self Enquiry,3,15.0,Small Business,Male,3,2.0,Deluxe,3.0,Divorced,3.0,0,5,0,1.0,Manager,24887.0,0
31.0,Company Invited,3,8.0,Salaried,Male,2,3.0,Deluxe,5.0,Single,1.0,0,1,0,0.0,Manager,20332.0,0
29.0,Company Invited,3,30.0,Large Business,Male,2,1.0,Basic,5.0,Single,2.0,0,3,1,1.0,Executive,16091.0,1
27.0,Company Invited,3,8.0,Salaried,Male,2,5.0,Deluxe,3.0,Single,4.0,0,4,1,1.0,Manager,20071.0,0
31.0,Self Enquiry,3,13.0,Salaried,Male,2,4.0,Standard,3.0,Married,1.0,0,3,1,0.0,Senior Manager,26557.0,0
33.0,Self Enquiry,3,20.0,Salaried,Male,4,4.0,Deluxe,3.0,Married,4.0,0,2,0,1.0,Manager,23081.0,0
38.0,Self Enquiry,1,9.0,Salaried,Male,4,5.0,Basic,3.0,Single,8.0,1,3,0,3.0,Executive,20768.0,1
28.0,Company Invited,2,29.0,Salaried,Female,3,5.0,Basic,4.0,Married,3.0,0,1,1,1.0,Executive,21541.0,1
43.0,Self Enquiry,1,13.0,Salaried,Female,2,3.0,Standard,5.0,Divorced,1.0,0,5,1,0.0,Senior Manager,24985.0,0
57.0,Self Enquiry,1,6.0,Small Business,Male,2,3.0,Deluxe,3.0,Married,3.0,0,3,0,1.0,Manager,21755.0,0
32.0,Company Invited,3,9.0,Salaried,Female,3,5.0,Basic,3.0,Unmarried,2.0,0,5,0,2.0,Executive,21463.0,1
41.0,Self Enquiry,1,8.0,Salaried,Female,2,5.0,Basic,3.0,Married,5.0,1,3,0,0.0,Executive,17778.0,1
30.0,Company Invited,3,32.0,Small Business,Female,2,4.0,Deluxe,5.0,Unmarried,6.0,0,2,0,1.0,Manager,21696.0,1
36.0,Self Enquiry,3,9.0,Salaried,Male,2,4.0,Standard,3.0,Divorced,2.0,1,2,1,0.0,Senior Manager,25325.0,1
37.0,Self Enquiry,1,16.0,Salaried,Female,2,3.0,Basic,5.0,Married,1.0,1,3,1,1.0,Executive,17782.0,0
48.0,Company Invited,3,11.0,Small Business,Male,4,4.0,Deluxe,3.0,Unmarried,5.0,0,4,0,3.0,Manager,21654.0,0
32.0,Self Enquiry,1,19.0,Small Business,Female,4,4.0,Basic,3.0,Divorced,2.0,1,4,1,3.0,Executive,22607.0,0
24.0,Self Enquiry,3,6.0,Large Business,Female,3,3.0,Basic,4.0,Single,2.0,1,4,0,0.0,Executive,18202.0,1
42.0,Company Invited,1,12.0,Salaried,Male,4,5.0,Basic,5.0,Married,8.0,0,3,0,2.0,Executive,20785.0,1
39.0,Self Enquiry,3,17.0,Small Business,Male,4,5.0,Standard,3.0,Married,2.0,1,3,1,1.0,Senior Manager,27418.0,0
57.0,Company Invited,1,16.0,Small Business,Female,4,4.0,Basic,3.0,Married,4.0,0,1,1,1.0,Executive,21620.0,0
42.0,Self Enquiry,1,8.0,Small Business,Female,2,4.0,Basic,5.0,Married,1.0,1,4,1,1.0,Executive,17593.0,0
37.0,Self Enquiry,1,23.0,Salaried,Female,3,2.0,Basic,5.0,Unmarried,3.0,0,1,1,1.0,Executive,21421.0,1
50.0,Company Invited,3,18.0,Salaried,Male,2,3.0,Deluxe,3.0,Single,4.0,1,3,1,1.0,Manager,31880.0,1
33.0,Company Invited,3,18.0,Salaried,Male,3,3.0,Deluxe,3.0,Divorced,2.0,0,3,1,2.0,Manager,23385.0,1
38.0,Self Enquiry,3,7.0,Salaried,Male,3,5.0,Standard,3.0,Divorced,7.0,0,2,1,2.0,Senior Manager,29287.0,1
36.0,Self Enquiry,3,22.0,Small Business,Male,3,6.0,Deluxe,3.0,Married,8.0,1,1,1,2.0,Manager,24118.0,1
41.0,Self Enquiry,1,14.0,Salaried,Male,4,4.0,Basic,5.0,Single,5.0,1,3,0,2.0,Executive,20844.0,1
30.0,Self Enquiry,1,30.0,Salaried,Male,3,2.0,Basic,3.0,Divorced,3.0,0,2,1,2.0,Executive,21378.0,0
32.0,Self Enquiry,1,31.0,Small Business,Fe Male,4,5.0,Deluxe,5.0,Unmarried,3.0,0,5,1,1.0,Manager,25490.0,0
61.0,Self Enquiry,3,23.0,Small Business,Male,3,4.0,Deluxe,5.0,Unmarried,2.0,0,4,1,2.0,Manager,24083.0,0
21.0,Self Enquiry,3,28.0,Small Business,Male,3,2.0,Basic,3.0,Unmarried,3.0,0,3,1,2.0,Executive,21356.0,0
39.0,Self Enquiry,1,16.0,Salaried,Male,4,4.0,Basic,3.0,Married,4.0,0,1,1,2.0,Executive,23449.0,0
42.0,Self Enquiry,1,9.0,Salaried,Female,3,6.0,Basic,3.0,Married,6.0,1,3,0,1.0,Executive,21456.0,1
41.0,Self Enquiry,3,10.0,Small Business,Female,2,3.0,Standard,3.0,Married,1.0,1,1,0,1.0,Senior Manager,25447.0,0
45.0,Self Enquiry,2,7.0,Small Business,Male,4,5.0,Standard,5.0,Divorced,2.0,0,4,1,1.0,Senior Manager,29160.0,1
32.0,Self Enquiry,3,13.0,Salaried,Male,4,6.0,Deluxe,3.0,Married,6.0,1,3,0,3.0,Manager,24850.0,1
43.0,Self Enquiry,3,15.0,Small Business,Male,3,4.0,Deluxe,4.0,Married,2.0,0,3,1,1.0,Manager,25503.0,0
35.0,Company Invited,3,13.0,Small Business,Female,3,6.0,Basic,3.0,Married,2.0,0,4,0,2.0,Executive,21029.0,1
53.0,Self Enquiry,3,8.0,Salaried,Female,3,4.0,Super Deluxe,3.0,Divorced,3.0,0,3,1,0.0,AVP,30427.0,0
37.0,Company Invited,1,10.0,Large Business,Male,3,4.0,Basic,4.0,Married,3.0,0,3,0,2.0,Executive,22370.0,0
28.0,Self Enquiry,3,9.0,Small Business,Male,3,4.0,Basic,5.0,Married,2.0,0,5,0,2.0,Executive,21719.0,1
36.0,Company Invited,1,8.0,Small Business,Male,4,4.0,Basic,4.0,Married,3.0,1,3,1,1.0,Executive,22927.0,1
26.0,Self Enquiry,1,11.0,Large Business,Male,3,4.0,Basic,3.0,Married,3.0,1,3,1,2.0,Executive,22369.0,1
43.0,Company Invited,1,16.0,Salaried,Female,2,3.0,Basic,3.0,Single,1.0,0,5,0,0.0,Executive,17455.0,0
33.0,Company Invited,1,6.0,Small Business,Male,2,4.0,Basic,3.0,Married,2.0,0,3,0,0.0,Executive,17008.0,0
38.0,Self Enquiry,1,6.0,Salaried,Female,2,2.0,Deluxe,3.0,Unmarried,1.0,0,2,1,1.0,Manager,22625.0,0
29.0,Self Enquiry,1,31.0,Salaried,Male,3,5.0,Basic,3.0,Single,7.0,1,1,0,1.0,Executive,20706.0,1
40.0,Company Invited,3,27.0,Salaried,Male,3,4.0,Deluxe,3.0,Married,4.0,0,3,1,1.0,Manager,22805.0,0
38.0,Company Invited,1,16.0,Small Business,Male,3,4.0,Basic,3.0,Divorced,3.0,1,2,0,1.0,Executive,21004.0,0
37.0,Company Invited,1,16.0,Small Business,Male,3,3.0,Standard,3.0,Married,7.0,0,3,1,2.0,Senior Manager,25048.0,1
29.0,Company Invited,1,7.0,Small Business,Male,3,5.0,Basic,4.0,Married,3.0,0,4,1,1.0,Executive,21274.0,1
32.0,Self Enquiry,1,30.0,Small Business,Male,4,5.0,Deluxe,3.0,Divorced,2.0,0,3,1,2.0,Manager,24260.0,0
58.0,Self Enquiry,1,8.0,Salaried,Male,2,3.0,King,4.0,Single,1.0,1,3,1,0.0,VP,34246.0,1
35.0,Self Enquiry,3,14.0,Large Business,Male,3,4.0,Basic,3.0,Married,2.0,1,1,0,2.0,Executive,20986.0,0
28.0,Self Enquiry,1,18.0,Salaried,Female,3,3.0,Basic,3.0,Married,2.0,1,4,1,1.0,Executive,17515.0,1
34.0,Self Enquiry,3,16.0,Small Business,Fe Male,4,4.0,Deluxe,5.0,Unmarried,2.0,1,3,0,2.0,Manager,26902.0,1
53.0,Self Enquiry,1,15.0,Small Business,Male,3,5.0,Deluxe,4.0,Divorced,4.0,0,2,1,2.0,Manager,23619.0,1
36.0,Self Enquiry,3,16.0,Small Business,Male,2,4.0,Standard,5.0,Married,1.0,0,5,0,0.0,Senior Manager,22094.0,1
29.0,Self Enquiry,3,12.0,Small Business,Male,4,4.0,Deluxe,3.0,Unmarried,3.0,0,3,0,2.0,Manager,23586.0,0
33.0,Self Enquiry,3,7.0,Small Business,Male,4,5.0,Basic,4.0,Married,2.0,0,1,0,3.0,Executive,20947.0,0
51.0,Self Enquiry,1,10.0,Salaried,Male,2,3.0,Basic,3.0,Divorced,1.0,1,2,1,1.0,Executive,17461.0,1
39.0,Company Invited,1,16.0,Salaried,Male,4,4.0,Deluxe,5.0,Married,6.0,0,3,0,3.0,Manager,25571.0,1
40.0,Self Enquiry,3,28.0,Small Business,Male,3,4.0,Deluxe,3.0,Married,3.0,1,3,1,0.0,Manager,21380.0,1
21.0,Self Enquiry,1,24.0,Salaried,Female,3,3.0,Basic,3.0,Single,2.0,0,3,1,2.0,Executive,17693.0,1
25.0,Self Enquiry,3,7.0,Large Business,Female,4,4.0,Basic,4.0,Unmarried,3.0,1,4,0,1.0,Executive,21880.0,1
41.0,Company Invited,1,16.0,Salaried,Male,4,5.0,Deluxe,3.0,Married,2.0,0,5,0,2.0,Manager,23554.0,0
34.0,Self Enquiry,1,15.0,Salaried,Male,2,3.0,Standard,3.0,Married,1.0,0,5,1,1.0,Senior Manager,23500.0,0
28.0,Self Enquiry,1,12.0,Large Business,Male,3,5.0,Standard,3.0,Married,3.0,1,3,1,2.0,Senior Manager,31486.0,0
38.0,Company Invited,3,16.0,Small Business,Male,4,4.0,Standard,4.0,Married,3.0,0,2,1,1.0,Senior Manager,27512.0,0
32.0,Company Invited,1,36.0,Small Business,Male,4,5.0,Basic,4.0,Unmarried,2.0,0,3,0,3.0,Executive,22157.0,1
28.0,Self Enquiry,1,30.0,Salaried,Male,2,4.0,Basic,3.0,Single,6.0,1,2,0,0.0,Executive,17028.0,1
44.0,Self Enquiry,1,16.0,Salaried,Male,3,3.0,Basic,3.0,Single,2.0,1,3,1,0.0,Executive,17936.0,1
32.0,Self Enquiry,1,15.0,Salaried,Female,4,4.0,Deluxe,3.0,Unmarried,3.0,0,5,1,3.0,Manager,23102.0,0
27.0,Self Enquiry,1,23.0,Small Business,Male,3,4.0,Basic,4.0,Married,4.0,1,2,1,2.0,Executive,21051.0,1
33.0,Self Enquiry,1,7.0,Salaried,Male,4,5.0,Basic,3.0,Unmarried,2.0,1,5,0,3.0,Executive,22408.0,1
33.0,Self Enquiry,1,27.0,Small Business,Male,3,1.0,Basic,4.0,Married,2.0,0,1,1,1.0,Executive,17028.0,0
46.0,Company Invited,3,16.0,Salaried,Female,4,5.0,Deluxe,3.0,Divorced,3.0,0,3,0,1.0,Manager,24271.0,0
29.0,Company Invited,1,31.0,Large Business,Male,4,5.0,Standard,5.0,Unmarried,3.0,0,2,0,1.0,Senior Manager,27400.0,1
32.0,Self Enquiry,1,16.0,Salaried,Male,3,4.0,Standard,4.0,Married,3.0,0,3,1,2.0,Senior Manager,29326.0,0
25.0,Self Enquiry,1,31.0,Small Business,Male,3,4.0,Basic,4.0,Unmarried,2.0,0,5,1,1.0,Executive,22275.0,0
38.0,Self Enquiry,1,14.0,Small Business,Male,2,4.0,Standard,3.0,Single,6.0,0,2,0,1.0,Senior Manager,32342.0,0
38.0,Company Invited,3,16.0,Large Business,Female,2,3.0,Deluxe,3.0,Single,2.0,1,3,1,0.0,Manager,20666.0,0
52.0,Company Invited,1,15.0,Salaried,Male,3,6.0,Standard,3.0,Single,4.0,0,2,0,2.0,Senior Manager,29328.0,1
30.0,Self Enquiry,1,17.0,Salaried,Female,4,5.0,Basic,5.0,Single,8.0,1,5,1,1.0,Executive,21082.0,1
61.0,Self Enquiry,3,23.0,Small Business,Male,3,4.0,Deluxe,5.0,Unmarried,2.0,0,4,1,1.0,Manager,24083.0,0
44.0,Self Enquiry,2,6.0,Small Business,Male,3,4.0,Standard,5.0,Divorced,1.0,0,4,1,0.0,Senior Manager,25482.0,1
25.0,Self Enquiry,3,25.0,Small Business,Male,2,4.0,Basic,4.0,Married,2.0,1,1,0,1.0,Executive,17413.0,1
42.0,Self Enquiry,1,18.0,Small Business,Male,2,3.0,Basic,4.0,Married,1.0,0,1,1,1.0,Executive,17766.0,0
38.0,Self Enquiry,1,10.0,Salaried,Male,3,4.0,Standard,3.0,Divorced,3.0,0,2,1,1.0,Senior Manager,28112.0,0
28.0,Self Enquiry,1,10.0,Small Business,Male,3,5.0,Basic,3.0,Single,2.0,0,1,1,2.0,Executive,20723.0,0
37.0,Self Enquiry,1,9.0,Salaried,Female,4,4.0,Basic,3.0,Married,6.0,0,5,1,1.0,Executive,21221.0,0
49.0,Self Enquiry,1,14.0,Salaried,Female,2,3.0,Standard,4.0,Married,5.0,0,4,0,1.0,Senior Manager,22403.0,0
30.0,Self Enquiry,1,28.0,Salaried,Female,2,3.0,Basic,3.0,Divorced,5.0,1,2,0,1.0,Executive,17132.0,1
33.0,Self Enquiry,3,11.0,Small Business,Female,2,3.0,Basic,3.0,Single,2.0,1,2,1,0.0,Executive,17851.0,1
38.0,Self Enquiry,3,9.0,Salaried,Male,2,3.0,Deluxe,3.0,Unmarried,1.0,1,3,1,0.0,Manager,21861.0,0
35.0,Company Invited,1,17.0,Salaried,Male,3,2.0,Deluxe,3.0,Married,3.0,0,4,1,1.0,Manager,23402.0,0
51.0,Company Invited,1,12.0,Small Business,Female,2,4.0,Basic,3.0,Single,1.0,0,5,1,1.0,Executive,17838.0,0
43.0,Self Enquiry,1,9.0,Small Business,Female,3,5.0,Basic,5.0,Married,2.0,1,4,1,2.0,Executive,21271.0,0
52.0,Self Enquiry,1,8.0,Salaried,Female,2,4.0,Basic,3.0,Single,1.0,0,3,0,0.0,Executive,18212.0,0
37.0,Self Enquiry,3,6.0,Salaried,Male,2,4.0,Standard,3.0,Married,6.0,0,1,1,1.0,Senior Manager,25609.0,1
30.0,Self Enquiry,3,30.0,Salaried,Female,3,5.0,Standard,5.0,Divorced,3.0,0,3,0,1.0,Senior Manager,26014.0,1
32.0,Company Invited,1,11.0,Salaried,Female,2,1.0,Basic,3.0,Single,4.0,1,1,0,1.0,Executive,17432.0,1
26.0,Self Enquiry,3,12.0,Small Business,Male,3,5.0,Deluxe,3.0,Unmarried,3.0,1,3,1,1.0,Manager,24422.0,1
32.0,Self Enquiry,3,20.0,Small Business,Male,4,5.0,Deluxe,5.0,Married,7.0,1,1,1,1.0,Manager,20980.0,1
32.0,Company Invited,1,31.0,Large Business,Fe Male,2,4.0,Deluxe,3.0,Unmarried,4.0,0,1,1,1.0,Manager,23916.0,0
43.0,Company Invited,1,8.0,Salaried,Female,4,2.0,Standard,4.0,Single,3.0,0,3,1,1.0,Senior Manager,21050.0,1
28.0,Company Invited,1,12.0,Salaried,Male,2,4.0,Basic,3.0,Married,2.0,1,4,1,0.0,Executive,17703.0,0
46.0,Company Invited,1,13.0,Small Business,Female,1,3.0,Deluxe,3.0,Married,3.0,0,5,1,0.0,Manager,20258.0,0
30.0,Self Enquiry,1,22.0,Salaried,Female,3,5.0,Deluxe,3.0,Unmarried,2.0,1,1,1,2.0,Manager,22871.0,0
36.0,Self Enquiry,1,29.0,Salaried,Female,4,2.0,Standard,4.0,Married,2.0,0,5,1,3.0,Senior Manager,30674.0,0
30.0,Self Enquiry,1,9.0,Large Business,Female,2,3.0,Basic,5.0,Single,6.0,1,4,1,1.0,Executive,17657.0,1
31.0,Company Invited,1,16.0,Small Business,Male,3,4.0,Basic,5.0,Unmarried,4.0,1,3,0,2.0,Executive,23373.0,1
18.0,Company Invited,3,11.0,Small Business,Male,3,3.0,Basic,4.0,Single,2.0,1,4,1,2.0,Executive,16878.0,1
37.0,Company Invited,3,15.0,Salaried,Male,4,5.0,Standard,5.0,Unmarried,3.0,0,2,0,3.0,Senior Manager,26265.0,0
29.0,Self Enquiry,1,6.0,Salaried,Female,2,4.0,Basic,5.0,Married,2.0,1,1,0,0.0,Executive,17319.0,1
50.0,Self Enquiry,3,9.0,Small Business,Male,2,4.0,Basic,3.0,Married,2.0,1,4,1,1.0,Executive,17683.0,1
44.0,Self Enquiry,1,9.0,Salaried,Male,2,3.0,Basic,5.0,Divorced,5.0,0,5,1,1.0,Executive,17362.0,1
35.0,Self Enquiry,1,13.0,Salaried,Male,2,3.0,Standard,3.0,Unmarried,4.0,0,3,0,1.0,Senior Manager,25221.0,0
46.0,Self Enquiry,3,9.0,Large Business,Female,2,1.0,Super Deluxe,5.0,Married,3.0,0,3,1,0.0,AVP,28225.0,0
43.0,Company Invited,1,27.0,Small Business,Male,3,3.0,Basic,3.0,Divorced,1.0,0,4,0,2.0,Executive,17258.0,0
56.0,Self Enquiry,3,17.0,Small Business,Female,2,4.0,Deluxe,5.0,Married,5.0,0,5,0,1.0,Manager,20380.0,0
35.0,Company Invited,1,9.0,Salaried,Male,4,4.0,Deluxe,3.0,Unmarried,4.0,0,4,1,3.0,Manager,22711.0,0
28.0,Company Invited,1,12.0,Salaried,Female,3,4.0,Basic,3.0,Single,2.0,1,1,1,2.0,Executive,21057.0,0
40.0,Self Enquiry,1,31.0,Small Business,Male,3,4.0,Basic,4.0,Married,3.0,1,1,0,1.0,Executive,22582.0,1
28.0,Company Invited,1,6.0,Small Business,Male,2,4.0,Basic,4.0,Married,2.0,0,4,1,0.0,Executive,17596.0,1
35.0,Self Enquiry,1,36.0,Small Business,Male,3,4.0,Deluxe,3.0,Divorced,6.0,0,3,0,1.0,Manager,24107.0,0
57.0,Self Enquiry,3,35.0,Small Business,Male,2,4.0,Super Deluxe,3.0,Married,4.0,0,3,0,0.0,AVP,29118.0,0
27.0,Self Enquiry,1,20.0,Salaried,Male,2,3.0,Basic,5.0,Divorced,2.0,1,4,1,0.0,Executive,17235.0,0
58.0,Self Enquiry,1,13.0,Small Business,Female,2,4.0,Standard,5.0,Divorced,1.0,1,4,1,0.0,Senior Manager,25008.0,1
37.0,Self Enquiry,2,16.0,Large Business,Female,3,4.0,Basic,3.0,Married,3.0,0,1,1,1.0,Executive,24088.0,1
57.0,Company Invited,1,7.0,Salaried,Male,3,4.0,Deluxe,3.0,Married,3.0,0,3,0,1.0,Manager,24984.0,0
40.0,Self Enquiry,1,15.0,Salaried,Male,2,3.0,Basic,5.0,Single,4.0,0,1,1,1.0,Executive,17018.0,1
31.0,Company Invited,1,12.0,Small Business,Female,3,4.0,Basic,4.0,Single,2.0,0,3,0,1.0,Executive,21100.0,1
42.0,Self Enquiry,3,7.0,Salaried,Fe Male,4,4.0,Deluxe,3.0,Unmarried,2.0,1,4,0,3.0,Manager,24671.0,1
55.0,Self Enquiry,3,19.0,Small Business,Male,2,1.0,Super Deluxe,3.0,Single,7.0,1,3,1,1.0,AVP,28695.0,1
30.0,Self Enquiry,1,6.0,Salaried,Male,2,4.0,Deluxe,3.0,Married,2.0,1,1,1,1.0,Manager,20126.0,0
54.0,Self Enquiry,3,7.0,Small Business,Fe Male,3,4.0,Deluxe,5.0,Unmarried,2.0,0,1,1,2.0,Manager,27059.0,0
32.0,Self Enquiry,1,9.0,Small Business,Female,3,3.0,Deluxe,5.0,Married,2.0,0,1,1,0.0,Manager,21725.0,0
36.0,Self Enquiry,2,15.0,Large Business,Female,2,3.0,Basic,3.0,Married,2.0,0,1,1,0.0,Executive,20410.0,1
32.0,Self Enquiry,1,12.0,Large Business,Male,3,4.0,Basic,3.0,Married,2.0,1,4,1,1.0,Executive,23499.0,0
34.0,Company Invited,3,8.0,Small Business,Female,3,3.0,Basic,3.0,Divorced,7.0,0,5,1,2.0,Executive,17231.0,0
36.0,Self Enquiry,1,16.0,Salaried,Male,4,5.0,Deluxe,4.0,Unmarried,2.0,0,1,0,2.0,Manager,25218.0,0
58.0,Self Enquiry,1,29.0,Small Business,Female,3,3.0,Standard,3.0,Married,2.0,0,3,1,0.0,Senior Manager,25312.0,1
37.0,Company Invited,1,15.0,Salaried,Female,4,3.0,Standard,5.0,Divorced,2.0,0,3,0,1.0,Senior Manager,30391.0,0
34.0,Company Invited,3,14.0,Small Business,Male,3,4.0,Deluxe,5.0,Divorced,2.0,0,3,0,1.0,Manager,23051.0,0
35.0,Self Enquiry,1,14.0,Salaried,Male,4,4.0,Deluxe,3.0,Married,3.0,0,3,0,1.0,Manager,21263.0,1
32.0,Self Enquiry,1,15.0,Salaried,Female,3,3.0,Deluxe,3.0,Married,2.0,1,5,1,2.0,Manager,21322.0,0
27.0,Self Enquiry,1,9.0,Small Business,Male,3,5.0,Basic,3.0,Unmarried,2.0,0,3,0,1.0,Executive,22582.0,0
44.0,Self Enquiry,3,16.0,Small Business,Fe Male,3,6.0,Deluxe,3.0,Unmarried,2.0,0,1,0,1.0,Manager,24024.0,1
35.0,Company Invited,1,7.0,Small Business,Male,4,5.0,Deluxe,5.0,Unmarried,2.0,0,2,1,3.0,Manager,24021.0,0
47.0,Self Enquiry,1,7.0,Small Business,Male,4,4.0,Standard,5.0,Married,2.0,0,1,0,3.0,Senior Manager,28074.0,0
26.0,Self Enquiry,1,10.0,Small Business,Male,4,4.0,Basic,5.0,Married,7.0,0,5,1,2.0,Executive,22709.0,1
41.0,Company Invited,3,35.0,Salaried,Male,3,6.0,Standard,5.0,Married,5.0,0,5,1,1.0,Senior Manager,29610.0,0
38.0,Self Enquiry,3,6.0,Salaried,Fe Male,2,4.0,Deluxe,3.0,Unmarried,5.0,0,2,1,1.0,Manager,23686.0,0
37.0,Self Enquiry,1,8.0,Salaried,Male,3,4.0,Basic,3.0,Single,7.0,1,3,0,2.0,Executive,17090.0,1
31.0,Company Invited,1,15.0,Small Business,Male,2,4.0,Basic,5.0,Single,1.0,1,3,1,0.0,Executive,17321.0,1
34.0,Company Invited,3,25.0,Small Business,Male,3,2.0,Deluxe,3.0,Single,1.0,1,2,1,2.0,Manager,20304.0,1
33.0,Self Enquiry,1,15.0,Small Business,Female,4,2.0,Deluxe,3.0,Married,7.0,0,3,1,3.0,Manager,23853.0,0
46.0,Self Enquiry,1,28.0,Small Business,Male,3,3.0,Deluxe,3.0,Married,2.0,1,5,1,2.0,Manager,33789.0,1
31.0,Company Invited,1,11.0,Large Business,Male,3,4.0,Basic,3.0,Single,20.0,1,4,1,2.0,Executive,20963.0,1
33.0,Self Enquiry,1,9.0,Small Business,Male,3,4.0,Deluxe,4.0,Married,6.0,0,4,1,2.0,Manager,23561.0,1
32.0,Self Enquiry,2,29.0,Salaried,Male,3,6.0,Basic,3.0,Married,3.0,0,1,0,2.0,Executive,28530.0,1
39.0,Self Enquiry,1,9.0,Small Business,Male,3,4.0,Deluxe,4.0,Married,6.0,0,4,0,1.0,Manager,23533.0,1
50.0,Self Enquiry,3,18.0,Small Business,Female,3,4.0,Standard,3.0,Divorced,3.0,0,4,0,2.0,Senior Manager,26332.0,1
23.0,Self Enquiry,1,10.0,Salaried,Female,3,4.0,Deluxe,3.0,Divorced,2.0,1,5,1,2.0,Manager,22849.0,1
50.0,Self Enquiry,1,23.0,Salaried,Female,2,4.0,Standard,5.0,Married,6.0,0,3,1,0.0,Senior Manager,28269.0,0
29.0,Self Enquiry,3,16.0,Salaried,Male,2,3.0,Basic,3.0,Single,2.0,0,4,0,0.0,Executive,17642.0,0
36.0,Company Invited,1,9.0,Small Business,Male,4,5.0,Basic,3.0,Unmarried,2.0,1,3,1,1.0,Executive,23608.0,0
29.0,Company Invited,1,6.0,Salaried,Male,3,5.0,Basic,3.0,Married,2.0,0,1,0,2.0,Executive,17720.0,0
29.0,Company Invited,1,13.0,Salaried,Male,3,5.0,Basic,3.0,Married,3.0,1,4,1,1.0,Executive,21381.0,0
47.0,Self Enquiry,1,31.0,Small Business,Male,2,3.0,Standard,3.0,Unmarried,3.0,0,3,1,0.0,Senior Manager,23633.0,0
32.0,Company Invited,1,27.0,Salaried,Male,4,4.0,Standard,3.0,Divorced,5.0,0,3,1,1.0,Senior Manager,28502.0,1
31.0,Company Invited,1,30.0,Salaried,Male,4,6.0,Basic,3.0,Married,3.0,0,3,1,3.0,Executive,21291.0,0
29.0,Self Enquiry,1,21.0,Salaried,Male,2,3.0,Basic,3.0,Single,2.0,0,3,1,1.0,Executive,17340.0,0
59.0,Self Enquiry,2,12.0,Small Business,Male,2,3.0,Basic,3.0,Married,1.0,0,4,0,0.0,Executive,17267.0,0
33.0,Self Enquiry,1,16.0,Salaried,Female,4,4.0,Deluxe,3.0,Married,3.0,1,5,1,3.0,Manager,25000.0,0
41.0,Company Invited,1,18.0,Large Business,Female,4,4.0,Deluxe,3.0,Married,3.0,0,3,1,2.0,Manager,25001.0,0
19.0,Self Enquiry,3,16.0,Small Business,Male,3,4.0,Basic,3.0,Single,3.0,0,5,0,2.0,Executive,20289.0,1
28.0,Self Enquiry,1,21.0,Salaried,Male,3,4.0,Basic,5.0,Married,3.0,1,4,1,1.0,Executive,20913.0,0
28.0,Self Enquiry,1,23.0,Large Business,Male,2,4.0,Basic,3.0,Married,6.0,0,3,0,1.0,Executive,17367.0,1
20.0,Company Invited,1,17.0,Small Business,Female,4,5.0,Basic,4.0,Single,3.0,1,5,0,3.0,Executive,20537.0,1
26.0,Self Enquiry,1,29.0,Salaried,Female,2,3.0,Basic,3.0,Married,2.0,0,3,0,0.0,Executive,17886.0,0
22.0,Company Invited,3,25.0,Small Business,Female,4,4.0,Deluxe,3.0,Married,2.0,1,5,0,2.0,Manager,21303.0,1
58.0,Self Enquiry,1,7.0,Salaried,Male,4,2.0,Deluxe,3.0,Divorced,2.0,0,3,1,3.0,Manager,23578.0,0
38.0,Self Enquiry,1,18.0,Small Business,Female,4,6.0,Deluxe,4.0,Married,7.0,0,4,1,1.0,Manager,23455.0,1
45.0,Self Enquiry,1,22.0,Small Business,Female,4,4.0,Standard,3.0,Divorced,3.0,0,3,0,2.0,Senior Manager,26656.0,1
36.0,Company Invited,3,6.0,Small Business,Female,2,3.0,Deluxe,3.0,Unmarried,5.0,0,2,1,1.0,Manager,21653.0,0
41.0,Self Enquiry,3,29.0,Small Business,Male,4,5.0,Deluxe,3.0,Married,4.0,1,3,1,1.0,Manager,25058.0,1
39.0,Self Enquiry,1,7.0,Salaried,Fe Male,3,4.0,Standard,3.0,Unmarried,6.0,1,2,0,2.0,Senior Manager,26539.0,0
55.0,Company Invited,3,8.0,Salaried,Fe Male,2,4.0,Basic,3.0,Single,1.0,0,5,0,0.0,Executive,28577.0,1
31.0,Self Enquiry,3,12.0,Small Business,Female,2,5.0,Deluxe,3.0,Married,3.0,0,1,1,1.0,Manager,24796.0,0
38.0,Self Enquiry,3,17.0,Salaried,Female,3,5.0,Deluxe,3.0,Married,4.0,1,4,1,2.0,Manager,25372.0,0
29.0,Company Invited,3,7.0,Salaried,Male,3,5.0,Deluxe,3.0,Married,3.0,1,1,0,1.0,Manager,25512.0,0
53.0,Self Enquiry,1,15.0,Small Business,Male,3,5.0,Deluxe,4.0,Married,4.0,0,1,1,1.0,Manager,23619.0,1
35.0,Self Enquiry,1,22.0,Small Business,Male,2,2.0,Basic,4.0,Divorced,1.0,0,3,1,1.0,Executive,17426.0,0
33.0,Self Enquiry,1,16.0,Small Business,Female,3,4.0,Basic,5.0,Unmarried,2.0,0,4,1,1.0,Executive,22878.0,1
36.0,Self Enquiry,3,9.0,Salaried,Male,2,4.0,Standard,3.0,Married,2.0,1,1,1,0.0,Senior Manager,25325.0,1
37.0,Self Enquiry,1,11.0,Salaried,Male,3,5.0,Deluxe,3.0,Unmarried,3.0,0,5,1,2.0,Manager,24488.0,0
42.0,Company Invited,1,25.0,Small Business,Male,2,2.0,Basic,3.0,Married,7.0,1,3,1,1.0,Executive,17759.0,1
43.0,Company Invited,1,12.0,Salaried,Male,4,4.0,Basic,3.0,Married,6.0,0,3,0,2.0,Executive,20771.0,0
25.0,Company Invited,1,16.0,Small Business,Male,3,4.0,Basic,5.0,Unmarried,4.0,1,3,0,2.0,Executive,21850.0,1
32.0,Company Invited,1,9.0,Salaried,Female,2,3.0,Basic,3.0,Single,2.0,0,4,1,0.0,Executive,21209.0,1
36.0,Company Invited,1,9.0,Small Business,Male,1,3.0,Basic,4.0,Single,5.0,0,4,1,0.0,Executive,17088.0,0
37.0,Company Invited,3,10.0,Small Business,Male,2,3.0,Basic,3.0,Married,5.0,0,4,1,0.0,Executive,17793.0,0
25.0,Self Enquiry,2,29.0,Salaried,Male,3,6.0,Basic,3.0,Married,3.0,0,1,0,2.0,Executive,20233.0,1
57.0,Self Enquiry,1,31.0,Salaried,Male,4,4.0,Basic,3.0,Single,3.0,0,3,0,1.0,Executive,21265.0,1
27.0,Self Enquiry,3,8.0,Small Business,Male,2,3.0,Basic,5.0,Married,1.0,0,5,0,1.0,Executive,18041.0,1
24.0,Self Enquiry,2,28.0,Salaried,Male,2,5.0,Basic,3.0,Married,2.0,0,1,0,1.0,Executive,16555.0,1
34.0,Company Invited,1,13.0,Salaried,Male,3,5.0,Deluxe,3.0,Single,2.0,1,5,1,1.0,Manager,21074.0,1
23.0,Self Enquiry,3,13.0,Salaried,Male,2,3.0,Basic,3.0,Married,2.0,1,1,1,0.0,Executive,17275.0,1
32.0,Self Enquiry,1,11.0,Salaried,Male,3,1.0,Basic,4.0,Married,1.0,1,1,1,2.0,Executive,18298.0,0
28.0,Self Enquiry,3,9.0,Salaried,Male,4,4.0,Deluxe,3.0,Unmarried,3.0,1,4,0,2.0,Manager,23156.0,0
36.0,Self Enquiry,3,6.0,Salaried,Male,2,3.0,Deluxe,3.0,Divorced,2.0,1,3,1,1.0,Manager,21201.0,0
28.0,Company Invited,3,15.0,Salaried,Male,3,4.0,Standard,3.0,Unmarried,3.0,0,2,1,1.0,Senior Manager,27404.0,0
19.0,Company Invited,1,16.0,Small Business,Female,3,4.0,Basic,4.0,Single,2.0,1,5,1,1.0,Executive,16859.0,1
31.0,Company Invited,1,16.0,Small Business,Male,4,4.0,Deluxe,5.0,Married,3.0,0,1,1,2.0,Manager,21750.0,0
30.0,Self Enquiry,3,34.0,Small Business,Female,3,4.0,Standard,3.0,Divorced,3.0,0,3,1,2.0,Senior Manager,26317.0,1
25.0,Self Enquiry,1,6.0,Large Business,Male,2,3.0,Basic,3.0,Divorced,5.0,0,5,1,1.0,Executive,18229.0,0
32.0,Self Enquiry,3,13.0,Small Business,Male,4,3.0,Deluxe,3.0,Married,6.0,0,5,1,3.0,Manager,24138.0,0
51.0,Company Invited,3,7.0,Salaried,Male,3,4.0,Deluxe,3.0,Unmarried,5.0,1,1,1,2.0,Manager,23406.0,1
55.0,Self Enquiry,3,15.0,Small Business,Female,2,5.0,Basic,4.0,Single,2.0,0,1,1,1.0,Executive,34187.0,1
40.0,Self Enquiry,3,10.0,Small Business,Male,3,4.0,Standard,3.0,Married,1.0,0,1,1,1.0,Senior Manager,25855.0,0
43.0,Company Invited,2,9.0,Small Business,Male,4,2.0,Deluxe,5.0,Divorced,2.0,0,2,0,3.0,Manager,24950.0,0
28.0,Self Enquiry,3,16.0,Small Business,Male,3,3.0,Basic,4.0,Divorced,2.0,0,5,1,1.0,Executive,16052.0,0
24.0,Self Enquiry,1,23.0,Salaried,Male,3,4.0,Basic,4.0,Divorced,2.0,0,3,1,1.0,Executive,17127.0,0
35.0,Self Enquiry,3,13.0,Salaried,Male,3,3.0,Basic,3.0,Divorced,2.0,0,3,1,0.0,Executive,17404.0,0
39.0,Self Enquiry,3,10.0,Salaried,Female,2,4.0,Deluxe,3.0,Divorced,5.0,0,5,1,0.0,Manager,20902.0,0
38.0,Self Enquiry,3,23.0,Small Business,Male,4,5.0,Deluxe,3.0,Married,6.0,0,5,1,1.0,Manager,25012.0,0
21.0,Company Invited,1,13.0,Salaried,Female,4,5.0,Basic,3.0,Unmarried,3.0,1,2,1,2.0,Executive,21604.0,1
34.0,Self Enquiry,1,13.0,Salaried,Male,3,3.0,Deluxe,3.0,Married,2.0,0,3,0,0.0,Manager,17585.0,1
60.0,Self Enquiry,1,10.0,Small Business,Female,3,3.0,Basic,5.0,Divorced,6.0,1,2,1,2.0,Executive,21348.0,0
28.0,Self Enquiry,1,8.0,Salaried,Male,3,4.0,Basic,4.0,Married,1.0,0,1,0,2.0,Executive,18201.0,0
19.0,Self Enquiry,2,8.0,Large Business,Male,2,4.0,Basic,3.0,Single,2.0,0,3,0,0.0,Executive,17564.0,1
27.0,Self Enquiry,3,8.0,Small Business,Male,2,3.0,Basic,5.0,Married,1.0,0,5,1,1.0,Executive,18041.0,1
32.0,Self Enquiry,3,6.0,Salaried,Male,2,5.0,Deluxe,4.0,Unmarried,7.0,0,3,0,1.0,Manager,21735.0,1
44.0,Company Invited,1,24.0,Large Business,Male,3,5.0,Basic,3.0,Married,2.0,1,5,1,2.0,Executive,21115.0,1
30.0,Self Enquiry,1,14.0,Large Business,Female,3,4.0,Basic,3.0,Married,5.0,1,4,1,2.0,Executive,22017.0,1
21.0,Self Enquiry,1,21.0,Salaried,Male,3,3.0,Basic,3.0,Single,2.0,0,3,1,1.0,Executive,16232.0,0
30.0,Self Enquiry,1,11.0,Large Business,Female,2,3.0,Basic,5.0,Married,6.0,0,5,0,1.0,Executive,18204.0,0
36.0,Self Enquiry,1,7.0,Small Business,Male,3,5.0,Basic,3.0,Divorced,8.0,0,2,1,2.0,Executive,20936.0,0
33.0,Company Invited,1,20.0,Salaried,Female,4,5.0,Basic,4.0,Married,3.0,0,5,1,1.0,Executive,21421.0,0
38.0,Self Enquiry,3,10.0,Salaried,Male,3,4.0,Standard,3.0,Unmarried,4.0,0,3,0,1.0,Senior Manager,26106.0,0
35.0,Company Invited,1,8.0,Salaried,Female,3,3.0,Deluxe,5.0,Married,3.0,0,4,1,2.0,Manager,20093.0,0
21.0,Company Invited,3,6.0,Large Business,Female,3,4.0,Basic,4.0,Single,2.0,1,5,1,2.0,Executive,17174.0,1
29.0,Company Invited,1,7.0,Salaried,Female,3,6.0,Deluxe,3.0,Divorced,2.0,0,3,1,1.0,Manager,25352.0,0
35.0,Self Enquiry,3,6.0,Small Business,Male,3,3.0,Standard,4.0,Married,2.0,0,4,0,0.0,Senior Manager,22295.0,0
40.0,Self Enquiry,3,32.0,Small Business,Male,3,3.0,Deluxe,5.0,Married,2.0,0,1,1,2.0,Manager,23396.0,0
30.0,Self Enquiry,1,7.0,Large Business,Male,4,5.0,Basic,5.0,Single,8.0,0,3,0,3.0,Executive,21040.0,1
29.0,Self Enquiry,1,13.0,Salaried,Male,2,3.0,Basic,5.0,Single,4.0,0,4,0,0.0,Executive,17062.0,0
43.0,Self Enquiry,3,15.0,Small Business,Female,2,5.0,Deluxe,3.0,Single,1.0,0,1,0,0.0,Manager,20346.0,1
39.0,Self Enquiry,3,7.0,Salaried,Male,3,4.0,Deluxe,4.0,Married,2.0,0,4,1,2.0,Manager,23118.0,0
43.0,Self Enquiry,1,7.0,Salaried,Female,4,4.0,Basic,5.0,Married,5.0,0,3,1,2.0,Executive,21254.0,0
45.0,Self Enquiry,1,6.0,Small Business,Female,3,3.0,Basic,3.0,Married,4.0,0,5,1,0.0,Executive,17270.0,0
27.0,Company Invited,3,14.0,Salaried,Male,2,3.0,Standard,3.0,Unmarried,2.0,0,2,1,0.0,Senior Manager,23726.0,0
59.0,Company Invited,1,9.0,Salaried,Male,3,5.0,Basic,3.0,Married,2.0,1,1,1,1.0,Executive,21058.0,1
34.0,Self Enquiry,1,14.0,Salaried,Female,2,3.0,Deluxe,5.0,Married,4.0,0,5,1,1.0,Manager,20121.0,0
34.0,Self Enquiry,1,32.0,Small Business,Male,3,5.0,Basic,4.0,Single,6.0,1,4,1,1.0,Executive,20991.0,1
30.0,Company Invited,1,9.0,Small Business,Male,3,5.0,Basic,5.0,Unmarried,2.0,0,4,1,2.0,Executive,22017.0,1
35.0,Company Invited,1,24.0,Salaried,Male,2,3.0,Standard,3.0,Unmarried,3.0,0,3,0,0.0,Senior Manager,24362.0,0
26.0,Self Enquiry,3,10.0,Small Business,Male,2,4.0,Deluxe,3.0,Single,2.0,1,1,1,0.0,Manager,20828.0,1
39.0,Self Enquiry,1,17.0,Small Business,Female,4,4.0,Deluxe,3.0,Divorced,5.0,0,3,1,3.0,Manager,28502.0,0
34.0,Company Invited,3,12.0,Small Business,Female,2,5.0,Basic,3.0,Married,1.0,0,4,1,1.0,Executive,17351.0,1
34.0,Self Enquiry,1,16.0,Small Business,Male,2,3.0,Deluxe,5.0,Single,2.0,0,4,0,0.0,Manager,21125.0,1
58.0,Self Enquiry,3,36.0,Small Business,Male,3,5.0,Super Deluxe,3.0,Married,5.0,0,3,1,1.0,AVP,32796.0,0
39.0,Self Enquiry,1,24.0,Salaried,Female,4,5.0,Standard,3.0,Divorced,2.0,0,2,0,3.0,Senior Manager,27501.0,0
60.0,Self Enquiry,1,25.0,Small Business,Male,4,4.0,Standard,3.0,Single,8.0,0,3,1,2.0,Senior Manager,29190.0,0
35.0,Self Enquiry,1,13.0,Salaried,Female,3,5.0,Deluxe,4.0,Married,8.0,0,3,0,2.0,Manager,23183.0,0
37.0,Self Enquiry,3,10.0,Salaried,Male,3,5.0,Standard,3.0,Divorced,3.0,1,2,1,1.0,Senior Manager,29003.0,1
40.0,Self Enquiry,3,11.0,Salaried,Female,3,5.0,Deluxe,3.0,Married,6.0,0,5,1,2.0,Manager,24580.0,0
58.0,Self Enquiry,1,8.0,Large Business,Male,2,3.0,Basic,3.0,Single,5.0,0,1,0,0.0,Executive,17479.0,1
42.0,Self Enquiry,3,7.0,Small Business,Male,3,2.0,Standard,5.0,Married,3.0,0,3,1,2.0,Senior Manager,27070.0,0
47.0,Company Invited,3,33.0,Salaried,Male,4,5.0,Deluxe,4.0,Unmarried,2.0,0,4,1,3.0,Manager,26669.0,0
29.0,Company Invited,3,7.0,Large Business,Male,4,4.0,Basic,3.0,Divorced,5.0,0,3,1,1.0,Executive,21587.0,1
21.0,Self Enquiry,3,28.0,Small Business,Male,3,2.0,Basic,3.0,Unmarried,3.0,0,3,0,1.0,Executive,21356.0,0
25.0,Self Enquiry,3,10.0,Salaried,Female,3,4.0,Deluxe,3.0,Married,2.0,0,4,0,1.0,Manager,23677.0,0
44.0,Company Invited,1,17.0,Salaried,Female,3,4.0,Basic,3.0,Single,2.0,0,5,0,2.0,Executive,21133.0,0
35.0,Company Invited,3,9.0,Small Business,Female,4,4.0,Basic,3.0,Married,8.0,0,5,0,1.0,Executive,20909.0,0
38.0,Self Enquiry,3,15.0,Small Business,Male,3,4.0,Basic,4.0,Divorced,1.0,0,4,0,0.0,Executive,17899.0,0
36.0,Self Enquiry,1,9.0,Salaried,Female,2,3.0,Basic,3.0,Married,6.0,0,1,0,1.0,Executive,17835.0,0
29.0,Self Enquiry,1,31.0,Large Business,Female,3,4.0,Basic,4.0,Divorced,6.0,0,3,0,2.0,Executive,17546.0,1
41.0,Self Enquiry,1,11.0,Small Business,Male,2,1.0,Basic,3.0,Divorced,3.0,1,1,1,1.0,Executive,17127.0,0
42.0,Company Invited,1,14.0,Salaried,Male,3,3.0,King,3.0,Married,2.0,0,5,1,1.0,VP,33430.0,0
41.0,Self Enquiry,1,7.0,Salaried,Male,3,4.0,Basic,4.0,Divorced,5.0,0,1,1,2.0,Executive,21065.0,0
30.0,Company Invited,3,7.0,Small Business,Female,3,4.0,Standard,3.0,Divorced,3.0,0,3,1,1.0,Senior Manager,26596.0,0
50.0,Self Enquiry,1,7.0,Large Business,Female,3,5.0,Super Deluxe,3.0,Single,2.0,1,3,0,1.0,AVP,32642.0,0
35.0,Company Invited,1,10.0,Salaried,Male,3,4.0,Deluxe,3.0,Unmarried,2.0,0,2,1,1.0,Manager,26434.0,0
34.0,Self Enquiry,3,32.0,Small Business,Male,3,5.0,Standard,4.0,Unmarried,4.0,1,5,1,1.0,Senior Manager,27058.0,1
41.0,Self Enquiry,1,8.0,Salaried,Female,2,5.0,Basic,3.0,Married,5.0,1,3,0,1.0,Executive,17778.0,1
35.0,Company Invited,1,14.0,Salaried,Male,4,6.0,Deluxe,3.0,Unmarried,3.0,1,5,1,2.0,Manager,24752.0,1
39.0,Self Enquiry,3,14.0,Small Business,Female,3,2.0,Deluxe,5.0,Married,3.0,1,3,1,2.0,Manager,24283.0,0
20.0,Self Enquiry,1,17.0,Small Business,Female,3,4.0,Basic,5.0,Single,2.0,1,3,0,1.0,Executive,17600.0,1
28.0,Self Enquiry,1,7.0,Large Business,Male,3,4.0,Basic,5.0,Single,7.0,0,3,1,1.0,Executive,17080.0,1
31.0,Company Invited,3,32.0,Small Business,Male,3,3.0,Deluxe,3.0,Married,2.0,1,3,0,1.0,Manager,20617.0,1
34.0,Self Enquiry,3,9.0,Salaried,Female,2,5.0,Deluxe,3.0,Single,6.0,0,1,1,0.0,Manager,21029.0,0
41.0,Self Enquiry,2,25.0,Salaried,Male,3,2.0,Basic,5.0,Married,2.0,0,1,1,2.0,Executive,21065.0,1
41.0,Company Invited,3,31.0,Salaried,Female,4,2.0,Super Deluxe,4.0,Single,6.0,1,3,1,1.0,AVP,31872.0,1
36.0,Company Invited,3,9.0,Small Business,Male,2,4.0,Standard,3.0,Divorced,5.0,0,2,0,1.0,Senior Manager,24699.0,0
51.0,Company Invited,1,6.0,Small Business,Female,1,4.0,Standard,5.0,Unmarried,4.0,0,2,1,0.0,Senior Manager,22484.0,0
56.0,Self Enquiry,1,11.0,Salaried,Male,2,4.0,Deluxe,3.0,Divorced,2.0,1,4,0,1.0,Manager,22713.0,0
39.0,Company Invited,1,17.0,Small Business,Male,4,4.0,Basic,3.0,Divorced,2.0,0,5,0,3.0,Executive,21362.0,0
22.0,Self Enquiry,1,14.0,Salaried,Male,3,5.0,Basic,5.0,Married,2.0,0,1,0,1.0,Executive,17451.0,0
26.0,Company Invited,1,11.0,Small Business,Female,2,4.0,Basic,3.0,Divorced,2.0,1,2,0,1.0,Executive,17366.0,1
35.0,Self Enquiry,3,16.0,Salaried,Female,4,4.0,Deluxe,3.0,Married,3.0,0,1,0,1.0,Manager,24392.0,0
35.0,Company Invited,1,16.0,Salaried,Male,4,4.0,Deluxe,5.0,Married,6.0,0,3,0,2.0,Manager,24024.0,1
51.0,Company Invited,1,14.0,Salaried,Male,2,5.0,Standard,3.0,Unmarried,3.0,0,2,0,1.0,Senior Manager,25650.0,1
33.0,Company Invited,1,23.0,Salaried,Female,4,6.0,Basic,5.0,Unmarried,3.0,1,4,1,3.0,Executive,22597.0,1
31.0,Self Enquiry,1,28.0,Small Business,Male,3,3.0,Deluxe,3.0,Divorced,2.0,1,5,1,0.0,Manager,21179.0,1
32.0,Self Enquiry,1,31.0,Salaried,Male,2,3.0,Basic,3.0,Single,2.0,1,5,0,0.0,Executive,17795.0,1
20.0,Self Enquiry,1,16.0,Small Business,Male,2,3.0,Basic,3.0,Single,2.0,1,5,0,0.0,Executive,16009.0,1
18.0,Company Invited,1,6.0,Salaried,Female,3,3.0,Basic,3.0,Single,2.0,0,5,1,1.0,Executive,16611.0,0
46.0,Self Enquiry,1,8.0,Salaried,Male,2,3.0,Super Deluxe,3.0,Divorced,7.0,0,5,0,0.0,AVP,32861.0,0
42.0,Self Enquiry,1,9.0,Salaried,Female,3,6.0,Basic,3.0,Married,6.0,1,3,0,2.0,Executive,21456.0,1
19.0,Self Enquiry,3,27.0,Salaried,Male,2,4.0,Basic,4.0,Single,2.0,1,2,0,1.0,Executive,17121.0,1
50.0,Self Enquiry,1,15.0,Salaried,Female,3,4.0,Standard,4.0,Married,6.0,0,4,0,2.0,Senior Manager,26081.0,0
33.0,Self Enquiry,1,8.0,Salaried,Female,2,3.0,Basic,5.0,Married,1.0,0,3,1,1.0,Executive,17707.0,1
39.0,Company Invited,1,19.0,Salaried,Male,3,5.0,Deluxe,5.0,Married,4.0,0,5,1,1.0,Manager,24966.0,0
29.0,Self Enquiry,1,12.0,Small Business,Female,2,3.0,Basic,3.0,Married,2.0,0,3,0,1.0,Executive,18131.0,0
36.0,Self Enquiry,1,34.0,Small Business,Female,3,5.0,Basic,5.0,Single,3.0,0,4,0,2.0,Executive,21237.0,0
36.0,Self Enquiry,3,14.0,Salaried,Female,3,4.0,Deluxe,3.0,Married,3.0,1,4,1,2.0,Manager,23882.0,0
30.0,Company Invited,3,18.0,Salaried,Male,3,4.0,Basic,5.0,Married,2.0,0,5,1,2.0,Executive,17033.0,1
34.0,Self Enquiry,3,23.0,Small Business,Fe Male,4,4.0,Deluxe,5.0,Unmarried,7.0,0,3,1,1.0,Manager,24002.0,1
48.0,Self Enquiry,1,7.0,Large Business,Male,4,4.0,Basic,3.0,Divorced,2.0,0,3,1,1.0,Executive,22098.0,0
30.0,Self Enquiry,1,34.0,Small Business,Female,4,4.0,Deluxe,3.0,Divorced,6.0,0,2,1,1.0,Manager,23013.0,0
30.0,Company Invited,1,10.0,Large Business,Male,2,3.0,Basic,3.0,Single,1.0,1,4,1,0.0,Executive,17285.0,1
48.0,Company Invited,3,30.0,Salaried,Male,3,5.0,Basic,3.0,Single,2.0,1,1,1,2.0,Executive,17559.0,1
38.0,Self Enquiry,1,11.0,Salaried,Male,3,4.0,Basic,3.0,Divorced,2.0,1,5,1,2.0,Executive,21674.0,0
39.0,Self Enquiry,1,36.0,Small Business,Male,4,4.0,Deluxe,5.0,Married,2.0,1,3,1,3.0,Manager,25351.0,1
52.0,Self Enquiry,3,11.0,Salaried,Male,3,3.0,Standard,4.0,Unmarried,1.0,1,4,1,1.0,Senior Manager,23446.0,1
26.0,Company Invited,1,12.0,Salaried,Male,3,2.0,Deluxe,5.0,Married,3.0,0,5,1,2.0,Manager,22678.0,0
35.0,Self Enquiry,1,15.0,Salaried,Male,3,4.0,Deluxe,4.0,Unmarried,1.0,0,1,0,1.0,Manager,21540.0,0
47.0,Self Enquiry,3,9.0,Large Business,Female,4,6.0,Super Deluxe,4.0,Married,5.0,1,5,1,1.0,AVP,35550.0,0
34.0,Company Invited,1,7.0,Salaried,Female,3,2.0,Deluxe,4.0,Married,3.0,1,3,1,1.0,Manager,24166.0,0
34.0,Self Enquiry,1,21.0,Small Business,Male,3,4.0,Basic,3.0,Divorced,7.0,1,2,0,2.0,Executive,21114.0,1
35.0,Self Enquiry,1,28.0,Salaried,Female,3,1.0,Standard,4.0,Married,1.0,0,5,1,2.0,Senior Manager,26996.0,0
28.0,Self Enquiry,1,8.0,Salaried,Male,3,4.0,Basic,4.0,Divorced,1.0,0,2,0,2.0,Executive,18201.0,0
36.0,Self Enquiry,1,25.0,Salaried,Male,3,2.0,Deluxe,5.0,Married,3.0,0,3,0,2.0,Manager,23886.0,0
30.0,Self Enquiry,1,7.0,Large Business,Male,3,4.0,Basic,3.0,Single,2.0,0,2,0,1.0,Executive,20736.0,1
52.0,Company Invited,1,31.0,Small Business,Female,2,4.0,Super Deluxe,3.0,Married,4.0,0,5,0,1.0,AVP,28826.0,0
40.0,Company Invited,3,28.0,Salaried,Female,3,6.0,Deluxe,3.0,Married,8.0,0,5,0,1.0,Manager,24414.0,0
31.0,Company Invited,3,26.0,Small Business,Female,2,3.0,Deluxe,3.0,Married,2.0,0,1,1,1.0,Manager,21932.0,0
43.0,Company Invited,3,19.0,Salaried,Male,3,4.0,Super Deluxe,5.0,Single,2.0,1,5,1,2.0,AVP,32436.0,1
33.0,Self Enquiry,1,12.0,Salaried,Male,4,3.0,Basic,4.0,Married,2.0,1,2,1,1.0,Executive,21976.0,0
46.0,Self Enquiry,3,15.0,Small Business,Male,3,4.0,Standard,3.0,Unmarried,2.0,0,5,0,1.0,Senior Manager,24619.0,1
33.0,Self Enquiry,1,20.0,Small Business,Male,2,3.0,Basic,3.0,Married,6.0,1,1,1,1.0,Executive,17436.0,1
32.0,Company Invited,1,22.0,Small Business,Male,4,4.0,Basic,3.0,Divorced,3.0,0,4,1,3.0,Executive,21288.0,1
40.0,Self Enquiry,3,10.0,Small Business,Female,3,4.0,Deluxe,3.0,Married,6.0,1,4,1,2.0,Manager,23916.0,1
28.0,Self Enquiry,1,6.0,Salaried,Female,3,5.0,Basic,4.0,Single,1.0,1,1,1,2.0,Executive,17216.0,1
36.0,Self Enquiry,1,9.0,Salaried,Female,2,3.0,Basic,3.0,Married,6.0,0,2,1,0.0,Executive,17835.0,0
51.0,Self Enquiry,1,6.0,Salaried,Male,3,3.0,Basic,3.0,Married,2.0,0,4,1,0.0,Executive,17723.0,0
22.0,Self Enquiry,1,7.0,Large Business,Female,4,5.0,Basic,4.0,Single,3.0,1,5,1,2.0,Executive,20748.0,0
29.0,Self Enquiry,3,33.0,Small Business,Female,2,3.0,Standard,3.0,Married,2.0,0,3,0,0.0,Senior Manager,22639.0,1
35.0,Company Invited,1,9.0,Salaried,Male,4,4.0,Deluxe,3.0,Unmarried,4.0,0,4,1,2.0,Manager,22711.0,0
39.0,Self Enquiry,1,16.0,Salaried,Female,4,4.0,Basic,3.0,Single,3.0,0,1,1,3.0,Executive,20966.0,0
32.0,Self Enquiry,1,14.0,Small Business,Female,3,4.0,Deluxe,5.0,Married,3.0,0,1,1,1.0,Manager,22984.0,0
29.0,Self Enquiry,3,16.0,Salaried,Male,3,3.0,Basic,3.0,Single,2.0,0,4,1,0.0,Executive,17642.0,0
25.0,Self Enquiry,1,13.0,Small Business,Male,3,4.0,Basic,3.0,Married,2.0,0,1,0,2.0,Executive,17889.0,0
36.0,Self Enquiry,1,14.0,Salaried,Male,4,4.0,Basic,4.0,Unmarried,3.0,1,3,1,2.0,Executive,24041.0,1
53.0,Self Enquiry,1,8.0,Large Business,Female,3,4.0,Standard,3.0,Married,1.0,0,5,1,2.0,Senior Manager,25169.0,1
38.0,Self Enquiry,3,8.0,Salaried,Female,2,3.0,Deluxe,5.0,Married,4.0,0,4,0,1.0,Manager,21893.0,0
28.0,Company Invited,1,17.0,Salaried,Male,3,4.0,Standard,5.0,Married,3.0,0,3,1,1.0,Senior Manager,27471.0,0
26.0,Self Enquiry,3,12.0,Small Business,Male,3,5.0,Deluxe,3.0,Unmarried,3.0,1,3,0,2.0,Manager,24422.0,1
52.0,Self Enquiry,1,9.0,Small Business,Male,2,4.0,Standard,3.0,Divorced,3.0,1,2,0,0.0,Senior Manager,22969.0,0
23.0,Self Enquiry,1,15.0,Small Business,Male,2,3.0,Basic,5.0,Married,2.0,0,3,1,0.0,Executive,17500.0,0
21.0,Self Enquiry,1,16.0,Salaried,Female,2,4.0,Basic,5.0,Single,2.0,0,3,0,1.0,Executive,16416.0,1
29.0,Self Enquiry,3,9.0,Small Business,Female,3,4.0,Deluxe,4.0,Married,3.0,1,3,1,2.0,Manager,23457.0,0
26.0,Company Invited,1,8.0,Salaried,Male,2,3.0,Basic,5.0,Divorced,7.0,1,5,1,0.0,Executive,17042.0,1
44.0,Company Invited,1,34.0,Salaried,Female,3,4.0,Standard,5.0,Divorced,2.0,0,4,0,1.0,Senior Manager,29498.0,0
27.0,Self Enquiry,3,11.0,Small Business,Male,3,5.0,Deluxe,3.0,Unmarried,3.0,1,1,1,1.0,Manager,24506.0,1
30.0,Self Enquiry,1,8.0,Small Business,Female,2,4.0,Deluxe,3.0,Unmarried,6.0,1,1,1,1.0,Manager,21877.0,0
35.0,Company Invited,3,8.0,Salaried,Female,3,6.0,Basic,3.0,Unmarried,3.0,0,3,0,2.0,Executive,23122.0,1
26.0,Self Enquiry,3,11.0,Salaried,Female,4,5.0,Deluxe,3.0,Unmarried,3.0,1,1,0,3.0,Manager,23165.0,0
29.0,Self Enquiry,3,6.0,Small Business,Female,2,4.0,Basic,3.0,Married,7.0,1,1,1,1.0,Executive,17800.0,1
49.0,Company Invited,1,24.0,Salaried,Male,3,3.0,Deluxe,3.0,Married,2.0,1,2,0,1.0,Manager,21804.0,0
32.0,Self Enquiry,3,10.0,Small Business,Male,2,5.0,Standard,3.0,Married,2.0,0,1,1,0.0,Senior Manager,25400.0,1
33.0,Self Enquiry,1,6.0,Salaried,Male,3,3.0,Basic,3.0,Single,2.0,1,3,1,0.0,Executive,17686.0,1
36.0,Company Invited,1,30.0,Salaried,Female,2,3.0,Deluxe,4.0,Divorced,1.0,0,3,0,0.0,Manager,20674.0,0
48.0,Company Invited,3,34.0,Salaried,Fe Male,4,2.0,Deluxe,3.0,Unmarried,6.0,1,4,0,2.0,Manager,25075.0,1
28.0,Company Invited,2,6.0,Salaried,Male,2,3.0,Basic,3.0,Married,2.0,0,4,0,1.0,Executive,17706.0,0
33.0,Self Enquiry,1,21.0,Small Business,Male,2,3.0,Standard,3.0,Married,1.0,1,5,1,0.0,Senior Manager,28610.0,1
39.0,Company Invited,1,9.0,Salaried,Male,3,4.0,Basic,3.0,Married,3.0,1,5,1,1.0,Executive,20380.0,0
32.0,Self Enquiry,3,14.0,Small Business,Male,2,1.0,Deluxe,3.0,Divorced,2.0,0,5,0,0.0,Manager,21209.0,0
30.0,Company Invited,1,17.0,Salaried,Female,4,4.0,Basic,4.0,Married,2.0,0,5,0,1.0,Executive,21969.0,0
31.0,Self Enquiry,1,10.0,Large Business,Female,3,4.0,Basic,5.0,Unmarried,7.0,1,4,0,1.0,Executive,21335.0,1
44.0,Self Enquiry,1,15.0,Salaried,Female,4,4.0,Deluxe,3.0,Married,6.0,1,1,1,1.0,Manager,23200.0,0
51.0,Self Enquiry,1,35.0,Small Business,Male,4,2.0,Basic,3.0,Married,3.0,1,1,0,2.0,Executive,21899.0,0
46.0,Company Invited,1,13.0,Small Business,Female,1,3.0,Deluxe,3.0,Divorced,3.0,0,5,0,0.0,Manager,20258.0,0
34.0,Self Enquiry,1,12.0,Salaried,Male,3,5.0,Standard,3.0,Married,6.0,0,3,0,1.0,Senior Manager,25797.0,0
29.0,Self Enquiry,1,13.0,Large Business,Female,2,3.0,Basic,3.0,Married,4.0,1,4,1,0.0,Executive,31124.0,1
34.0,Company Invited,3,12.0,Small Business,Female,2,5.0,Basic,3.0,Married,1.0,0,4,0,1.0,Executive,17351.0,1
33.0,Self Enquiry,1,21.0,Small Business,Male,2,3.0,Standard,3.0,Divorced,1.0,1,5,0,0.0,Senior Manager,28610.0,1
38.0,Self Enquiry,1,6.0,Salaried,Female,2,3.0,Basic,5.0,Single,4.0,0,2,1,1.0,Executive,17619.0,0
23.0,Self Enquiry,1,12.0,Salaried,Male,3,1.0,Basic,5.0,Married,2.0,1,3,0,0.0,Executive,16601.0,1
35.0,Company Invited,1,10.0,Salaried,Male,3,5.0,Basic,3.0,Divorced,5.0,0,2,1,1.0,Executive,21657.0,0
52.0,Self Enquiry,3,34.0,Salaried,Male,3,4.0,Deluxe,3.0,Single,3.0,1,5,1,2.0,Manager,32704.0,1
43.0,Company Invited,1,28.0,Small Business,Female,3,4.0,Deluxe,3.0,Married,4.0,0,1,0,1.0,Manager,23943.0,0
20.0,Self Enquiry,2,9.0,Large Business,Male,3,5.0,Basic,3.0,Single,3.0,0,3,0,1.0,Executive,21242.0,1
42.0,Self Enquiry,3,7.0,Salaried,Fe Male,4,4.0,Deluxe,3.0,Unmarried,2.0,1,2,1,1.0,Manager,24671.0,1
36.0,Self Enquiry,1,18.0,Small Business,Fe Male,2,4.0,Standard,3.0,Unmarried,1.0,0,1,1,0.0,Senior Manager,23858.0,0
40.0,Self Enquiry,2,24.0,Salaried,Male,2,1.0,Basic,5.0,Married,1.0,0,1,1,1.0,Executive,17387.0,1
33.0,Self Enquiry,3,31.0,Small Business,Male,2,4.0,Standard,4.0,Unmarried,3.0,1,5,1,0.0,Senior Manager,23380.0,1
41.0,Company Invited,1,16.0,Small Business,Female,3,4.0,Standard,3.0,Single,2.0,0,4,0,1.0,Senior Manager,32177.0,0
25.0,Self Enquiry,1,24.0,Salaried,Female,4,4.0,Basic,4.0,Married,3.0,0,1,1,3.0,Executive,20888.0,1
55.0,Company Invited,1,7.0,Salaried,Female,3,4.0,Standard,3.0,Married,2.0,0,5,1,2.0,Senior Manager,29180.0,0
40.0,Self Enquiry,1,30.0,Small Business,Male,4,4.0,Basic,5.0,Unmarried,2.0,0,3,0,3.0,Executive,22582.0,1
29.0,Self Enquiry,1,19.0,Salaried,Female,4,4.0,Basic,3.0,Divorced,3.0,1,4,1,1.0,Executive,21193.0,1
29.0,Self Enquiry,3,12.0,Small Business,Male,4,4.0,Deluxe,3.0,Unmarried,3.0,0,3,1,1.0,Manager,23586.0,0
21.0,Self Enquiry,1,18.0,Small Business,Female,4,5.0,Basic,5.0,Unmarried,3.0,1,3,0,2.0,Executive,21278.0,1
53.0,Self Enquiry,1,13.0,Salaried,Male,2,2.0,Super Deluxe,3.0,Divorced,4.0,0,2,0,0.0,AVP,29814.0,0
21.0,Self Enquiry,3,9.0,Small Business,Female,3,4.0,Basic,3.0,Unmarried,3.0,0,4,0,1.0,Executive,21461.0,0
49.0,Self Enquiry,3,17.0,Small Business,Female,2,3.0,Standard,3.0,Divorced,2.0,0,4,0,1.0,Senior Manager,22654.0,1
30.0,Self Enquiry,1,16.0,Small Business,Fe Male,3,3.0,Standard,3.0,Unmarried,1.0,0,4,0,0.0,Senior Manager,24667.0,0
51.0,Self Enquiry,3,10.0,Small Business,Male,3,5.0,Basic,3.0,Married,3.0,1,4,1,2.0,Executive,21361.0,1
35.0,Company Invited,1,26.0,Small Business,Female,3,4.0,Deluxe,4.0,Married,6.0,0,3,1,1.0,Manager,23122.0,0
58.0,Company Invited,1,8.0,Salaried,Male,2,4.0,Basic,3.0,Married,1.0,1,1,1,0.0,Executive,17380.0,1
39.0,Self Enquiry,1,6.0,Small Business,Female,3,3.0,Basic,3.0,Married,1.0,0,3,0,1.0,Executive,17232.0,0
29.0,Company Invited,1,8.0,Small Business,Male,2,4.0,Basic,5.0,Single,1.0,0,4,1,1.0,Executive,18339.0,1
30.0,Company Invited,1,15.0,Small Business,Male,3,3.0,Deluxe,5.0,Married,2.0,0,2,0,1.0,Manager,18072.0,0
53.0,Self Enquiry,3,6.0,Small Business,Female,2,3.0,Deluxe,5.0,Unmarried,1.0,0,1,1,1.0,Manager,23381.0,0
40.0,Self Enquiry,3,10.0,Small Business,Female,3,4.0,Deluxe,3.0,Divorced,6.0,1,4,1,2.0,Manager,23916.0,1
26.0,Self Enquiry,1,12.0,Salaried,Female,2,4.0,Basic,4.0,Divorced,2.0,0,3,1,0.0,Executive,17368.0,0
49.0,Self Enquiry,1,7.0,Salaried,Male,4,5.0,Standard,3.0,Unmarried,2.0,1,5,0,3.0,Senior Manager,24059.0,1
48.0,Self Enquiry,3,21.0,Small Business,Female,4,4.0,Deluxe,3.0,Divorced,5.0,1,5,1,1.0,Manager,23269.0,0
24.0,Company Invited,1,15.0,Small Business,Male,2,3.0,Basic,5.0,Single,3.0,1,3,0,1.0,Executive,18172.0,1
26.0,Self Enquiry,2,27.0,Small Business,Female,4,4.0,Basic,4.0,Married,2.0,1,3,0,2.0,Executive,22347.0,1
36.0,Self Enquiry,1,22.0,Salaried,Female,2,1.0,Basic,5.0,Single,2.0,0,1,1,0.0,Executive,17743.0,1
26.0,Company Invited,1,8.0,Salaried,Male,2,3.0,Basic,5.0,Married,7.0,1,5,0,0.0,Executive,17042.0,1
30.0,Company Invited,3,20.0,Large Business,Fe Male,3,4.0,Deluxe,4.0,Unmarried,7.0,0,3,0,2.0,Manager,24443.0,1
34.0,Self Enquiry,3,12.0,Small Business,Female,3,4.0,Basic,3.0,Unmarried,3.0,1,2,1,1.0,Executive,21529.0,1
19.0,Self Enquiry,3,28.0,Small Business,Male,2,3.0,Basic,3.0,Single,2.0,1,1,1,0.0,Executive,16675.0,1
18.0,Self Enquiry,3,15.0,Small Business,Male,2,3.0,Basic,3.0,Single,2.0,0,5,0,1.0,Executive,16611.0,1
37.0,Self Enquiry,3,16.0,Salaried,Male,3,5.0,Deluxe,5.0,Unmarried,2.0,0,2,0,1.0,Manager,22085.0,1
35.0,Company Invited,1,31.0,Salaried,Female,3,3.0,Basic,4.0,Married,2.0,1,3,1,1.0,Executive,17022.0,1
35.0,Self Enquiry,3,8.0,Small Business,Female,3,3.0,Basic,3.0,Married,2.0,0,1,1,2.0,Executive,17014.0,0
24.0,Self Enquiry,3,6.0,Large Business,Female,3,3.0,Basic,4.0,Single,2.0,1,4,1,2.0,Executive,18202.0,1
45.0,Company Invited,3,8.0,Large Business,Male,4,4.0,Basic,3.0,Married,5.0,0,3,1,2.0,Executive,26656.0,1
19.0,Self Enquiry,2,8.0,Large Business,Male,2,4.0,Basic,3.0,Single,2.0,0,3,1,1.0,Executive,17564.0,1
49.0,Self Enquiry,1,11.0,Salaried,Male,4,5.0,Standard,3.0,Single,2.0,0,5,1,1.0,Senior Manager,29677.0,0
30.0,Self Enquiry,3,13.0,Small Business,Male,2,3.0,Basic,4.0,Single,1.0,0,1,0,0.0,Executive,17983.0,0
44.0,Self Enquiry,3,15.0,Salaried,Male,3,4.0,Basic,5.0,Married,4.0,0,1,1,2.0,Executive,34190.0,1
26.0,Self Enquiry,1,31.0,Salaried,Male,2,5.0,Basic,3.0,Single,2.0,0,2,1,1.0,Executive,17293.0,1
30.0,Self Enquiry,1,14.0,Salaried,Male,3,4.0,Basic,5.0,Single,5.0,0,4,0,1.0,Executive,20740.0,0
30.0,Self Enquiry,1,15.0,Salaried,Male,4,6.0,Basic,5.0,Married,3.0,1,3,0,2.0,Executive,20797.0,1
28.0,Self Enquiry,1,16.0,Small Business,Female,3,4.0,Basic,4.0,Single,3.0,0,3,1,1.0,Executive,20957.0,0
47.0,Company Invited,3,12.0,Small Business,Male,4,4.0,Deluxe,3.0,Unmarried,6.0,1,5,1,2.0,Manager,24450.0,0
32.0,Company Invited,3,12.0,Small Business,Female,3,4.0,Basic,4.0,Married,3.0,0,3,0,1.0,Executive,21467.0,0
34.0,Company Invited,2,29.0,Salaried,Female,2,3.0,Standard,5.0,Married,1.0,1,3,1,0.0,Senior Manager,24950.0,1
33.0,Self Enquiry,3,22.0,Small Business,Female,3,3.0,Deluxe,5.0,Single,6.0,0,3,1,0.0,Manager,20324.0,1
24.0,Self Enquiry,1,6.0,Small Business,Male,3,3.0,Basic,3.0,Divorced,3.0,1,3,1,2.0,Executive,17293.0,1
38.0,Company Invited,1,29.0,Salaried,Male,2,4.0,Standard,3.0,Unmarried,1.0,0,3,0,0.0,Senior Manager,24526.0,0
55.0,Company Invited,1,24.0,Small Business,Male,3,3.0,Deluxe,4.0,Divorced,4.0,1,5,1,2.0,Manager,21385.0,0
52.0,Self Enquiry,1,11.0,Salaried,Male,3,4.0,Basic,3.0,Married,2.0,1,1,0,1.0,Executive,21139.0,1
31.0,Self Enquiry,3,12.0,Small Business,Female,2,5.0,Deluxe,3.0,Married,3.0,0,2,0,1.0,Manager,24796.0,0
42.0,Self Enquiry,1,19.0,Large Business,Female,3,4.0,King,3.0,Married,3.0,0,4,1,2.0,VP,38223.0,1
26.0,Self Enquiry,3,10.0,Salaried,Male,4,4.0,Deluxe,5.0,Divorced,3.0,1,4,1,1.0,Manager,22872.0,0
34.0,Self Enquiry,3,16.0,Small Business,Fe Male,4,4.0,Deluxe,5.0,Unmarried,2.0,1,3,0,1.0,Manager,26902.0,1
28.0,Self Enquiry,1,9.0,Small Business,Female,3,3.0,Standard,4.0,Married,1.0,0,4,0,0.0,Senior Manager,22655.0,0
52.0,Self Enquiry,3,21.0,Salaried,Female,3,4.0,Deluxe,3.0,Divorced,6.0,0,3,0,2.0,Manager,23614.0,0
27.0,Self Enquiry,3,15.0,Large Business,Male,3,5.0,Deluxe,5.0,Unmarried,8.0,0,3,1,2.0,Manager,24004.0,1
28.0,Company Invited,1,8.0,Small Business,Male,2,4.0,Basic,5.0,Single,1.0,0,4,0,0.0,Executive,17561.0,1
58.0,Self Enquiry,1,29.0,Small Business,Female,3,3.0,Standard,3.0,Divorced,2.0,0,3,1,0.0,Senior Manager,25312.0,1
33.0,Self Enquiry,3,11.0,Small Business,Male,3,6.0,Standard,3.0,Married,3.0,0,1,1,1.0,Senior Manager,29078.0,1
22.0,Self Enquiry,1,13.0,Salaried,Male,3,3.0,Basic,4.0,Single,2.0,1,3,1,0.0,Executive,17472.0,1
19.0,Company Invited,3,12.0,Small Business,Male,4,4.0,Basic,4.0,Single,3.0,1,4,1,1.0,Executive,20556.0,1
33.0,Company Invited,3,9.0,Salaried,Female,4,4.0,Basic,5.0,Married,3.0,0,3,0,2.0,Executive,21505.0,0
36.0,Self Enquiry,1,32.0,Small Business,Female,3,4.0,Standard,3.0,Married,3.0,1,3,0,2.0,Senior Manager,29066.0,0
30.0,Self Enquiry,1,30.0,Salaried,Male,3,3.0,Basic,3.0,Married,2.0,0,3,1,2.0,Executive,17693.0,0
18.0,Self Enquiry,3,16.0,Small Business,Female,3,4.0,Basic,3.0,Single,2.0,0,2,1,2.0,Executive,16200.0,0
32.0,Self Enquiry,1,18.0,Salaried,Male,3,4.0,Basic,3.0,Married,5.0,1,3,0,1.0,Executive,21034.0,0
58.0,Self Enquiry,1,8.0,Salaried,Male,2,3.0,King,4.0,Single,1.0,1,3,1,1.0,VP,34246.0,1
48.0,Company Invited,1,10.0,Small Business,Male,2,4.0,Super Deluxe,3.0,Married,3.0,0,5,1,1.0,AVP,30202.0,0
27.0,Company Invited,3,36.0,Small Business,Male,4,6.0,Deluxe,5.0,Unmarried,2.0,0,3,1,2.0,Manager,23647.0,1
45.0,Self Enquiry,3,7.0,Salaried,Male,3,4.0,Deluxe,5.0,Married,2.0,0,4,1,2.0,Manager,33061.0,1
34.0,Self Enquiry,1,8.0,Salaried,Male,3,4.0,Basic,3.0,Married,4.0,0,5,1,2.0,Executive,17768.0,0
47.0,Company Invited,3,33.0,Salaried,Female,3,1.0,Deluxe,3.0,Unmarried,5.0,1,4,0,1.0,Manager,21397.0,1
56.0,Self Enquiry,1,13.0,Large Business,Male,3,3.0,Basic,3.0,Married,1.0,0,4,1,2.0,Executive,17339.0,1
37.0,Company Invited,3,7.0,Small Business,Fe Male,3,4.0,Deluxe,3.0,Unmarried,6.0,0,2,1,2.0,Manager,25331.0,0
34.0,Self Enquiry,3,9.0,Small Business,Male,4,4.0,Deluxe,3.0,Married,3.0,0,3,1,2.0,Manager,24183.0,0
58.0,Self Enquiry,1,7.0,Small Business,Male,3,4.0,Deluxe,3.0,Divorced,4.0,0,3,1,2.0,Manager,25433.0,0
38.0,Self Enquiry,3,16.0,Small Business,Male,3,4.0,Standard,3.0,Married,1.0,1,3,1,0.0,Senior Manager,23740.0,0
23.0,Self Enquiry,1,10.0,Salaried,Female,3,4.0,Deluxe,3.0,Married,2.0,1,5,1,2.0,Manager,22849.0,1
39.0,Self Enquiry,1,12.0,Small Business,Male,3,3.0,Basic,5.0,Divorced,1.0,1,2,1,1.0,Executive,17404.0,1
30.0,Self Enquiry,3,30.0,Salaried,Female,3,5.0,Standard,5.0,Married,3.0,0,3,1,2.0,Senior Manager,26014.0,1
36.0,Company Invited,3,25.0,Small Business,Female,4,4.0,Deluxe,3.0,Divorced,2.0,1,5,1,3.0,Manager,23292.0,1
51.0,Self Enquiry,1,13.0,Small Business,Male,2,4.0,Deluxe,3.0,Divorced,3.0,0,3,1,1.0,Manager,21132.0,0
29.0,Self Enquiry,1,6.0,Large Business,Male,2,3.0,Basic,3.0,Single,1.0,0,2,0,0.0,Executive,17058.0,1
31.0,Company Invited,1,30.0,Large Business,Female,1,3.0,Deluxe,3.0,Single,3.0,0,1,1,0.0,Manager,20238.0,0
37.0,Self Enquiry,1,9.0,Small Business,Male,4,4.0,Basic,3.0,Single,6.0,0,5,1,1.0,Executive,21197.0,0
29.0,Self Enquiry,1,9.0,Small Business,Male,3,4.0,Basic,3.0,Unmarried,8.0,0,3,1,2.0,Executive,23060.0,1
43.0,Company Invited,1,36.0,Salaried,Female,4,4.0,Deluxe,3.0,Married,4.0,0,3,1,3.0,Manager,23234.0,0
32.0,Company Invited,1,16.0,Small Business,Male,3,5.0,Basic,5.0,Single,2.0,1,3,1,1.0,Executive,20999.0,1
40.0,Self Enquiry,1,30.0,Large Business,Male,3,3.0,Deluxe,3.0,Married,2.0,0,3,1,1.0,Manager,18319.0,0
54.0,Self Enquiry,1,13.0,Salaried,Male,3,4.0,Deluxe,3.0,Single,4.0,0,5,1,2.0,Manager,21128.0,0
45.0,Self Enquiry,1,26.0,Small Business,Male,3,3.0,Super Deluxe,3.0,Divorced,1.0,1,3,0,0.0,AVP,28496.0,0
47.0,Self Enquiry,1,8.0,Salaried,Female,2,3.0,Super Deluxe,3.0,Married,2.0,1,4,1,0.0,AVP,31752.0,0
29.0,Self Enquiry,3,29.0,Salaried,Female,2,4.0,Standard,5.0,Married,2.0,0,3,1,1.0,Senior Manager,22336.0,1
49.0,Self Enquiry,1,9.0,Large Business,Male,4,2.0,Basic,4.0,Single,7.0,0,2,0,3.0,Executive,21237.0,0
33.0,Company Invited,1,10.0,Salaried,Fe Male,3,4.0,Basic,3.0,Unmarried,3.0,0,4,1,1.0,Executive,24887.0,1
52.0,Self Enquiry,1,5.0,Salaried,Male,2,3.0,Standard,4.0,Unmarried,1.0,0,3,1,1.0,Senior Manager,25445.0,0
30.0,Company Invited,1,31.0,Salaried,Male,4,5.0,Basic,3.0,Single,3.0,1,3,1,3.0,Executive,21117.0,1
32.0,Company Invited,1,36.0,Small Business,Male,4,5.0,Basic,4.0,Unmarried,2.0,0,3,1,3.0,Executive,22157.0,1
36.0,Self Enquiry,1,12.0,Salaried,Female,2,1.0,Basic,3.0,Married,4.0,0,1,0,0.0,Executive,18038.0,0
32.0,Self Enquiry,1,11.0,Small Business,Female,4,2.0,Basic,3.0,Married,2.0,0,5,1,3.0,Executive,22656.0,0
51.0,Company Invited,3,15.0,Large Business,Male,3,4.0,Deluxe,3.0,Married,5.0,1,5,0,1.0,Manager,25474.0,1
22.0,Self Enquiry,1,8.0,Large Business,Male,3,3.0,Basic,3.0,Divorced,1.0,0,5,1,2.0,Executive,17523.0,0
28.0,Self Enquiry,1,13.0,Small Business,Female,4,5.0,Basic,3.0,Married,2.0,0,2,1,2.0,Executive,20865.0,0
29.0,Self Enquiry,1,29.0,Salaried,Male,2,3.0,Basic,3.0,Single,1.0,0,3,0,0.0,Executive,17201.0,0
42.0,Company Invited,1,8.0,Salaried,Male,2,3.0,Standard,3.0,Married,3.0,1,3,1,0.0,Senior Manager,25124.0,0
19.0,Self Enquiry,3,11.0,Salaried,Male,3,3.0,Standard,4.0,Single,1.0,1,4,1,0.0,Senior Manager,17994.0,1
36.0,Company Invited,1,17.0,Salaried,Male,3,4.0,Deluxe,4.0,Unmarried,2.0,0,4,1,1.0,Manager,21499.0,0
49.0,Self Enquiry,3,9.0,Small Business,Male,3,5.0,Deluxe,4.0,Unmarried,2.0,1,1,1,1.0,Manager,26576.0,1
38.0,Company Invited,1,35.0,Salaried,Female,2,3.0,Deluxe,3.0,Single,2.0,0,3,1,0.0,Manager,17406.0,0
26.0,Self Enquiry,3,20.0,Small Business,Male,3,4.0,Basic,3.0,Divorced,3.0,0,3,1,1.0,Executive,20774.0,0
38.0,Self Enquiry,1,9.0,Free Lancer,Male,4,5.0,Basic,3.0,Single,8.0,1,3,0,1.0,Executive,20768.0,1
31.0,Company Invited,2,15.0,Salaried,Female,4,5.0,Basic,3.0,Married,8.0,0,5,1,3.0,Executive,20858.0,1
34.0,Self Enquiry,1,12.0,Salaried,Female,4,5.0,Basic,3.0,Married,3.0,0,1,0,1.0,Executive,21589.0,0
31.0,Company Invited,1,9.0,Small Business,Male,3,3.0,Standard,3.0,Married,1.0,0,4,1,2.0,Senior Manager,28675.0,0
30.0,Self Enquiry,1,17.0,Salaried,Female,4,5.0,Basic,5.0,Single,8.0,1,5,1,2.0,Executive,21082.0,1
35.0,Self Enquiry,3,6.0,Small Business,Male,3,3.0,Standard,4.0,Divorced,2.0,0,4,1,2.0,Senior Manager,22295.0,0
26.0,Self Enquiry,1,9.0,Salaried,Female,2,3.0,Basic,3.0,Married,2.0,0,3,1,1.0,Executive,17061.0,0
27.0,Company Invited,1,9.0,Salaried,Male,3,4.0,Basic,5.0,Married,8.0,1,5,0,1.0,Executive,20720.0,1
31.0,Company Invited,3,26.0,Salaried,Male,3,1.0,Basic,3.0,Married,1.0,0,5,1,0.0,Executive,17791.0,0
26.0,Self Enquiry,3,16.0,Salaried,Male,4,5.0,Basic,5.0,Divorced,5.0,0,1,1,1.0,Executive,23078.0,1
29.0,Self Enquiry,1,8.0,Large Business,Male,4,5.0,Basic,5.0,Single,8.0,0,3,1,2.0,Executive,20758.0,1
44.0,Company Invited,1,7.0,Salaried,Female,3,4.0,Deluxe,3.0,Divorced,6.0,0,2,1,2.0,Manager,24240.0,0
42.0,Self Enquiry,1,16.0,Salaried,Male,4,4.0,Basic,5.0,Married,4.0,0,1,0,1.0,Executive,20916.0,0
36.0,Company Invited,3,15.0,Small Business,Female,4,5.0,Standard,3.0,Married,6.0,1,5,1,3.0,Senior Manager,29055.0,0
37.0,Self Enquiry,2,12.0,Salaried,Male,3,3.0,Basic,5.0,Married,5.0,1,2,1,0.0,Executive,17073.0,1
29.0,Company Invited,3,19.0,Large Business,Female,2,3.0,Deluxe,4.0,Single,6.0,0,3,0,1.0,Manager,20765.0,1
38.0,Self Enquiry,1,17.0,Small Business,Male,3,4.0,Deluxe,5.0,Unmarried,3.0,0,4,0,1.0,Manager,22891.0,1
37.0,Company Invited,1,25.0,Salaried,Male,3,2.0,Basic,3.0,Married,6.0,0,5,1,2.0,Executive,22366.0,0
26.0,Self Enquiry,3,6.0,Salaried,Male,2,3.0,Deluxe,3.0,Married,2.0,0,5,0,1.0,Manager,20296.0,0
26.0,Self Enquiry,1,6.0,Small Business,Male,3,3.0,Basic,5.0,Single,1.0,0,5,1,2.0,Executive,17867.0,0
19.0,Company Invited,1,15.0,Small Business,Male,4,4.0,Basic,3.0,Single,3.0,0,5,0,1.0,Executive,20582.0,1
31.0,Company Invited,3,8.0,Salaried,Female,2,4.0,Basic,3.0,Single,1.0,0,5,0,1.0,Executive,17785.0,1
31.0,Self Enquiry,3,12.0,Salaried,Male,3,5.0,Deluxe,3.0,Divorced,5.0,1,3,1,1.0,Manager,21172.0,1
41.0,Self Enquiry,3,32.0,Small Business,Male,3,5.0,Standard,4.0,Unmarried,4.0,1,5,0,2.0,Senior Manager,27772.0,1
33.0,Self Enquiry,3,20.0,Salaried,Male,4,4.0,Deluxe,3.0,Married,4.0,0,1,0,3.0,Manager,23081.0,0
29.0,Self Enquiry,1,9.0,Small Business,Male,3,6.0,Basic,3.0,Married,7.0,1,3,1,2.0,Executive,22142.0,1
38.0,Self Enquiry,1,6.0,Salaried,Female,2,3.0,Basic,5.0,Single,4.0,0,1,0,1.0,Executive,17619.0,0
38.0,Self Enquiry,1,23.0,Salaried,Female,3,4.0,Standard,3.0,Divorced,1.0,0,2,0,2.0,Senior Manager,23823.0,0
50.0,Self Enquiry,3,18.0,Small Business,Female,4,4.0,Deluxe,3.0,Unmarried,5.0,0,4,0,2.0,Manager,23185.0,0
29.0,Self Enquiry,1,6.0,Salaried,Female,2,4.0,Basic,5.0,Divorced,2.0,1,2,0,0.0,Executive,17319.0,1
51.0,Company Invited,3,7.0,Salaried,Male,3,4.0,Deluxe,3.0,Unmarried,5.0,1,2,0,1.0,Manager,23406.0,1
26.0,Self Enquiry,1,7.0,Salaried,Female,4,4.0,Deluxe,3.0,Divorced,2.0,0,3,1,2.0,Manager,23576.0,0
26.0,Self Enquiry,3,11.0,Small Business,Male,3,5.0,Deluxe,5.0,Married,3.0,0,3,1,2.0,Manager,22934.0,0
35.0,Self Enquiry,1,14.0,Salaried,Male,2,1.0,Basic,3.0,Married,2.0,0,5,1,1.0,Executive,17269.0,0
36.0,Self Enquiry,1,29.0,Salaried,Female,4,3.0,Standard,4.0,Married,2.0,0,5,1,2.0,Senior Manager,30674.0,0
44.0,Company Invited,1,9.0,Salaried,Male,4,4.0,Basic,3.0,Married,8.0,1,3,0,1.0,Executive,28909.0,1
19.0,Company Invited,1,16.0,Small Business,Female,3,4.0,Basic,4.0,Single,2.0,1,5,0,2.0,Executive,16859.0,1
54.0,Company Invited,1,7.0,Small Business,Female,3,5.0,Super Deluxe,3.0,Married,6.0,1,1,0,1.0,AVP,31643.0,0
39.0,Self Enquiry,3,8.0,Salaried,Male,2,1.0,Standard,3.0,Unmarried,1.0,0,1,0,0.0,Senior Manager,22880.0,0
34.0,Company Invited,1,23.0,Large Business,Male,2,4.0,Basic,3.0,Married,1.0,1,5,1,1.0,Executive,23500.0,1
50.0,Self Enquiry,1,15.0,Salaried,Male,3,3.0,Basic,3.0,Divorced,5.0,0,5,1,0.0,Executive,17380.0,0
26.0,Self Enquiry,3,26.0,Small Business,Male,3,5.0,Basic,4.0,Divorced,3.0,1,2,0,1.0,Executive,21091.0,1
50.0,Self Enquiry,3,6.0,Small Business,Female,3,3.0,King,3.0,Married,4.0,0,2,1,1.0,VP,34517.0,0
21.0,Self Enquiry,1,16.0,Salaried,Female,2,4.0,Basic,5.0,Single,2.0,0,3,1,0.0,Executive,16416.0,1
20.0,Company Invited,1,12.0,Salaried,Female,3,4.0,Basic,3.0,Single,2.0,1,1,0,0.0,Executive,17926.0,1
41.0,Self Enquiry,3,6.0,Salaried,Female,3,3.0,Deluxe,3.0,Single,1.0,1,2,1,0.0,Manager,20993.0,1
30.0,Self Enquiry,1,15.0,Small Business,Male,4,5.0,Deluxe,3.0,Married,3.0,1,3,1,2.0,Manager,23734.0,0
27.0,Self Enquiry,3,15.0,Large Business,Male,3,5.0,Deluxe,5.0,Unmarried,8.0,0,3,0,1.0,Manager,24004.0,1
29.0,Self Enquiry,1,24.0,Small Business,Male,2,4.0,Basic,3.0,Single,2.0,1,3,0,0.0,Executive,17389.0,1
43.0,Self Enquiry,3,31.0,Small Business,Male,3,4.0,Standard,3.0,Married,6.0,0,4,1,1.0,Senior Manager,25798.0,0
30.0,Self Enquiry,1,14.0,Salaried,Male,3,4.0,Deluxe,3.0,Married,3.0,1,3,0,1.0,Manager,25301.0,0
27.0,Company Invited,2,24.0,Salaried,Female,3,4.0,Basic,3.0,Married,2.0,1,5,0,2.0,Executive,21419.0,1
27.0,Self Enquiry,1,23.0,Small Business,Male,3,4.0,Basic,4.0,Married,4.0,1,1,1,1.0,Executive,21051.0,1
25.0,Self Enquiry,1,16.0,Small Business,Male,4,2.0,Basic,3.0,Married,3.0,0,1,0,1.0,Executive,23079.0,0
38.0,Self Enquiry,3,20.0,Salaried,Male,3,3.0,Deluxe,4.0,Married,1.0,0,5,1,2.0,Manager,24924.0,0
43.0,Company Invited,1,16.0,Salaried,Female,2,3.0,Basic,3.0,Single,1.0,0,5,0,1.0,Executive,17455.0,0
39.0,Self Enquiry,1,12.0,Small Business,Male,3,3.0,Basic,5.0,Married,1.0,1,1,1,1.0,Executive,17404.0,1
58.0,Company Invited,1,6.0,Salaried,Male,2,5.0,Deluxe,3.0,Married,3.0,1,2,1,1.0,Manager,20660.0,0
37.0,Company Invited,1,16.0,Small Business,Male,3,3.0,Standard,3.0,Married,7.0,0,3,0,2.0,Senior Manager,25048.0,1
34.0,Self Enquiry,1,16.0,Small Business,Male,3,4.0,Basic,3.0,Married,2.0,0,1,0,2.0,Executive,21459.0,0
57.0,Self Enquiry,1,14.0,Salaried,Male,3,6.0,Standard,3.0,Unmarried,6.0,0,1,0,1.0,Senior Manager,25938.0,0
38.0,Company Invited,1,8.0,Salaried,Female,3,1.0,Deluxe,5.0,Single,7.0,1,1,0,0.0,Manager,20980.0,0
19.0,Company Invited,3,6.0,Large Business,Female,3,5.0,Basic,5.0,Single,1.0,0,3,1,0.0,Executive,17325.0,1
45.0,Self Enquiry,3,15.0,Small Business,Male,3,3.0,Standard,5.0,Married,5.0,1,2,1,0.0,Senior Manager,25761.0,0
35.0,Self Enquiry,3,16.0,Small Business,Male,3,4.0,Standard,3.0,Married,6.0,0,3,1,2.0,Senior Manager,23168.0,1
47.0,Self Enquiry,3,16.0,Small Business,Male,4,5.0,Standard,3.0,Unmarried,3.0,0,5,0,2.0,Senior Manager,28297.0,1
30.0,Self Enquiry,2,24.0,Salaried,Male,3,5.0,Standard,5.0,Unmarried,3.0,0,3,0,1.0,Senior Manager,26666.0,0
41.0,Self Enquiry,3,17.0,Small Business,Male,4,5.0,Standard,4.0,Married,4.0,0,4,0,1.0,Senior Manager,28383.0,0
35.0,Company Invited,1,14.0,Salaried,Male,4,6.0,Deluxe,3.0,Unmarried,3.0,1,5,1,1.0,Manager,24752.0,1
21.0,Self Enquiry,3,9.0,Small Business,Female,3,5.0,Basic,3.0,Single,3.0,0,4,1,1.0,Executive,20722.0,1
36.0,Company Invited,1,15.0,Salaried,Female,3,4.0,Deluxe,3.0,Married,3.0,0,5,1,2.0,Manager,22826.0,0
37.0,Company Invited,1,25.0,Salaried,Male,4,4.0,Deluxe,3.0,Unmarried,4.0,0,3,1,1.0,Manager,26457.0,0
35.0,Company Invited,3,11.0,Small Business,Female,4,4.0,Deluxe,3.0,Married,2.0,0,1,0,1.0,Manager,25216.0,0
19.0,Company Invited,3,10.0,Small Business,Female,4,4.0,Basic,3.0,Single,3.0,1,5,0,2.0,Executive,20247.0,1
37.0,Self Enquiry,1,22.0,Salaried,Male,3,4.0,Deluxe,3.0,Married,2.0,0,4,0,2.0,Manager,23512.0,1
34.0,Company Invited,3,32.0,Small Business,Female,3,4.0,Deluxe,3.0,Divorced,3.0,0,3,0,2.0,Manager,23217.0,0
36.0,Company Invited,1,18.0,Small Business,Male,4,5.0,Standard,5.0,Married,4.0,1,5,1,3.0,Senior Manager,28562.0,0
33.0,Self Enquiry,1,8.0,Salaried,Female,2,3.0,Basic,5.0,Divorced,1.0,0,3,1,0.0,Executive,17707.0,1
46.0,Company Invited,3,33.0,Salaried,Female,4,4.0,Deluxe,5.0,Married,4.0,0,1,0,3.0,Manager,22964.0,1
42.0,Self Enquiry,3,27.0,Small Business,Female,4,4.0,Basic,4.0,Unmarried,3.0,1,4,0,2.0,Executive,21818.0,1
51.0,Company Invited,3,7.0,Salaried,Male,4,4.0,Deluxe,3.0,Married,2.0,0,3,1,2.0,Manager,25406.0,1
51.0,Self Enquiry,1,24.0,Salaried,Female,3,5.0,Standard,5.0,Married,7.0,0,3,1,1.0,Senior Manager,31947.0,0
28.0,Company Invited,1,9.0,Small Business,Male,3,4.0,Basic,3.0,Single,4.0,0,3,0,2.0,Executive,21258.0,0
30.0,Self Enquiry,3,11.0,Small Business,Female,1,4.0,Deluxe,3.0,Married,2.0,0,2,0,0.0,Manager,21118.0,0
36.0,Self Enquiry,1,21.0,Salaried,Male,3,5.0,Basic,4.0,Married,3.0,1,5,1,2.0,Executive,22421.0,1
32.0,Company Invited,1,6.0,Salaried,Male,3,3.0,Basic,3.0,Married,1.0,0,5,1,0.0,Executive,17314.0,0
52.0,Company Invited,3,13.0,Small Business,Female,3,3.0,Basic,3.0,Married,3.0,1,4,1,2.0,Executive,23446.0,1
45.0,Self Enquiry,2,7.0,Small Business,Male,4,5.0,Standard,5.0,Married,2.0,0,4,1,1.0,Senior Manager,29160.0,1
32.0,Self Enquiry,1,14.0,Small Business,Fe Male,3,4.0,Standard,3.0,Unmarried,3.0,1,4,1,2.0,Senior Manager,25821.0,0
35.0,Self Enquiry,3,17.0,Salaried,Female,3,4.0,Basic,3.0,Divorced,3.0,1,2,0,2.0,Executive,20898.0,0
56.0,Self Enquiry,3,7.0,Salaried,Male,4,4.0,Standard,3.0,Married,5.0,0,1,0,3.0,Senior Manager,28917.0,0
34.0,Self Enquiry,3,8.0,Salaried,Male,2,3.0,Deluxe,3.0,Single,2.0,0,5,0,0.0,Manager,21274.0,0
37.0,Self Enquiry,1,12.0,Salaried,Male,4,4.0,Deluxe,4.0,Unmarried,2.0,0,1,1,2.0,Manager,24592.0,0
46.0,Self Enquiry,1,13.0,Salaried,Male,3,4.0,Standard,5.0,Divorced,6.0,1,3,0,1.0,Senior Manager,31923.0,0
28.0,Self Enquiry,1,24.0,Salaried,Female,3,4.0,Basic,3.0,Single,3.0,1,5,1,1.0,Executive,21072.0,1
41.0,Self Enquiry,1,18.0,Large Business,Female,2,3.0,King,3.0,Divorced,2.0,0,4,1,0.0,VP,34545.0,1
35.0,Company Invited,3,13.0,Small Business,Female,3,6.0,Basic,3.0,Married,2.0,0,4,1,2.0,Executive,21029.0,1
27.0,Company Invited,1,30.0,Salaried,Male,3,4.0,Basic,3.0,Single,2.0,1,3,1,1.0,Executive,17534.0,1
46.0,Self Enquiry,1,7.0,Small Business,Female,4,4.0,Basic,3.0,Married,5.0,0,5,0,2.0,Executive,20948.0,0
39.0,Company Invited,1,6.0,Salaried,Male,2,3.0,King,3.0,Married,2.0,1,3,0,1.0,VP,34197.0,0
48.0,Self Enquiry,1,6.0,Salaried,Male,3,4.0,Standard,3.0,Single,1.0,1,5,0,2.0,Senior Manager,20381.0,1
37.0,Self Enquiry,1,8.0,Free Lancer,Male,3,4.0,Basic,3.0,Single,7.0,1,3,0,0.0,Executive,17090.0,1
27.0,Company Invited,1,7.0,Salaried,Female,3,4.0,Deluxe,4.0,Married,3.0,0,5,1,2.0,Manager,25075.0,0
30.0,Self Enquiry,1,7.0,Large Business,Male,3,4.0,Basic,3.0,Single,2.0,0,1,0,1.0,Executive,20736.0,1
46.0,Company Invited,1,30.0,Salaried,Male,3,4.0,Deluxe,5.0,Divorced,3.0,1,2,1,1.0,Manager,22311.0,0
30.0,Self Enquiry,3,7.0,Small Business,Female,3,5.0,Basic,3.0,Married,8.0,1,2,0,2.0,Executive,21478.0,1
31.0,Self Enquiry,3,22.0,Small Business,Male,4,5.0,Standard,5.0,Married,4.0,0,1,0,3.0,Senior Manager,25818.0,0
32.0,Self Enquiry,1,8.0,Salaried,Male,3,3.0,Basic,4.0,Single,2.0,0,3,1,1.0,Executive,16393.0,1
36.0,Self Enquiry,3,17.0,Small Business,Female,3,4.0,Deluxe,3.0,Married,5.0,0,1,1,1.0,Manager,21652.0,0
51.0,Self Enquiry,1,10.0,Salaried,Male,2,3.0,Basic,3.0,Married,1.0,1,1,0,0.0,Executive,17461.0,1
31.0,Self Enquiry,3,19.0,Large Business,Fe Male,3,4.0,Deluxe,3.0,Unmarried,2.0,0,2,1,1.0,Manager,25255.0,0
42.0,Self Enquiry,1,35.0,Salaried,Female,3,5.0,Super Deluxe,4.0,Married,2.0,0,5,1,2.0,AVP,32248.0,0
39.0,Company Invited,1,9.0,Small Business,Female,4,5.0,Basic,4.0,Married,6.0,0,3,0,1.0,Executive,21146.0,0
38.0,Company Invited,1,17.0,Small Business,Male,4,4.0,Standard,3.0,Married,8.0,0,3,1,3.0,Senior Manager,28726.0,1
33.0,Self Enquiry,3,15.0,Small Business,Female,3,3.0,Deluxe,5.0,Unmarried,1.0,1,3,0,0.0,Manager,23224.0,1
36.0,Self Enquiry,3,7.0,Small Business,Male,4,4.0,Standard,4.0,Divorced,3.0,0,4,1,3.0,Senior Manager,25973.0,0
30.0,Self Enquiry,1,16.0,Salaried,Male,2,5.0,Basic,3.0,Unmarried,2.0,0,1,1,1.0,Executive,22661.0,0
25.0,Company Invited,1,8.0,Salaried,Male,3,1.0,Deluxe,3.0,Married,2.0,0,1,0,1.0,Manager,20206.0,0
30.0,Self Enquiry,1,13.0,Small Business,Female,3,4.0,Basic,3.0,Married,3.0,0,3,0,2.0,Executive,21809.0,0
42.0,Company Invited,1,8.0,Salaried,Male,2,3.0,Super Deluxe,3.0,Divorced,1.0,1,4,0,1.0,AVP,32861.0,0
49.0,Self Enquiry,3,17.0,Small Business,Female,2,3.0,Standard,3.0,Married,2.0,0,4,0,0.0,Senior Manager,22654.0,1
39.0,Self Enquiry,1,36.0,Small Business,Male,4,4.0,Deluxe,5.0,Divorced,2.0,1,3,0,2.0,Manager,25351.0,1
35.0,Company Invited,3,6.0,Small Business,Fe Male,3,3.0,Standard,3.0,Unmarried,2.0,0,5,1,0.0,Senior Manager,23789.0,0
25.0,Self Enquiry,3,25.0,Small Business,Male,2,4.0,Basic,4.0,Divorced,2.0,1,2,0,0.0,Executive,17413.0,1
46.0,Self Enquiry,3,16.0,Salaried,Female,3,3.0,Standard,4.0,Married,6.0,0,1,0,2.0,Senior Manager,22314.0,1
53.0,Self Enquiry,3,12.0,Small Business,Male,2,3.0,Deluxe,3.0,Married,3.0,1,5,0,1.0,Manager,17306.0,0
27.0,Self Enquiry,1,32.0,Salaried,Male,3,6.0,Basic,3.0,Single,3.0,0,1,0,1.0,Executive,20971.0,1
45.0,Self Enquiry,3,19.0,Small Business,Male,2,1.0,Super Deluxe,3.0,Single,7.0,1,3,1,0.0,AVP,33824.0,1
31.0,Company Invited,3,33.0,Small Business,Fe Male,3,5.0,Deluxe,5.0,Unmarried,7.0,0,1,1,2.0,Manager,25374.0,1
38.0,Self Enquiry,3,7.0,Salaried,Male,3,5.0,Standard,3.0,Married,7.0,0,1,1,2.0,Senior Manager,29287.0,1
29.0,Self Enquiry,1,10.0,Small Business,Female,4,4.0,Standard,4.0,Married,2.0,0,4,0,1.0,Senior Manager,26333.0,0
32.0,Self Enquiry,1,7.0,Small Business,Male,3,4.0,Basic,4.0,Single,3.0,0,3,1,1.0,Executive,21179.0,0
35.0,Self Enquiry,3,23.0,Salaried,Male,3,3.0,Deluxe,5.0,Married,4.0,1,3,0,2.0,Manager,23966.0,0
35.0,Self Enquiry,1,24.0,Salaried,Female,3,4.0,Basic,3.0,Unmarried,3.0,1,5,1,1.0,Executive,23216.0,1
36.0,Self Enquiry,1,17.0,Small Business,Fe Male,3,4.0,Deluxe,3.0,Unmarried,5.0,1,1,1,1.0,Manager,24820.0,0
40.0,Self Enquiry,1,13.0,Salaried,Male,3,3.0,Basic,5.0,Single,4.0,1,3,0,1.0,Executive,17166.0,1
56.0,Company Invited,3,9.0,Salaried,Female,3,5.0,Basic,3.0,Single,2.0,0,5,0,1.0,Executive,32255.0,1
35.0,Self Enquiry,3,21.0,Small Business,Male,2,5.0,Deluxe,3.0,Married,7.0,1,1,1,1.0,Manager,20440.0,1
34.0,Company Invited,3,25.0,Small Business,Male,3,1.0,Deluxe,3.0,Single,1.0,1,1,0,0.0,Manager,20304.0,1
29.0,Self Enquiry,1,24.0,Small Business,Male,2,4.0,Basic,3.0,Single,2.0,1,3,0,1.0,Executive,17389.0,1
37.0,Company Invited,1,11.0,Salaried,Female,4,4.0,Deluxe,4.0,Married,2.0,0,3,1,2.0,Manager,23809.0,0
26.0,Self Enquiry,3,10.0,Small Business,Male,2,4.0,Deluxe,3.0,Single,2.0,1,2,1,1.0,Manager,20828.0,1
29.0,Self Enquiry,3,16.0,Small Business,Female,2,4.0,Deluxe,4.0,Married,2.0,1,5,1,0.0,Manager,23268.0,0
26.0,Self Enquiry,1,8.0,Small Business,Male,2,1.0,Deluxe,3.0,Divorced,2.0,0,3,1,1.0,Manager,20472.0,0
45.0,Self Enquiry,1,17.0,Salaried,Male,4,4.0,Basic,3.0,Unmarried,3.0,1,3,1,1.0,Executive,21614.0,1
31.0,Self Enquiry,1,16.0,Small Business,Male,3,5.0,Basic,3.0,Single,3.0,0,4,0,2.0,Executive,20884.0,0
41.0,Self Enquiry,3,29.0,Salaried,Male,3,3.0,Standard,3.0,Unmarried,4.0,1,3,0,2.0,Senior Manager,22082.0,0
35.0,Self Enquiry,1,33.0,Salaried,Male,2,3.0,Deluxe,3.0,Married,3.0,0,5,0,1.0,Manager,21883.0,0
29.0,Self Enquiry,1,9.0,Small Business,Male,3,4.0,Standard,3.0,Divorced,2.0,0,2,1,2.0,Senior Manager,26935.0,0
35.0,Company Invited,1,24.0,Large Business,Male,3,5.0,Basic,3.0,Married,2.0,1,5,1,2.0,Executive,27178.0,1
29.0,Self Enquiry,1,16.0,Salaried,Female,3,4.0,Basic,5.0,Single,7.0,1,5,1,1.0,Executive,17404.0,1
39.0,Self Enquiry,1,8.0,Salaried,Female,3,3.0,Basic,5.0,Married,2.0,1,1,1,0.0,Executive,32123.0,1
32.0,Self Enquiry,3,20.0,Small Business,Male,3,4.0,Deluxe,5.0,Married,4.0,0,1,0,2.0,Manager,22911.0,1
38.0,Self Enquiry,3,10.0,Salaried,Male,3,4.0,Standard,3.0,Unmarried,4.0,0,3,0,2.0,Senior Manager,26106.0,0
23.0,Company Invited,3,7.0,Salaried,Female,2,3.0,Basic,4.0,Single,2.0,1,5,1,1.0,Executive,16223.0,1
38.0,Self Enquiry,1,8.0,Small Business,Male,3,3.0,Basic,3.0,Divorced,7.0,1,4,0,0.0,Executive,18057.0,0
22.0,Company Invited,3,7.0,Large Business,Female,4,5.0,Basic,4.0,Single,3.0,1,5,1,3.0,Executive,20852.0,1
23.0,Company Invited,1,11.0,Large Business,Male,3,5.0,Basic,3.0,Unmarried,7.0,0,5,1,1.0,Executive,22572.0,1
38.0,Self Enquiry,2,13.0,Salaried,Male,4,4.0,Basic,5.0,Married,6.0,1,1,0,3.0,Executive,20751.0,1
25.0,Self Enquiry,3,10.0,Salaried,Female,3,4.0,Deluxe,3.0,Divorced,2.0,0,4,1,1.0,Manager,23677.0,0
56.0,Self Enquiry,1,15.0,Small Business,Male,2,3.0,Super Deluxe,3.0,Married,1.0,0,4,0,0.0,AVP,26103.0,0
53.0,Self Enquiry,3,30.0,Salaried,Male,3,3.0,Standard,5.0,Unmarried,7.0,1,3,1,2.0,Senior Manager,25448.0,1
30.0,Self Enquiry,3,16.0,Small Business,Male,3,4.0,Deluxe,3.0,Divorced,2.0,0,2,1,0.0,Manager,21578.0,0
22.0,Self Enquiry,1,7.0,Large Business,Female,4,5.0,Basic,4.0,Single,3.0,1,5,0,3.0,Executive,20748.0,0
33.0,Company Invited,1,12.0,Large Business,Male,4,4.0,Basic,4.0,Unmarried,4.0,0,3,1,2.0,Executive,21396.0,0
53.0,Company Invited,3,14.0,Small Business,Female,4,4.0,Basic,3.0,Married,4.0,1,4,1,3.0,Executive,27124.0,1
42.0,Company Invited,3,18.0,Salaried,Male,2,3.0,Super Deluxe,5.0,Single,1.0,1,5,1,1.0,AVP,28758.0,1
48.0,Company Invited,3,34.0,Salaried,Fe Male,4,2.0,Deluxe,3.0,Unmarried,6.0,1,4,1,3.0,Manager,25075.0,1
47.0,Company Invited,3,15.0,Salaried,Male,2,5.0,Super Deluxe,3.0,Married,1.0,0,5,1,1.0,AVP,27936.0,1
41.0,Company Invited,1,15.0,Small Business,Male,3,5.0,Standard,4.0,Married,4.0,0,1,1,2.0,Senior Manager,32435.0,0
37.0,Self Enquiry,1,19.0,Salaried,Female,4,4.0,Deluxe,3.0,Married,2.0,1,1,0,3.0,Manager,23341.0,0
41.0,Self Enquiry,3,26.0,Small Business,Female,3,3.0,Basic,4.0,Single,2.0,1,4,0,2.0,Executive,18140.0,1
42.0,Self Enquiry,1,8.0,Salaried,Male,2,3.0,King,3.0,Married,6.0,0,3,1,1.0,VP,33880.0,0
50.0,Self Enquiry,1,7.0,Large Business,Female,3,4.0,Basic,5.0,Married,4.0,0,4,0,1.0,Executive,22258.0,0
41.0,Self Enquiry,1,16.0,Salaried,Male,3,4.0,Basic,5.0,Single,5.0,0,1,1,2.0,Executive,20696.0,1
34.0,Self Enquiry,3,16.0,Salaried,Female,2,3.0,Basic,3.0,Married,2.0,1,1,0,1.0,Executive,17220.0,0
22.0,Self Enquiry,3,19.0,Salaried,Female,3,2.0,Basic,4.0,Unmarried,3.0,0,5,0,2.0,Executive,21394.0,1
37.0,Self Enquiry,1,31.0,Small Business,Female,2,4.0,Deluxe,3.0,Married,1.0,0,3,1,0.0,Manager,20731.0,0
34.0,Self Enquiry,3,15.0,Small Business,Male,3,4.0,Deluxe,3.0,Married,2.0,0,2,1,2.0,Manager,25782.0,0
21.0,Company Invited,3,24.0,Small Business,Female,3,3.0,Deluxe,3.0,Married,1.0,1,5,0,1.0,Manager,17625.0,1
40.0,Self Enquiry,1,13.0,Small Business,Male,4,4.0,Basic,5.0,Married,2.0,1,1,1,2.0,Executive,21082.0,1
33.0,Self Enquiry,3,15.0,Small Business,Female,3,3.0,Deluxe,5.0,Unmarried,1.0,1,3,0,1.0,Manager,23224.0,1
27.0,Self Enquiry,1,32.0,Salaried,Male,3,6.0,Basic,3.0,Single,3.0,0,2,1,2.0,Executive,20971.0,1
43.0,Self Enquiry,1,13.0,Small Business,Male,3,4.0,Standard,5.0,Married,2.0,0,3,1,1.0,Senior Manager,32026.0,0
28.0,Self Enquiry,3,9.0,Small Business,Fe Male,3,2.0,Deluxe,3.0,Unmarried,2.0,0,1,0,2.0,Manager,25178.0,0
30.0,Company Invited,1,17.0,Salaried,Fe Male,3,5.0,Basic,3.0,Unmarried,3.0,0,4,1,1.0,Executive,25301.0,1
29.0,Self Enquiry,1,14.0,Salaried,Male,3,5.0,Basic,5.0,Married,2.0,1,3,0,1.0,Executive,17119.0,1
26.0,Self Enquiry,3,34.0,Small Business,Male,3,3.0,Deluxe,4.0,Divorced,2.0,0,3,1,0.0,Manager,21272.0,0
34.0,Self Enquiry,1,14.0,Small Business,Female,3,3.0,Deluxe,3.0,Single,4.0,0,4,0,1.0,Manager,21142.0,0
28.0,Self Enquiry,1,13.0,Salaried,Male,3,5.0,Basic,3.0,Married,3.0,0,1,1,2.0,Executive,21217.0,0
31.0,Self Enquiry,2,24.0,Salaried,Male,2,1.0,Basic,5.0,Married,1.0,0,1,1,0.0,Executive,17956.0,1
26.0,Self Enquiry,1,22.0,Small Business,Male,2,3.0,Basic,4.0,Married,3.0,1,2,1,1.0,Executive,17373.0,1
29.0,Self Enquiry,3,33.0,Small Business,Female,2,3.0,Standard,3.0,Divorced,2.0,0,3,1,1.0,Senior Manager,22639.0,1
46.0,Self Enquiry,3,8.0,Large Business,Female,3,5.0,Super Deluxe,4.0,Married,4.0,1,5,1,0.0,AVP,31872.0,0
46.0,Self Enquiry,1,36.0,Large Business,Male,3,4.0,Standard,3.0,Divorced,6.0,1,5,1,1.0,Senior Manager,28058.0,0
41.0,Self Enquiry,3,23.0,Small Business,Male,4,4.0,Standard,3.0,Married,4.0,0,5,0,2.0,Senior Manager,22222.0,1
31.0,Company Invited,3,19.0,Salaried,Male,4,5.0,Basic,5.0,Married,3.0,0,5,1,3.0,Executive,20711.0,1
31.0,Company Invited,3,26.0,Salaried,Male,3,1.0,Basic,3.0,Divorced,1.0,0,5,1,1.0,Executive,17791.0,0
29.0,Company Invited,1,20.0,Salaried,Female,2,3.0,Standard,3.0,Unmarried,1.0,1,5,1,0.0,Senior Manager,22553.0,1
59.0,Self Enquiry,1,28.0,Small Business,Female,4,4.0,Deluxe,4.0,Married,6.0,0,3,1,2.0,Manager,28686.0,1
29.0,Self Enquiry,1,9.0,Small Business,Male,3,4.0,Basic,3.0,Unmarried,8.0,0,3,0,1.0,Executive,23060.0,1
33.0,Company Invited,1,23.0,Salaried,Female,4,6.0,Basic,5.0,Unmarried,3.0,1,4,0,1.0,Executive,22597.0,1
44.0,Self Enquiry,3,16.0,Small Business,Fe Male,3,6.0,Deluxe,3.0,Unmarried,2.0,0,2,1,2.0,Manager,24024.0,1
22.0,Self Enquiry,3,14.0,Small Business,Male,3,4.0,Basic,4.0,Unmarried,3.0,0,5,1,2.0,Executive,21357.0,1
35.0,Self Enquiry,1,13.0,Salaried,Female,3,5.0,Deluxe,4.0,Married,8.0,0,3,1,1.0,Manager,23183.0,0
41.0,Self Enquiry,1,9.0,Salaried,Female,3,4.0,Basic,5.0,Married,6.0,0,4,1,2.0,Executive,22055.0,0
37.0,Company Invited,1,10.0,Large Business,Male,3,4.0,Basic,4.0,Divorced,3.0,0,3,1,2.0,Executive,22370.0,0
24.0,Company Invited,1,10.0,Salaried,Male,2,4.0,Basic,3.0,Divorced,1.0,0,3,0,0.0,Executive,18162.0,0
32.0,Company Invited,1,7.0,Salaried,Fe Male,4,2.0,Standard,4.0,Unmarried,3.0,0,3,1,3.0,Senior Manager,26124.0,1
48.0,Self Enquiry,1,6.0,Salaried,Male,3,4.0,Standard,3.0,Single,1.0,1,5,0,0.0,Senior Manager,20381.0,1
34.0,Self Enquiry,2,10.0,Salaried,Male,3,4.0,Basic,4.0,Married,5.0,1,5,0,2.0,Executive,20955.0,0
36.0,Self Enquiry,1,23.0,Small Business,Male,3,2.0,Basic,4.0,Married,2.0,0,4,1,2.0,Executive,21104.0,0
37.0,Self Enquiry,1,23.0,Salaried,Female,3,2.0,Basic,5.0,Unmarried,3.0,0,2,1,1.0,Executive,21421.0,1
22.0,Company Invited,3,7.0,Large Business,Female,3,5.0,Basic,4.0,Single,3.0,1,5,1,2.0,Executive,20852.0,1
21.0,Company Invited,3,16.0,Small Business,Female,3,4.0,Basic,3.0,Single,3.0,1,4,1,1.0,Executive,21001.0,1
59.0,Company Invited,2,8.0,Salaried,Female,2,4.0,King,3.0,Divorced,1.0,0,2,1,1.0,VP,33844.0,0
29.0,Self Enquiry,3,16.0,Small Business,Male,2,3.0,Basic,4.0,Married,2.0,0,1,1,0.0,Executive,17297.0,0
26.0,Self Enquiry,1,30.0,Large Business,Male,3,5.0,Basic,3.0,Single,2.0,1,3,1,2.0,Executive,17340.0,1
56.0,Self Enquiry,1,30.0,Salaried,Male,3,3.0,Basic,3.0,Single,2.0,0,3,0,0.0,Executive,17587.0,1
52.0,Self Enquiry,3,31.0,Small Business,Female,3,5.0,Deluxe,4.0,Unmarried,2.0,1,5,1,2.0,Manager,21516.0,1
21.0,Self Enquiry,1,11.0,Large Business,Male,3,4.0,Basic,5.0,Unmarried,3.0,0,3,1,1.0,Executive,21651.0,1
31.0,Self Enquiry,3,12.0,Salaried,Male,3,5.0,Deluxe,3.0,Married,5.0,1,3,0,2.0,Manager,21172.0,1
20.0,Self Enquiry,3,29.0,Small Business,Male,3,4.0,Basic,3.0,Single,3.0,1,1,1,1.0,Executive,20353.0,1
30.0,Self Enquiry,3,17.0,Small Business,Female,3,5.0,Deluxe,4.0,Married,3.0,1,5,0,2.0,Manager,26946.0,0
41.0,Self Enquiry,3,12.0,Salaried,Fe Male,3,3.0,Standard,3.0,Single,4.0,1,2,0,1.0,Senior Manager,28591.0,0
41.0,Self Enquiry,3,17.0,Small Business,Male,4,5.0,Standard,4.0,Married,4.0,0,4,1,2.0,Senior Manager,28383.0,0
40.0,Self Enquiry,1,7.0,Small Business,Female,4,4.0,Basic,3.0,Married,2.0,0,3,1,1.0,Executive,20910.0,0
48.0,Self Enquiry,1,10.0,Salaried,Male,2,3.0,Standard,3.0,Unmarried,2.0,0,5,1,1.0,Senior Manager,22898.0,0
33.0,Self Enquiry,1,16.0,Small Business,Female,3,4.0,Basic,5.0,Unmarried,2.0,0,4,1,2.0,Executive,22878.0,1
58.0,Self Enquiry,1,11.0,Large Business,Female,2,4.0,Standard,4.0,Married,3.0,1,5,1,1.0,Senior Manager,25552.0,0
38.0,Self Enquiry,1,7.0,Large Business,Fe Male,3,4.0,Standard,3.0,Unmarried,6.0,0,5,1,1.0,Senior Manager,26169.0,0
37.0,Self Enquiry,3,12.0,Small Business,Male,3,3.0,Deluxe,3.0,Married,5.0,0,3,1,0.0,Manager,21502.0,0
36.0,Self Enquiry,1,7.0,Salaried,Female,4,6.0,Basic,3.0,Married,3.0,0,3,0,2.0,Executive,21655.0,0
27.0,Self Enquiry,1,9.0,Small Business,Male,2,4.0,Basic,3.0,Single,1.0,0,1,1,1.0,Executive,17045.0,0
28.0,Self Enquiry,1,13.0,Salaried,Male,3,3.0,Basic,5.0,Unmarried,4.0,1,3,0,2.0,Executive,21674.0,1
35.0,Self Enquiry,3,23.0,Salaried,Male,3,3.0,Deluxe,5.0,Divorced,4.0,1,3,1,1.0,Manager,23966.0,0
27.0,Company Invited,2,28.0,Salaried,Female,2,4.0,Basic,4.0,Married,2.0,0,1,1,0.0,Executive,17863.0,1
60.0,Company Invited,1,21.0,Salaried,Female,3,4.0,Standard,3.0,Single,2.0,1,5,1,1.0,Senior Manager,29190.0,1
50.0,Company Invited,1,8.0,Salaried,Male,3,3.0,Super Deluxe,5.0,Married,2.0,0,5,1,2.0,AVP,32924.0,0
23.0,Self Enquiry,1,18.0,Salaried,Male,3,3.0,Basic,3.0,Single,2.0,0,5,1,0.0,Executive,17647.0,0
21.0,Self Enquiry,1,11.0,Large Business,Male,3,4.0,Basic,5.0,Unmarried,3.0,0,3,1,2.0,Executive,21651.0,1
29.0,Self Enquiry,1,9.0,Small Business,Male,3,6.0,Basic,3.0,Divorced,7.0,1,3,1,1.0,Executive,22142.0,1
37.0,Self Enquiry,1,6.0,Salaried,Female,2,3.0,Basic,3.0,Single,2.0,0,1,1,0.0,Executive,17115.0,0
23.0,Self Enquiry,1,9.0,Large Business,Male,4,4.0,Basic,3.0,Married,2.0,0,5,1,1.0,Executive,21201.0,0
49.0,Company Invited,3,31.0,Salaried,Male,4,6.0,Basic,3.0,Single,3.0,1,1,1,3.0,Executive,21237.0,1
31.0,Self Enquiry,1,10.0,Large Business,Female,3,4.0,Basic,5.0,Unmarried,7.0,1,4,1,2.0,Executive,21335.0,1
35.0,Self Enquiry,3,21.0,Large Business,Female,3,4.0,Basic,3.0,Married,3.0,1,5,1,1.0,Executive,21257.0,0
21.0,Company Invited,3,6.0,Large Business,Female,2,4.0,Basic,4.0,Single,2.0,1,5,1,1.0,Executive,17174.0,1
36.0,Self Enquiry,1,7.0,Large Business,Female,3,5.0,Standard,5.0,Married,3.0,1,1,1,0.0,Senior Manager,25252.0,0
27.0,Company Invited,1,15.0,Small Business,Male,2,3.0,Basic,4.0,Married,7.0,0,3,0,0.0,Executive,17024.0,0
33.0,Company Invited,3,12.0,Salaried,Male,3,4.0,Deluxe,4.0,Divorced,3.0,0,3,1,2.0,Manager,25202.0,0
33.0,Self Enquiry,1,32.0,Salaried,Male,3,4.0,Basic,3.0,Unmarried,3.0,1,5,0,1.0,Executive,21473.0,1
29.0,Self Enquiry,1,14.0,Salaried,Male,3,5.0,Basic,5.0,Divorced,2.0,1,3,1,1.0,Executive,17119.0,1
39.0,Company Invited,1,8.0,Salaried,Male,2,3.0,Super Deluxe,3.0,Married,1.0,0,3,1,0.0,AVP,27169.0,1
35.0,Company Invited,1,24.0,Salaried,Male,3,3.0,Deluxe,3.0,Married,2.0,1,3,1,0.0,Manager,20689.0,0
46.0,Self Enquiry,3,16.0,Small Business,Female,3,4.0,Standard,3.0,Married,3.0,1,1,0,0.0,Senior Manager,24071.0,0
22.0,Self Enquiry,1,17.0,Salaried,Female,3,5.0,Basic,5.0,Single,3.0,0,3,0,2.0,Executive,20094.0,1
58.0,Self Enquiry,1,8.0,Large Business,Male,2,3.0,Basic,3.0,Single,5.0,0,2,1,1.0,Executive,17479.0,1
23.0,Self Enquiry,1,10.0,Small Business,Female,2,3.0,Basic,4.0,Single,2.0,0,3,1,1.0,Executive,18295.0,0
23.0,Company Invited,1,10.0,Salaried,Male,3,5.0,Basic,3.0,Divorced,2.0,1,3,0,1.0,Executive,21531.0,1
31.0,Company Invited,1,11.0,Large Business,Male,3,4.0,Basic,3.0,Single,2.0,1,4,1,1.0,Executive,20963.0,1
39.0,Self Enquiry,1,36.0,Large Business,Male,3,4.0,Deluxe,3.0,Married,5.0,0,1,0,1.0,Manager,24939.0,0
59.0,Self Enquiry,1,9.0,Large Business,Male,3,4.0,Basic,3.0,Single,6.0,0,2,1,2.0,Executive,21157.0,1
58.0,Self Enquiry,1,8.0,Large Business,Female,3,4.0,Standard,3.0,Married,1.0,0,5,0,0.0,Senior Manager,17372.0,1
37.0,Self Enquiry,1,13.0,Small Business,Male,1,3.0,Standard,3.0,Single,5.0,0,1,0,0.0,Senior Manager,28664.0,0
33.0,Self Enquiry,1,31.0,Small Business,Male,2,4.0,Basic,4.0,Single,5.0,1,4,0,0.0,Executive,17313.0,1
23.0,Self Enquiry,1,14.0,Salaried,Male,4,4.0,Basic,4.0,Single,3.0,1,3,1,1.0,Executive,21150.0,1
21.0,Self Enquiry,3,18.0,Salaried,Female,2,1.0,Basic,4.0,Single,2.0,0,5,0,1.0,Executive,17716.0,1
42.0,Self Enquiry,3,27.0,Small Business,Female,4,4.0,Basic,4.0,Unmarried,3.0,1,4,0,3.0,Executive,21818.0,1
22.0,Self Enquiry,1,10.0,Small Business,Male,4,5.0,Basic,3.0,Unmarried,3.0,0,5,1,2.0,Executive,21908.0,0
31.0,Self Enquiry,1,29.0,Salaried,Female,3,4.0,Basic,3.0,Divorced,6.0,1,2,0,2.0,Executive,20810.0,1
31.0,Company Invited,1,26.0,Salaried,Male,3,3.0,Standard,3.0,Divorced,4.0,0,3,1,0.0,Senior Manager,24824.0,1
32.0,Company Invited,1,6.0,Salaried,Female,3,4.0,Basic,4.0,Married,7.0,0,3,0,2.0,Executive,17332.0,0
20.0,Self Enquiry,2,9.0,Large Business,Male,3,5.0,Basic,3.0,Single,3.0,0,3,1,2.0,Executive,21242.0,1
27.0,Company Invited,3,36.0,Small Business,Male,4,6.0,Deluxe,5.0,Unmarried,2.0,0,3,0,1.0,Manager,23647.0,1
31.0,Self Enquiry,1,31.0,Salaried,Male,4,4.0,Basic,3.0,Married,3.0,0,3,1,3.0,Executive,21371.0,0
25.0,Self Enquiry,3,11.0,Small Business,Male,2,4.0,Deluxe,3.0,Single,2.0,1,3,0,1.0,Manager,20744.0,1
28.0,Self Enquiry,1,18.0,Salaried,Female,3,3.0,Basic,3.0,Divorced,2.0,1,4,1,0.0,Executive,17515.0,1
42.0,Self Enquiry,1,15.0,Small Business,Female,4,4.0,Basic,5.0,Married,3.0,1,3,0,3.0,Executive,22781.0,1
30.0,Self Enquiry,1,15.0,Small Business,Male,2,4.0,Basic,3.0,Single,2.0,0,4,0,1.0,Executive,17206.0,0
41.0,Self Enquiry,1,17.0,Salaried,Female,3,2.0,Basic,3.0,Married,5.0,1,3,0,2.0,Executive,20891.0,0
26.0,Self Enquiry,1,11.0,Large Business,Male,3,4.0,Basic,3.0,Divorced,3.0,1,3,1,1.0,Executive,22369.0,1
19.0,Self Enquiry,1,9.0,Small Business,Female,3,3.0,Basic,4.0,Single,2.0,0,3,1,2.0,Executive,16483.0,0
40.0,Self Enquiry,2,10.0,Salaried,Female,3,2.0,Deluxe,4.0,Married,2.0,0,1,0,1.0,Manager,25067.0,0
36.0,Self Enquiry,3,7.0,Small Business,Male,3,4.0,Deluxe,3.0,Divorced,2.0,0,3,1,1.0,Manager,23395.0,0
36.0,Self Enquiry,1,30.0,Salaried,Male,3,5.0,Deluxe,3.0,Married,5.0,1,4,1,1.0,Manager,24594.0,1
21.0,Self Enquiry,3,9.0,Small Business,Female,3,5.0,Basic,3.0,Single,3.0,0,4,0,2.0,Executive,20722.0,1
44.0,Self Enquiry,2,6.0,Small Business,Male,3,4.0,Standard,5.0,Married,1.0,0,4,1,0.0,Senior Manager,25482.0,1
32.0,Self Enquiry,1,29.0,Small Business,Male,4,4.0,Deluxe,3.0,Divorced,3.0,1,5,1,1.0,Manager,24857.0,1
33.0,Self Enquiry,1,7.0,Salaried,Male,4,4.0,Basic,5.0,Unmarried,3.0,0,2,0,3.0,Executive,21634.0,0
42.0,Self Enquiry,1,15.0,Salaried,Male,3,4.0,King,3.0,Single,1.0,0,1,1,1.0,VP,34613.0,0
30.0,Self Enquiry,1,30.0,Salaried,Male,3,4.0,Basic,3.0,Single,2.0,0,3,0,1.0,Executive,20879.0,0
35.0,Self Enquiry,1,22.0,Salaried,Male,3,3.0,Standard,3.0,Married,5.0,1,1,0,0.0,Senior Manager,22632.0,0
34.0,Company Invited,1,15.0,Salaried,Male,3,3.0,Deluxe,5.0,Married,5.0,0,3,0,1.0,Manager,20346.0,1
30.0,Company Invited,1,17.0,Salaried,Female,4,4.0,Basic,4.0,Married,2.0,0,5,1,1.0,Executive,21969.0,0
29.0,Self Enquiry,1,6.0,Large Business,Male,3,4.0,Basic,5.0,Single,7.0,0,3,0,2.0,Executive,17362.0,1
18.0,Self Enquiry,1,9.0,Small Business,Male,2,3.0,Basic,3.0,Single,2.0,0,4,1,0.0,Executive,16420.0,1
22.0,Company Invited,1,17.0,Salaried,Female,3,5.0,Basic,3.0,Unmarried,3.0,0,4,1,1.0,Executive,21303.0,1
33.0,Self Enquiry,1,9.0,Salaried,Male,4,4.0,Basic,4.0,Single,3.0,0,3,1,2.0,Executive,20071.0,1
31.0,Self Enquiry,2,8.0,Salaried,Male,3,4.0,Deluxe,5.0,Divorced,4.0,0,3,0,1.0,Manager,21410.0,0
54.0,Self Enquiry,1,9.0,Large Business,Female,4,5.0,Standard,3.0,Married,2.0,0,5,1,3.0,Senior Manager,28847.0,1
43.0,Company Invited,1,16.0,Salaried,Female,2,4.0,Deluxe,3.0,Married,2.0,0,3,1,0.0,Manager,20257.0,0
44.0,Company Invited,1,16.0,Salaried,Male,3,4.0,Basic,3.0,Single,6.0,0,3,0,2.0,Executive,21116.0,0
35.0,Self Enquiry,3,16.0,Small Business,Male,2,4.0,Standard,5.0,Married,1.0,0,5,1,1.0,Senior Manager,25306.0,1
35.0,Company Invited,1,9.0,Salaried,Male,3,5.0,Deluxe,3.0,Married,3.0,0,4,0,2.0,Manager,28225.0,0
36.0,Self Enquiry,1,9.0,Salaried,Male,3,5.0,Standard,4.0,Married,4.0,0,4,1,1.0,Senior Manager,28952.0,0
20.0,Self Enquiry,3,28.0,Salaried,Male,3,5.0,Basic,4.0,Single,3.0,1,2,0,2.0,Executive,20799.0,1
41.0,Self Enquiry,3,29.0,Small Business,Male,4,5.0,Deluxe,3.0,Divorced,4.0,1,3,1,2.0,Manager,25058.0,1
43.0,Company Invited,1,26.0,Small Business,Male,3,2.0,Basic,3.0,Married,8.0,1,3,0,1.0,Executive,21437.0,1
29.0,Self Enquiry,3,20.0,Small Business,Fe Male,3,4.0,Deluxe,3.0,Unmarried,5.0,1,5,1,2.0,Manager,28532.0,1
41.0,Company Invited,1,11.0,Salaried,Male,3,4.0,Basic,5.0,Married,7.0,0,3,1,0.0,Executive,17107.0,1
42.0,Self Enquiry,1,19.0,Large Business,Female,3,4.0,King,3.0,Divorced,3.0,0,4,1,1.0,VP,38223.0,1
27.0,Self Enquiry,3,17.0,Small Business,Female,3,1.0,Basic,3.0,Divorced,1.0,0,3,1,1.0,Executive,17534.0,0
29.0,Self Enquiry,2,19.0,Salaried,Male,2,4.0,Basic,5.0,Married,5.0,1,5,1,1.0,Executive,17335.0,1
30.0,Self Enquiry,1,15.0,Small Business,Male,4,5.0,Deluxe,3.0,Divorced,3.0,1,3,0,1.0,Manager,23734.0,0
23.0,Company Invited,1,23.0,Small Business,Male,4,2.0,Basic,3.0,Married,3.0,1,3,0,3.0,Executive,21613.0,0
35.0,Self Enquiry,3,7.0,Small Business,Male,3,4.0,Standard,3.0,Unmarried,3.0,0,5,1,1.0,Senior Manager,28566.0,0
31.0,Self Enquiry,2,28.0,Salaried,Male,2,5.0,Basic,3.0,Married,2.0,0,1,0,1.0,Executive,24852.0,1
20.0,Self Enquiry,3,12.0,Salaried,Male,4,4.0,Standard,4.0,Unmarried,2.0,1,4,1,1.0,Senior Manager,21672.0,1
30.0,Self Enquiry,2,20.0,Salaried,Male,3,5.0,Basic,5.0,Married,6.0,1,5,1,2.0,Executive,21013.0,1
24.0,Self Enquiry,3,14.0,Salaried,Male,3,4.0,Basic,3.0,Married,3.0,1,1,1,1.0,Executive,20953.0,1
46.0,Company Invited,1,11.0,Salaried,Male,3,4.0,Deluxe,4.0,Married,3.0,0,4,1,1.0,Manager,23125.0,0
35.0,Company Invited,2,30.0,Salaried,Female,3,4.0,Standard,5.0,Married,2.0,1,3,1,1.0,Senior Manager,28628.0,1
43.0,Self Enquiry,1,9.0,Small Business,Female,3,5.0,Basic,5.0,Married,2.0,1,4,1,1.0,Executive,21271.0,0
18.0,Self Enquiry,1,9.0,Salaried,Male,2,3.0,Basic,3.0,Single,2.0,0,4,0,0.0,Executive,16420.0,1
36.0,Company Invited,1,32.0,Salaried,Female,4,4.0,Basic,4.0,Married,3.0,1,3,0,1.0,Executive,20700.0,1
40.0,Self Enquiry,3,15.0,Small Business,Male,2,3.0,Deluxe,5.0,Married,1.0,0,3,1,1.0,Manager,20473.0,0
25.0,Self Enquiry,3,34.0,Salaried,Male,2,4.0,Deluxe,3.0,Married,3.0,0,4,1,1.0,Manager,23639.0,0
19.0,Self Enquiry,3,28.0,Small Business,Male,2,3.0,Basic,3.0,Single,2.0,1,2,0,1.0,Executive,16675.0,1
27.0,Self Enquiry,1,7.0,Small Business,Male,3,5.0,Basic,5.0,Married,3.0,0,3,1,2.0,Executive,22633.0,0
26.0,Self Enquiry,1,30.0,Large Business,Male,3,5.0,Basic,3.0,Single,2.0,1,3,0,1.0,Executive,17340.0,1
37.0,Self Enquiry,1,16.0,Small Business,Male,4,5.0,Basic,3.0,Married,2.0,1,1,1,3.0,Executive,22066.0,1
44.0,Self Enquiry,1,29.0,Small Business,Male,3,3.0,Basic,5.0,Single,1.0,0,3,0,2.0,Executive,33213.0,1
35.0,Company Invited,1,23.0,Large Business,Male,3,6.0,Basic,5.0,Married,3.0,1,3,1,1.0,Executive,20985.0,1
37.0,Self Enquiry,3,8.0,Small Business,Male,3,3.0,Deluxe,3.0,Married,5.0,1,3,0,2.0,Manager,24602.0,0
48.0,Self Enquiry,3,35.0,Small Business,Female,3,3.0,Standard,3.0,Divorced,4.0,0,4,0,0.0,Senior Manager,27504.0,0
45.0,Self Enquiry,1,12.0,Salaried,Male,2,3.0,Standard,5.0,Divorced,5.0,1,3,0,0.0,Senior Manager,28245.0,0
30.0,Self Enquiry,3,12.0,Small Business,Male,3,5.0,Deluxe,4.0,Married,3.0,1,5,0,1.0,Manager,22865.0,0
28.0,Self Enquiry,1,15.0,Small Business,Female,3,3.0,Basic,3.0,Married,6.0,0,3,1,1.0,Executive,17377.0,0
21.0,Self Enquiry,3,13.0,Small Business,Male,2,3.0,Basic,4.0,Single,2.0,0,5,1,1.0,Executive,17679.0,1
39.0,Self Enquiry,3,9.0,Small Business,Female,2,3.0,Deluxe,3.0,Divorced,5.0,1,4,1,1.0,Manager,20238.0,1
32.0,Self Enquiry,3,14.0,Large Business,Female,3,4.0,Deluxe,4.0,Divorced,2.0,1,2,1,0.0,Manager,20228.0,0
37.0,Self Enquiry,2,12.0,Salaried,Male,3,3.0,Basic,5.0,Married,5.0,1,1,0,2.0,Executive,17073.0,1
29.0,Self Enquiry,1,12.0,Large Business,Male,3,4.0,Basic,3.0,Unmarried,3.0,1,1,0,1.0,Executive,22119.0,1
32.0,Self Enquiry,1,16.0,Small Business,Male,1,3.0,Standard,3.0,Unmarried,3.0,0,1,0,0.0,Senior Manager,26244.0,0
41.0,Self Enquiry,3,26.0,Small Business,Female,3,3.0,Basic,4.0,Single,2.0,1,4,0,1.0,Executive,18140.0,1
42.0,Company Invited,1,7.0,Salaried,Female,3,1.0,Standard,4.0,Single,2.0,0,3,1,0.0,Senior Manager,17372.0,1
38.0,Self Enquiry,3,9.0,Small Business,Male,4,4.0,Deluxe,3.0,Divorced,6.0,1,3,0,2.0,Manager,28280.0,0
49.0,Self Enquiry,1,22.0,Small Business,Female,3,3.0,Basic,5.0,Married,5.0,1,1,1,1.0,Executive,17587.0,0
41.0,Self Enquiry,3,14.0,Small Business,Male,3,4.0,Basic,4.0,Unmarried,3.0,0,5,0,1.0,Executive,23339.0,1
59.0,Company Invited,3,9.0,Small Business,Male,3,4.0,Super Deluxe,4.0,Married,6.0,0,4,1,1.0,AVP,21383.0,0
37.0,Self Enquiry,1,7.0,Salaried,Female,3,4.0,Deluxe,4.0,Divorced,2.0,0,5,0,1.0,Manager,23906.0,0
41.0,Self Enquiry,2,16.0,Salaried,Male,3,4.0,King,3.0,Married,4.0,0,2,1,0.0,VP,34141.0,0
27.0,Company Invited,3,14.0,Salaried,Male,2,3.0,Standard,3.0,Unmarried,2.0,0,1,1,0.0,Senior Manager,23726.0,0
28.0,Company Invited,3,7.0,Small Business,Male,4,4.0,Deluxe,4.0,Divorced,2.0,1,2,0,3.0,Manager,25027.0,0
51.0,Company Invited,1,14.0,Salaried,Male,2,5.0,Standard,3.0,Unmarried,3.0,0,1,1,0.0,Senior Manager,25650.0,1
28.0,Company Invited,3,27.0,Salaried,Female,3,4.0,Deluxe,3.0,Single,3.0,0,1,1,2.0,Manager,28659.0,0
36.0,Self Enquiry,1,18.0,Small Business,Fe Male,2,4.0,Standard,3.0,Unmarried,1.0,0,2,1,0.0,Senior Manager,23858.0,0
28.0,Self Enquiry,1,6.0,Salaried,Female,3,5.0,Basic,4.0,Single,1.0,1,2,1,0.0,Executive,17216.0,1
30.0,Company Invited,3,18.0,Salaried,Male,3,4.0,Basic,5.0,Divorced,2.0,0,5,1,0.0,Executive,17033.0,1
50.0,Company Invited,3,14.0,Large Business,Male,2,3.0,Deluxe,3.0,Married,4.0,1,5,0,0.0,Manager,21796.0,1
24.0,Company Invited,3,8.0,Salaried,Female,3,4.0,Basic,4.0,Single,3.0,1,5,1,2.0,Executive,19901.0,1
33.0,Company Invited,3,22.0,Salaried,Female,2,3.0,Deluxe,3.0,Married,2.0,1,1,0,0.0,Manager,20368.0,0
37.0,Company Invited,1,18.0,Salaried,Male,4,5.0,Deluxe,4.0,Unmarried,3.0,0,4,1,2.0,Manager,25177.0,0
18.0,Company Invited,1,14.0,Small Business,Male,3,3.0,Basic,3.0,Single,2.0,0,5,1,0.0,Executive,16904.0,1
26.0,Self Enquiry,1,9.0,Salaried,Male,3,4.0,Basic,3.0,Married,8.0,1,5,0,1.0,Executive,22655.0,0
24.0,Self Enquiry,1,23.0,Salaried,Female,3,3.0,Basic,4.0,Married,2.0,0,1,1,2.0,Executive,17210.0,1
20.0,Company Invited,1,12.0,Salaried,Female,3,4.0,Basic,3.0,Single,2.0,1,2,1,1.0,Executive,17926.0,1
37.0,Self Enquiry,2,20.0,Salaried,Male,3,5.0,Basic,5.0,Married,6.0,1,5,1,2.0,Executive,23317.0,1
52.0,Company Invited,1,15.0,Salaried,Male,3,6.0,Standard,3.0,Single,4.0,0,1,1,1.0,Senior Manager,29328.0,1
28.0,Company Invited,1,31.0,Salaried,Male,4,5.0,Basic,3.0,Single,3.0,1,3,1,2.0,Executive,21212.0,1
35.0,Company Invited,3,30.0,Small Business,Male,4,4.0,Deluxe,3.0,Unmarried,2.0,0,5,1,2.0,Manager,23246.0,0
32.0,Self Enquiry,1,31.0,Salaried,Male,2,3.0,Basic,3.0,Single,2.0,1,5,1,0.0,Executive,17795.0,1
23.0,Self Enquiry,1,15.0,Small Business,Male,2,3.0,Basic,5.0,Divorced,2.0,0,3,0,1.0,Executive,17500.0,0
30.0,Self Enquiry,1,32.0,Large Business,Female,4,5.0,Basic,4.0,Married,7.0,0,3,1,3.0,Executive,21224.0,1
36.0,Self Enquiry,3,11.0,Large Business,Male,3,4.0,Standard,5.0,Unmarried,2.0,1,4,1,2.0,Senior Manager,28260.0,1
45.0,Self Enquiry,1,9.0,Salaried,Female,4,2.0,Standard,3.0,Married,3.0,1,4,1,1.0,Senior Manager,26557.0,0
59.0,Self Enquiry,1,9.0,Large Business,Female,4,5.0,Standard,3.0,Married,2.0,0,5,0,1.0,Senior Manager,21050.0,1
28.0,Company Invited,1,30.0,Large Business,Male,3,4.0,Standard,5.0,Unmarried,2.0,0,1,1,1.0,Senior Manager,23722.0,1
21.0,Company Invited,1,16.0,Salaried,Female,2,4.0,Basic,3.0,Single,2.0,0,4,1,0.0,Executive,17625.0,1
54.0,Company Invited,1,17.0,Small Business,Female,2,3.0,Super Deluxe,3.0,Married,4.0,0,3,1,0.0,AVP,31032.0,0
28.0,Company Invited,3,6.0,Large Business,Male,3,3.0,Basic,3.0,Divorced,4.0,0,3,1,0.0,Executive,17909.0,1
29.0,Company Invited,1,31.0,Large Business,Male,4,5.0,Standard,5.0,Unmarried,3.0,0,1,1,2.0,Senior Manager,27400.0,1
37.0,Self Enquiry,3,9.0,Salaried,Male,4,4.0,Basic,3.0,Unmarried,5.0,1,3,0,1.0,Executive,21322.0,0
32.0,Self Enquiry,3,25.0,Salaried,Male,3,5.0,Standard,3.0,Married,4.0,0,3,1,2.0,Senior Manager,24610.0,0
31.0,Company Invited,3,10.0,Small Business,Female,4,4.0,Basic,3.0,Unmarried,3.0,1,5,1,2.0,Executive,23305.0,1
39.0,Company Invited,1,30.0,Salaried,Male,3,5.0,Standard,3.0,Unmarried,2.0,0,3,1,1.0,Senior Manager,28204.0,0
37.0,Self Enquiry,1,12.0,Small Business,Male,2,1.0,Deluxe,5.0,Married,5.0,1,3,1,1.0,Manager,20974.0,0
27.0,Company Invited,1,10.0,Large Business,Male,4,4.0,Basic,5.0,Unmarried,2.0,0,3,0,3.0,Executive,21780.0,1
35.0,Self Enquiry,1,22.0,Small Business,Male,2,1.0,Basic,4.0,Married,1.0,0,4,1,1.0,Executive,17426.0,0
20.0,Company Invited,1,17.0,Small Business,Female,4,5.0,Basic,4.0,Single,3.0,1,5,1,2.0,Executive,20537.0,1
58.0,Self Enquiry,1,7.0,Small Business,Male,3,4.0,Deluxe,3.0,Married,4.0,0,3,0,2.0,Manager,25433.0,0
37.0,Self Enquiry,1,9.0,Small Business,Male,4,4.0,Basic,3.0,Single,6.0,0,5,1,2.0,Executive,21197.0,0
19.0,Self Enquiry,3,27.0,Salaried,Male,2,4.0,Basic,4.0,Single,2.0,1,1,1,1.0,Executive,17121.0,1
57.0,Self Enquiry,1,21.0,Salaried,Female,4,4.0,Basic,4.0,Married,2.0,1,5,1,1.0,Executive,23641.0,1
35.0,Self Enquiry,1,29.0,Small Business,Male,3,5.0,Basic,3.0,Married,1.0,0,1,1,0.0,Executive,17705.0,0
36.0,Self Enquiry,3,19.0,Small Business,Male,3,4.0,Deluxe,5.0,Married,6.0,1,1,1,0.0,Manager,21134.0,1
29.0,Self Enquiry,3,6.0,Small Business,Female,2,4.0,Basic,3.0,Married,7.0,1,2,0,1.0,Executive,17800.0,1
36.0,Self Enquiry,1,9.0,Salaried,Female,4,4.0,Basic,5.0,Married,3.0,1,1,1,2.0,Executive,20752.0,1
56.0,Company Invited,1,6.0,Salaried,Male,2,3.0,Deluxe,3.0,Married,2.0,0,3,0,0.0,Manager,21306.0,0
25.0,Self Enquiry,1,9.0,Salaried,Male,2,3.0,Basic,5.0,Married,5.0,0,5,1,0.0,Executive,16118.0,1
32.0,Self Enquiry,3,10.0,Small Business,Male,2,5.0,Standard,3.0,Divorced,2.0,0,2,1,1.0,Senior Manager,25400.0,1
24.0,Company Invited,1,13.0,Salaried,Female,2,3.0,Basic,3.0,Married,2.0,1,4,0,0.0,Executive,17886.0,1
49.0,Self Enquiry,3,36.0,Small Business,Female,4,4.0,Standard,3.0,Married,5.0,0,4,0,2.0,Senior Manager,31182.0,0
39.0,Self Enquiry,3,9.0,Small Business,Female,2,3.0,Deluxe,3.0,Married,5.0,1,4,1,1.0,Manager,20238.0,1
38.0,Self Enquiry,1,31.0,Salaried,Female,2,4.0,Standard,4.0,Divorced,4.0,0,3,1,0.0,Senior Manager,27061.0,0
47.0,Company Invited,1,35.0,Salaried,Male,2,3.0,Standard,4.0,Married,2.0,1,3,1,0.0,Senior Manager,26849.0,1
24.0,Self Enquiry,1,13.0,Salaried,Male,4,2.0,Basic,5.0,Married,3.0,1,3,0,1.0,Executive,20279.0,1
28.0,Self Enquiry,1,9.0,Salaried,Female,3,4.0,Basic,5.0,Married,3.0,0,3,1,2.0,Executive,21019.0,0
45.0,Self Enquiry,2,7.0,Salaried,Female,3,4.0,Basic,3.0,Married,6.0,1,3,1,1.0,Executive,21873.0,0
41.0,Self Enquiry,1,15.0,Small Business,Male,4,5.0,Basic,3.0,Unmarried,3.0,1,4,1,3.0,Executive,27772.0,1
29.0,Company Invited,3,20.0,Large Business,Female,3,4.0,Deluxe,4.0,Unmarried,7.0,0,3,1,1.0,Manager,22545.0,1
45.0,Self Enquiry,1,10.0,Salaried,Male,3,4.0,Basic,5.0,Divorced,6.0,0,5,1,2.0,Executive,21040.0,1
31.0,Self Enquiry,1,7.0,Salaried,Male,3,5.0,Deluxe,3.0,Divorced,3.0,1,2,1,2.0,Manager,23804.0,0
40.0,Company Invited,1,22.0,Small Business,Male,2,4.0,Deluxe,3.0,Single,7.0,0,5,0,0.0,Manager,20094.0,0
37.0,Self Enquiry,3,24.0,Small Business,Male,3,5.0,Deluxe,4.0,Married,4.0,0,4,1,1.0,Manager,24185.0,0
50.0,Self Enquiry,1,14.0,Salaried,Male,3,5.0,Standard,3.0,Single,2.0,0,1,1,1.0,Senior Manager,29643.0,0
32.0,Self Enquiry,3,8.0,Small Business,Male,2,4.0,Deluxe,4.0,Unmarried,1.0,1,1,1,0.0,Manager,24907.0,1
20.0,Self Enquiry,3,8.0,Small Business,Female,2,4.0,Basic,3.0,Single,2.0,0,4,0,1.0,Executive,17044.0,1
27.0,Self Enquiry,3,7.0,Salaried,Male,3,4.0,Deluxe,3.0,Married,3.0,0,5,0,2.0,Manager,23974.0,0
47.0,Self Enquiry,3,10.0,Large Business,Female,3,2.0,Super Deluxe,5.0,Married,4.0,0,3,1,1.0,AVP,31903.0,0
42.0,Self Enquiry,1,9.0,Salaried,Female,3,1.0,Deluxe,3.0,Divorced,3.0,1,5,0,0.0,Manager,20231.0,0
23.0,Self Enquiry,1,12.0,Salaried,Male,3,1.0,Basic,5.0,Divorced,2.0,1,3,1,2.0,Executive,16601.0,1
28.0,Company Invited,1,6.0,Small Business,Male,2,4.0,Basic,4.0,Married,2.0,0,4,0,0.0,Executive,17596.0,1
32.0,Company Invited,1,9.0,Salaried,Male,4,4.0,Basic,3.0,Divorced,8.0,1,3,1,2.0,Executive,22400.0,1
40.0,Self Enquiry,3,28.0,Small Business,Male,3,4.0,Deluxe,3.0,Divorced,3.0,1,3,1,1.0,Manager,21380.0,1
59.0,Self Enquiry,3,6.0,Large Business,Male,3,3.0,Standard,3.0,Divorced,4.0,1,2,0,1.0,Senior Manager,26904.0,0
43.0,Company Invited,1,15.0,Small Business,Male,3,3.0,Deluxe,3.0,Married,4.0,1,3,1,2.0,Manager,20679.0,0
37.0,Self Enquiry,3,16.0,Salaried,Male,3,5.0,Basic,5.0,Unmarried,2.0,0,1,0,1.0,Executive,22085.0,1
30.0,Company Invited,3,9.0,Salaried,Male,4,4.0,Deluxe,3.0,Married,3.0,0,1,1,2.0,Manager,23327.0,0
42.0,Company Invited,1,25.0,Small Business,Male,2,1.0,Basic,3.0,Married,7.0,1,3,0,0.0,Executive,17759.0,1
31.0,Company Invited,3,33.0,Small Business,Fe Male,3,5.0,Deluxe,5.0,Unmarried,7.0,0,2,0,2.0,Manager,25374.0,1
57.0,Self Enquiry,1,14.0,Large Business,Male,4,4.0,Basic,3.0,Married,2.0,0,4,1,3.0,Executive,21017.0,1
38.0,Self Enquiry,1,35.0,Small Business,Male,3,3.0,Deluxe,5.0,Married,1.0,1,3,1,2.0,Manager,21673.0,1
33.0,Self Enquiry,1,12.0,Salaried,Female,4,5.0,Deluxe,4.0,Married,5.0,0,3,1,1.0,Manager,24556.0,0
26.0,Self Enquiry,2,26.0,Small Business,Female,3,3.0,Basic,4.0,Married,1.0,1,3,0,1.0,Executive,17148.0,1
29.0,Self Enquiry,1,9.0,Salaried,Male,4,4.0,Basic,3.0,Unmarried,4.0,0,4,1,2.0,Executive,22163.0,1
18.0,Company Invited,3,9.0,Small Business,Female,3,3.0,Basic,3.0,Single,2.0,1,5,0,1.0,Executive,16569.0,1
22.0,Company Invited,1,32.0,Salaried,Female,2,4.0,Basic,3.0,Married,2.0,1,3,0,0.0,Executive,17814.0,0
31.0,Self Enquiry,1,25.0,Salaried,Female,4,4.0,Basic,3.0,Unmarried,3.0,0,2,1,1.0,Executive,21310.0,0
51.0,Self Enquiry,3,30.0,Small Business,Female,2,4.0,Deluxe,4.0,Single,1.0,1,5,1,1.0,Manager,17838.0,1
20.0,Company Invited,3,7.0,Large Business,Female,4,6.0,Basic,5.0,Single,2.0,0,3,1,1.0,Executive,21003.0,1
45.0,Self Enquiry,3,15.0,Small Business,Male,3,3.0,Standard,5.0,Married,5.0,1,1,0,0.0,Senior Manager,25761.0,0
38.0,Self Enquiry,1,17.0,Small Business,Female,4,4.0,Basic,5.0,Married,8.0,0,1,1,3.0,Executive,22130.0,0
46.0,Self Enquiry,1,6.0,Small Business,Male,3,3.0,Standard,5.0,Married,1.0,0,1,0,2.0,Senior Manager,24396.0,0
54.0,Self Enquiry,2,25.0,Small Business,Male,2,3.0,Standard,4.0,Divorced,3.0,0,3,1,0.0,Senior Manager,25725.0,0
29.0,Self Enquiry,1,34.0,Salaried,Female,3,3.0,Basic,3.0,Married,5.0,0,5,1,0.0,Executive,17514.0,0
59.0,Company Invited,1,9.0,Salaried,Male,3,5.0,Basic,3.0,Married,2.0,1,2,0,1.0,Executive,21058.0,1
36.0,Self Enquiry,3,17.0,Small Business,Male,3,5.0,Standard,5.0,Married,2.0,0,5,1,2.0,Senior Manager,28984.0,1
29.0,Self Enquiry,1,6.0,Large Business,Male,2,3.0,Basic,3.0,Single,1.0,0,1,0,0.0,Executive,17058.0,1
59.0,Company Invited,1,20.0,Salaried,Fe Male,2,3.0,Standard,3.0,Unmarried,1.0,1,5,1,0.0,Senior Manager,25512.0,1
48.0,Self Enquiry,3,22.0,Salaried,Female,3,3.0,Deluxe,3.0,Married,1.0,0,4,1,0.0,Manager,21439.0,0
35.0,Self Enquiry,1,29.0,Salaried,Male,2,4.0,Deluxe,3.0,Divorced,4.0,1,4,1,1.0,Manager,20916.0,1
31.0,Company Invited,3,6.0,Salaried,Female,2,3.0,Basic,4.0,Single,2.0,1,5,1,1.0,Executive,17302.0,1
37.0,Self Enquiry,1,9.0,Salaried,Male,2,3.0,Standard,3.0,Divorced,2.0,0,2,1,0.0,Senior Manager,24434.0,0
26.0,Self Enquiry,1,13.0,Small Business,Female,2,4.0,Standard,5.0,Married,1.0,1,4,1,1.0,Senior Manager,17875.0,1
35.0,Self Enquiry,1,7.0,Salaried,Male,3,5.0,Basic,3.0,Married,3.0,1,1,1,2.0,Executive,22300.0,0
43.0,Company Invited,1,26.0,Small Business,Male,3,3.0,Basic,3.0,Married,8.0,1,3,1,2.0,Executive,21437.0,1
41.0,Company Invited,3,10.0,Small Business,Male,2,3.0,Deluxe,4.0,Unmarried,2.0,0,3,1,0.0,Manager,24355.0,1
31.0,Self Enquiry,3,19.0,Small Business,Male,3,4.0,Deluxe,5.0,Married,6.0,1,1,1,0.0,Manager,17302.0,1
32.0,Self Enquiry,2,25.0,Salaried,Male,3,2.0,Basic,5.0,Married,2.0,0,1,1,1.0,Executive,21634.0,1
36.0,Self Enquiry,2,33.0,Salaried,Fe Male,3,4.0,Standard,3.0,Unmarried,3.0,1,1,1,1.0,Senior Manager,27515.0,0
27.0,Self Enquiry,1,14.0,Small Business,Female,3,5.0,Standard,5.0,Married,2.0,1,4,1,2.0,Senior Manager,21553.0,1
32.0,Self Enquiry,1,16.0,Salaried,Male,3,5.0,Basic,4.0,Unmarried,2.0,1,3,1,1.0,Executive,21335.0,0
30.0,Self Enquiry,1,25.0,Small Business,Male,3,5.0,Basic,3.0,Single,3.0,1,3,0,1.0,Executive,21067.0,1
29.0,Self Enquiry,1,31.0,Large Business,Female,3,4.0,Basic,4.0,Married,6.0,0,3,1,2.0,Executive,17546.0,1
45.0,Company Invited,3,15.0,Salaried,Female,3,4.0,Deluxe,3.0,Divorced,2.0,0,3,0,0.0,Manager,20593.0,0
39.0,Self Enquiry,1,32.0,Salaried,Female,3,5.0,Standard,4.0,Divorced,5.0,0,3,1,1.0,Senior Manager,30739.0,0
39.0,Self Enquiry,3,11.0,Large Business,Male,2,3.0,Deluxe,3.0,Married,4.0,0,1,0,0.0,Manager,17086.0,1
31.0,Self Enquiry,1,9.0,Salaried,Male,4,4.0,Basic,4.0,Single,3.0,0,3,0,1.0,Executive,30594.0,1
42.0,Self Enquiry,3,20.0,Small Business,Female,3,4.0,Deluxe,3.0,Single,1.0,0,3,0,0.0,Manager,21244.0,0
22.0,Self Enquiry,3,19.0,Salaried,Female,3,3.0,Basic,4.0,Unmarried,3.0,0,5,0,2.0,Executive,21394.0,1
35.0,Self Enquiry,1,13.0,Small Business,Male,3,4.0,Basic,5.0,Unmarried,4.0,0,2,1,2.0,Executive,21638.0,1
26.0,Self Enquiry,2,9.0,Salaried,Female,3,4.0,Basic,4.0,Married,6.0,0,4,0,1.0,Executive,20865.0,0
34.0,Self Enquiry,3,17.0,Small Business,Male,3,4.0,Deluxe,3.0,Unmarried,3.0,0,1,0,1.0,Manager,24165.0,0
21.0,Company Invited,3,16.0,Small Business,Female,3,4.0,Basic,3.0,Single,3.0,1,4,0,1.0,Executive,21001.0,1
25.0,Company Invited,3,30.0,Salaried,Male,3,5.0,Basic,3.0,Single,2.0,1,1,1,1.0,Executive,16118.0,1
44.0,Company Invited,1,14.0,Small Business,Male,3,2.0,Basic,3.0,Married,6.0,0,4,1,1.0,Executive,20767.0,0
19.0,Self Enquiry,1,10.0,Salaried,Male,3,4.0,Basic,3.0,Single,3.0,0,4,0,1.0,Executive,20098.0,1
32.0,Self Enquiry,3,20.0,Small Business,Male,3,4.0,Deluxe,5.0,Married,4.0,0,2,0,1.0,Manager,22911.0,1
56.0,Self Enquiry,3,20.0,Small Business,Male,3,2.0,Super Deluxe,3.0,Single,8.0,1,3,1,2.0,AVP,32373.0,1
37.0,Self Enquiry,3,17.0,Small Business,Male,3,5.0,Standard,5.0,Married,2.0,0,5,0,1.0,Senior Manager,25772.0,1
31.0,Self Enquiry,1,17.0,Small Business,Fe Male,4,4.0,Standard,3.0,Unmarried,2.0,0,4,0,1.0,Senior Manager,28345.0,0
25.0,Company Invited,1,14.0,Salaried,Female,3,4.0,Basic,3.0,Married,3.0,1,4,0,1.0,Executive,21564.0,1
23.0,Company Invited,1,10.0,Salaried,Male,3,5.0,Basic,3.0,Married,2.0,1,3,0,2.0,Executive,21531.0,1
32.0,Company Invited,1,10.0,Salaried,Female,3,4.0,Basic,3.0,Unmarried,3.0,0,4,1,2.0,Executive,22762.0,1
26.0,Self Enquiry,3,14.0,Large Business,Male,2,4.0,Deluxe,5.0,Single,7.0,0,3,0,0.0,Manager,20326.0,1
28.0,Self Enquiry,1,24.0,Large Business,Male,3,4.0,Basic,4.0,Married,2.0,1,4,0,1.0,Executive,21736.0,0
22.0,Self Enquiry,1,25.0,Salaried,Female,4,4.0,Basic,3.0,Unmarried,3.0,0,3,1,2.0,Executive,21371.0,1
44.0,Company Invited,1,6.0,Small Business,Male,2,3.0,Basic,4.0,Married,2.0,1,3,1,1.0,Executive,17342.0,1
46.0,Self Enquiry,1,27.0,Small Business,Female,3,3.0,Deluxe,4.0,Married,5.0,0,3,1,2.0,Manager,23926.0,1
38.0,Self Enquiry,1,7.0,Salaried,Female,3,4.0,Basic,3.0,Single,3.0,0,1,1,1.0,Executive,20793.0,0
43.0,Self Enquiry,1,7.0,Salaried,Female,3,5.0,Deluxe,3.0,Married,2.0,1,3,0,1.0,Manager,24740.0,0
38.0,Company Invited,1,15.0,Salaried,Male,3,3.0,Deluxe,5.0,Married,5.0,0,3,0,2.0,Manager,21893.0,1
48.0,Self Enquiry,1,21.0,Small Business,Female,3,3.0,Standard,3.0,Married,2.0,0,3,0,0.0,Senior Manager,33265.0,1
43.0,Company Invited,3,32.0,Salaried,Male,3,3.0,Super Deluxe,3.0,Married,2.0,1,1,1,0.0,AVP,31959.0,0
32.0,Self Enquiry,3,14.0,Large Business,Male,4,2.0,Deluxe,3.0,Married,6.0,0,1,1,2.0,Manager,25607.0,0
38.0,Self Enquiry,1,10.0,Salaried,Male,3,4.0,Standard,3.0,Married,3.0,0,1,1,1.0,Senior Manager,28112.0,0
40.0,Self Enquiry,1,13.0,Small Business,Male,4,4.0,Basic,5.0,Divorced,2.0,1,2,1,2.0,Executive,21082.0,1
34.0,Self Enquiry,1,13.0,Small Business,Male,2,3.0,Basic,3.0,Single,2.0,0,1,0,1.0,Executive,17972.0,0
44.0,Self Enquiry,1,15.0,Salaried,Male,3,3.0,Basic,5.0,Married,2.0,1,3,1,0.0,Executive,17559.0,0
31.0,Self Enquiry,1,7.0,Salaried,Male,3,6.0,Basic,3.0,Divorced,5.0,0,4,1,1.0,Executive,22511.0,0
35.0,Self Enquiry,1,34.0,Small Business,Female,4,4.0,Basic,4.0,Single,4.0,0,3,0,1.0,Executive,20989.0,0
36.0,Company Invited,1,7.0,Small Business,Male,4,4.0,Basic,5.0,Divorced,6.0,0,2,0,2.0,Executive,20872.0,0
58.0,Company Invited,1,8.0,Salaried,Male,2,4.0,Basic,3.0,Married,1.0,1,2,0,0.0,Executive,17380.0,1
38.0,Self Enquiry,1,35.0,Small Business,Male,3,3.0,Deluxe,5.0,Divorced,1.0,1,3,0,1.0,Manager,21673.0,1
43.0,Self Enquiry,1,25.0,Salaried,Male,3,4.0,Deluxe,5.0,Married,8.0,1,1,0,1.0,Manager,24088.0,0
26.0,Self Enquiry,1,12.0,Salaried,Female,3,3.0,Basic,3.0,Divorced,2.0,1,2,0,0.0,Executive,17659.0,0
28.0,Company Invited,1,10.0,Small Business,Male,4,5.0,Basic,3.0,Married,3.0,1,2,0,3.0,Executive,21244.0,0
31.0,Self Enquiry,3,12.0,Small Business,Male,3,1.0,Deluxe,3.0,Married,5.0,0,5,1,1.0,Manager,20460.0,0
32.0,Company Invited,1,10.0,Small Business,Male,4,4.0,Standard,3.0,Married,2.0,0,4,1,3.0,Senior Manager,32353.0,0
37.0,Self Enquiry,1,8.0,Large Business,Female,4,6.0,Standard,5.0,Married,4.0,1,1,1,1.0,Senior Manager,28930.0,0
36.0,Self Enquiry,1,22.0,Salaried,Female,2,1.0,Basic,5.0,Single,2.0,0,2,1,0.0,Executive,17743.0,1
25.0,Self Enquiry,3,34.0,Salaried,Male,2,4.0,Deluxe,3.0,Divorced,3.0,0,4,0,0.0,Manager,23639.0,0
26.0,Company Invited,1,9.0,Large Business,Male,3,3.0,Basic,5.0,Single,1.0,0,3,0,1.0,Executive,18102.0,1
28.0,Self Enquiry,3,9.0,Small Business,Male,3,4.0,Basic,5.0,Married,2.0,0,5,1,2.0,Executive,21719.0,1
54.0,Self Enquiry,1,31.0,Small Business,Male,3,2.0,Standard,3.0,Married,5.0,0,3,0,2.0,Senior Manager,25683.0,0
24.0,Self Enquiry,1,23.0,Salaried,Female,3,3.0,Basic,4.0,Divorced,2.0,0,2,0,1.0,Executive,17210.0,1
36.0,Company Invited,1,24.0,Salaried,Male,3,3.0,Deluxe,3.0,Unmarried,3.0,0,3,1,0.0,Manager,22779.0,0
32.0,Self Enquiry,3,27.0,Salaried,Female,4,6.0,Deluxe,3.0,Married,5.0,1,3,0,3.0,Manager,23237.0,1
41.0,Self Enquiry,1,9.0,Small Business,Female,4,5.0,Deluxe,3.0,Married,8.0,0,5,1,2.0,Manager,22126.0,0
33.0,Self Enquiry,3,7.0,Salaried,Male,3,6.0,Deluxe,4.0,Unmarried,8.0,0,3,0,2.0,Manager,25413.0,1
47.0,Company Invited,1,22.0,Small Business,Male,3,1.0,Deluxe,3.0,Married,2.0,1,1,1,0.0,Manager,20067.0,0
48.0,Company Invited,3,16.0,Salaried,Male,3,6.0,Super Deluxe,3.0,Married,2.0,0,5,1,2.0,AVP,31614.0,1
50.0,Company Invited,3,6.0,Salaried,Female,3,3.0,Deluxe,3.0,Divorced,1.0,0,2,1,1.0,Manager,21347.0,0
48.0,Company Invited,1,28.0,Small Business,Female,2,3.0,Super Deluxe,3.0,Married,4.0,0,5,0,0.0,AVP,32174.0,0
33.0,Self Enquiry,1,14.0,Salaried,Male,4,4.0,Deluxe,3.0,Divorced,3.0,0,3,1,2.0,Manager,23561.0,1
39.0,Self Enquiry,1,7.0,Salaried,Fe Male,3,2.0,Deluxe,3.0,Unmarried,2.0,0,1,0,1.0,Manager,26303.0,0
29.0,Self Enquiry,1,14.0,Salaried,Male,4,4.0,Basic,5.0,Unmarried,5.0,1,3,0,3.0,Executive,25352.0,1
34.0,Self Enquiry,3,12.0,Small Business,Female,3,4.0,Basic,3.0,Unmarried,3.0,1,1,0,2.0,Executive,21529.0,1
34.0,Self Enquiry,1,9.0,Salaried,Female,3,4.0,Basic,5.0,Divorced,2.0,0,3,1,1.0,Executive,21385.0,1
27.0,Self Enquiry,1,31.0,Large Business,Male,4,6.0,Basic,3.0,Single,3.0,1,3,0,2.0,Executive,21018.0,1
30.0,Self Enquiry,3,17.0,Small Business,Female,3,5.0,Deluxe,4.0,Married,3.0,1,5,1,1.0,Manager,26946.0,0
33.0,Self Enquiry,1,7.0,Salaried,Male,4,4.0,Deluxe,4.0,Divorced,3.0,0,3,0,1.0,Manager,24898.0,0
26.0,Self Enquiry,1,27.0,Small Business,Male,2,3.0,Basic,3.0,Married,2.0,0,5,1,0.0,Executive,17377.0,1
26.0,Self Enquiry,1,10.0,Salaried,Male,2,3.0,Basic,3.0,Single,2.0,1,1,0,0.0,Executive,17875.0,0
59.0,Self Enquiry,1,30.0,Small Business,Female,4,4.0,Standard,3.0,Divorced,3.0,0,3,1,1.0,Senior Manager,28990.0,1
29.0,Self Enquiry,1,13.0,Small Business,Female,3,4.0,Basic,3.0,Married,7.0,0,5,1,0.0,Executive,17532.0,0
32.0,Company Invited,1,22.0,Small Business,Male,4,4.0,Basic,3.0,Married,3.0,0,4,1,1.0,Executive,21288.0,1
33.0,Self Enquiry,1,32.0,Salaried,Male,3,4.0,Basic,3.0,Unmarried,3.0,1,5,1,1.0,Executive,21473.0,1
31.0,Company Invited,1,21.0,Small Business,Male,3,3.0,Basic,3.0,Married,2.0,0,4,1,0.0,Executive,17610.0,1
34.0,Self Enquiry,1,22.0,Small Business,Female,4,4.0,Deluxe,3.0,Married,2.0,1,1,1,2.0,Manager,23556.0,0
57.0,Self Enquiry,1,30.0,Salaried,Male,2,1.0,Standard,3.0,Married,4.0,1,4,1,0.0,Senior Manager,24439.0,0
35.0,Self Enquiry,1,10.0,Salaried,Male,3,3.0,Basic,3.0,Married,2.0,0,4,1,1.0,Executive,16951.0,0
20.0,Self Enquiry,1,17.0,Small Business,Female,3,4.0,Basic,5.0,Single,2.0,1,3,1,2.0,Executive,17600.0,1
27.0,Self Enquiry,3,35.0,Small Business,Male,4,4.0,Deluxe,4.0,Married,3.0,0,3,0,1.0,Manager,24950.0,0
43.0,Self Enquiry,3,10.0,Small Business,Fe Male,2,4.0,Standard,3.0,Unmarried,4.0,0,3,1,0.0,Senior Manager,25231.0,0
30.0,Self Enquiry,3,16.0,Small Business,Female,3,6.0,Basic,4.0,Unmarried,3.0,0,1,1,2.0,Executive,21438.0,1
37.0,Company Invited,1,25.0,Salaried,Male,3,3.0,Basic,3.0,Divorced,6.0,0,5,0,1.0,Executive,22366.0,0
35.0,Self Enquiry,3,31.0,Small Business,Female,3,5.0,Deluxe,4.0,Unmarried,2.0,1,5,1,1.0,Manager,23277.0,1
37.0,Self Enquiry,3,10.0,Salaried,Male,3,5.0,Standard,3.0,Married,3.0,1,1,1,1.0,Senior Manager,29003.0,1
38.0,Self Enquiry,2,13.0,Salaried,Male,4,4.0,Basic,5.0,Married,6.0,1,2,1,1.0,Executive,20751.0,1
27.0,Self Enquiry,1,31.0,Large Business,Male,4,6.0,Basic,3.0,Single,3.0,1,3,1,3.0,Executive,21018.0,1
27.0,Self Enquiry,1,23.0,Salaried,Female,2,3.0,Basic,3.0,Single,2.0,1,5,1,0.0,Executive,17394.0,1
40.0,Company Invited,1,9.0,Salaried,Female,3,5.0,Basic,5.0,Unmarried,4.0,1,3,0,1.0,Executive,22324.0,1
35.0,Self Enquiry,3,7.0,Small Business,Male,4,2.0,Deluxe,3.0,Married,2.0,0,5,0,2.0,Manager,28403.0,0
28.0,Self Enquiry,1,14.0,Salaried,Female,2,4.0,Basic,4.0,Single,2.0,0,4,0,1.0,Executive,17154.0,1
58.0,Self Enquiry,1,27.0,Small Business,Female,3,3.0,Deluxe,4.0,Married,5.0,0,3,1,1.0,Manager,25008.0,1
26.0,Company Invited,1,6.0,Salaried,Female,2,3.0,Deluxe,4.0,Married,2.0,0,5,0,1.0,Manager,21397.0,0
30.0,Self Enquiry,1,9.0,Large Business,Female,2,3.0,Basic,5.0,Single,6.0,1,4,0,0.0,Executive,17657.0,1
41.0,Self Enquiry,1,9.0,Salaried,Male,3,5.0,Basic,3.0,Unmarried,4.0,0,5,0,2.0,Executive,21487.0,0
40.0,Self Enquiry,3,14.0,Salaried,Male,4,4.0,Basic,3.0,Married,3.0,1,1,1,3.0,Executive,23212.0,1
39.0,Self Enquiry,3,11.0,Large Business,Male,2,3.0,Deluxe,3.0,Divorced,4.0,0,2,0,1.0,Manager,17086.0,1
47.0,Company Invited,1,6.0,Small Business,Female,3,3.0,Standard,4.0,Married,1.0,0,5,0,0.0,Senior Manager,26957.0,0
44.0,Self Enquiry,1,14.0,Salaried,Male,3,1.0,Basic,3.0,Divorced,3.0,1,3,1,2.0,Executive,17818.0,0
31.0,Self Enquiry,1,15.0,Salaried,Female,4,2.0,Standard,5.0,Married,2.0,1,1,0,3.0,Senior Manager,30094.0,0
50.0,Self Enquiry,1,8.0,Small Business,Male,3,3.0,King,3.0,Married,3.0,1,1,1,2.0,VP,34237.0,0
27.0,Self Enquiry,2,27.0,Small Business,Female,4,4.0,Basic,4.0,Married,2.0,1,3,0,2.0,Executive,20826.0,1
30.0,Company Invited,3,27.0,Large Business,Female,3,4.0,Basic,3.0,Divorced,3.0,0,3,0,2.0,Executive,20835.0,0
42.0,Company Invited,3,11.0,Small Business,Male,3,4.0,Deluxe,4.0,Unmarried,3.0,0,3,1,1.0,Manager,28033.0,1
31.0,Self Enquiry,1,9.0,Small Business,Fe Male,3,5.0,Deluxe,3.0,Unmarried,7.0,1,2,1,2.0,Manager,25555.0,0
32.0,Self Enquiry,3,27.0,Salaried,Female,4,6.0,Deluxe,3.0,Divorced,5.0,1,3,1,1.0,Manager,23237.0,1
29.0,Self Enquiry,1,7.0,Salaried,Male,3,4.0,Basic,3.0,Married,3.0,0,1,0,1.0,Executive,20722.0,0
37.0,Self Enquiry,1,16.0,Small Business,Male,4,5.0,Basic,3.0,Divorced,2.0,1,2,0,2.0,Executive,22066.0,1
31.0,Self Enquiry,3,19.0,Large Business,Fe Male,3,4.0,Deluxe,3.0,Unmarried,2.0,0,1,1,2.0,Manager,25255.0,0
39.0,Company Invited,3,27.0,Salaried,Female,2,5.0,Deluxe,3.0,Married,7.0,0,5,0,0.0,Manager,20736.0,0
20.0,Self Enquiry,1,32.0,Salaried,Female,3,2.0,Basic,3.0,Unmarried,3.0,1,5,1,1.0,Executive,21672.0,0
30.0,Self Enquiry,1,16.0,Small Business,Female,3,4.0,Basic,3.0,Married,2.0,0,5,1,2.0,Executive,21652.0,0
34.0,Company Invited,1,13.0,Salaried,Male,3,5.0,Deluxe,3.0,Single,2.0,1,5,1,0.0,Manager,21074.0,1
45.0,Self Enquiry,3,8.0,Salaried,Male,3,6.0,Deluxe,4.0,Single,8.0,0,3,0,2.0,Manager,21040.0,1
26.0,Self Enquiry,1,27.0,Small Business,Male,2,3.0,Basic,3.0,Married,2.0,0,5,1,1.0,Executive,17377.0,1
